timestamp,frame_index,episode_index,index,task_index
0.0,0,0,0,0
0.033333335,1,0,1,0
0.06666667,2,0,2,0
0.1,3,0,3,0
0.13333334,4,0,4,0
0.16666667,5,0,5,0
0.2,6,0,6,0
0.23333333,7,0,7,0
0.26666668,8,0,8,0
0.3,9,0,9,0
0.33333334,10,0,10,0
0.36666667,11,0,11,0
0.4,12,0,12,0
0.43333334,13,0,13,0
0.46666667,14,0,14,0
0.5,15,0,15,0
0.53333336,16,0,16,0
0.56666666,17,0,17,0
0.6,18,0,18,0
0.6333333,19,0,19,0
0.6666667,20,0,20,0
0.7,21,0,21,0
0.73333335,22,0,22,0
0.76666665,23,0,23,0
0.8,24,0,24,0
0.8333333,25,0,25,0
0.8666667,26,0,26,0
0.9,27,0,27,0
0.93333334,28,0,28,0
0.96666664,29,0,29,0
1.0,30,0,30,0
1.0333333,31,0,31,0
1.0666667,32,0,32,0
1.1,33,0,33,0
1.1333333,34,0,34,0
1.1666666,35,0,35,0
1.2,36,0,36,0
1.2333333,37,0,37,0
1.2666667,38,0,38,0
1.3,39,0,39,0
1.3333334,40,0,40,0
1.3666667,41,0,41,0
1.4,42,0,42,0
1.4333333,43,0,43,0
1.4666667,44,0,44,0
1.5,45,0,45,0
1.5333333,46,0,46,0
1.5666667,47,0,47,0
1.6,48,0,48,0
1.6333333,49,0,49,0
1.6666666,50,0,50,0
1.7,51,0,51,0
1.7333333,52,0,52,0
1.7666667,53,0,53,0
1.8,54,0,54,0
1.8333334,55,0,55,0
1.8666667,56,0,56,0
1.9,57,0,57,0
1.9333333,58,0,58,0
1.9666667,59,0,59,0
2.0,60,0,60,0
2.0333333,61,0,61,0
2.0666666,62,0,62,0
2.1,63,0,63,0
2.1333334,64,0,64,0
2.1666667,65,0,65,0
2.2,66,0,66,0
2.2333333,67,0,67,0
2.2666667,68,0,68,0
2.3,69,0,69,0
2.3333333,70,0,70,0
2.3666666,71,0,71,0
2.4,72,0,72,0
2.4333334,73,0,73,0
2.4666667,74,0,74,0
2.5,75,0,75,0
2.5333333,76,0,76,0
2.5666666,77,0,77,0
2.6,78,0,78,0
2.6333334,79,0,79,0
2.6666667,80,0,80,0
2.7,81,0,81,0
2.7333333,82,0,82,0
2.7666667,83,0,83,0
2.8,84,0,84,0
2.8333333,85,0,85,0
2.8666666,86,0,86,0
2.9,87,0,87,0
2.9333334,88,0,88,0
2.9666667,89,0,89,0
3.0,90,0,90,0
3.0333333,91,0,91,0
3.0666666,92,0,92,0
3.1,93,0,93,0
3.1333334,94,0,94,0
3.1666667,95,0,95,0
3.2,96,0,96,0
3.2333333,97,0,97,0
3.2666667,98,0,98,0
3.3,99,0,99,0
3.3333333,100,0,100,0
3.3666666,101,0,101,0
3.4,102,0,102,0
3.4333334,103,0,103,0
3.4666667,104,0,104,0
3.5,105,0,105,0
3.5333333,106,0,106,0
3.5666666,107,0,107,0
3.6,108,0,108,0
3.6333334,109,0,109,0
3.6666667,110,0,110,0
3.7,111,0,111,0
3.7333333,112,0,112,0
3.7666667,113,0,113,0
3.8,114,0,114,0
3.8333333,115,0,115,0
3.8666666,116,0,116,0
3.9,117,0,117,0
3.9333334,118,0,118,0
3.9666667,119,0,119,0
4.0,120,0,120,0
4.0333333,121,0,121,0
4.0666666,122,0,122,0
4.1,123,0,123,0
4.133333,124,0,124,0
4.1666665,125,0,125,0
4.2,126,0,126,0
4.233333,127,0,127,0
4.266667,128,0,128,0
4.3,129,0,129,0
4.3333335,130,0,130,0
4.366667,131,0,131,0
4.4,132,0,132,0
4.4333334,133,0,133,0
4.4666667,134,0,134,0
4.5,135,0,135,0
4.5333333,136,0,136,0
4.5666666,137,0,137,0
4.6,138,0,138,0
4.633333,139,0,139,0
4.6666665,140,0,140,0
4.7,141,0,141,0
4.733333,142,0,142,0
4.766667,143,0,143,0
4.8,144,0,144,0
4.8333335,145,0,145,0
4.866667,146,0,146,0
4.9,147,0,147,0
4.9333334,148,0,148,0
4.9666667,149,0,149,0
5.0,150,0,150,0
5.0333333,151,0,151,0
5.0666666,152,0,152,0
5.1,153,0,153,0
5.133333,154,0,154,0
5.1666665,155,0,155,0
5.2,156,0,156,0
5.233333,157,0,157,0
5.266667,158,0,158,0
5.3,159,0,159,0
5.3333335,160,0,160,0
5.366667,161,0,161,0
5.4,162,0,162,0
5.4333334,163,0,163,0
5.4666667,164,0,164,0
5.5,165,0,165,0
5.5333333,166,0,166,0
5.5666666,167,0,167,0
5.6,168,0,168,0
5.633333,169,0,169,0
5.6666665,170,0,170,0
5.7,171,0,171,0
5.733333,172,0,172,0
5.766667,173,0,173,0
5.8,174,0,174,0
5.8333335,175,0,175,0
5.866667,176,0,176,0
5.9,177,0,177,0
5.9333334,178,0,178,0
5.9666667,179,0,179,0
6.0,180,0,180,0
6.0333333,181,0,181,0
6.0666666,182,0,182,0
6.1,183,0,183,0
6.133333,184,0,184,0
6.1666665,185,0,185,0
6.2,186,0,186,0
6.233333,187,0,187,0
6.266667,188,0,188,0
6.3,189,0,189,0
6.3333335,190,0,190,0
6.366667,191,0,191,0
6.4,192,0,192,0
6.4333334,193,0,193,0
6.4666667,194,0,194,0
6.5,195,0,195,0
6.5333333,196,0,196,0
6.5666666,197,0,197,0
6.6,198,0,198,0
6.633333,199,0,199,0
6.6666665,200,0,200,0
6.7,201,0,201,0
6.733333,202,0,202,0
6.766667,203,0,203,0
6.8,204,0,204,0
6.8333335,205,0,205,0
6.866667,206,0,206,0
6.9,207,0,207,0
6.9333334,208,0,208,0
6.9666667,209,0,209,0
7.0,210,0,210,0
7.0333333,211,0,211,0
7.0666666,212,0,212,0
7.1,213,0,213,0
7.133333,214,0,214,0
7.1666665,215,0,215,0
7.2,216,0,216,0
7.233333,217,0,217,0
7.266667,218,0,218,0
7.3,219,0,219,0
7.3333335,220,0,220,0
7.366667,221,0,221,0
7.4,222,0,222,0
7.4333334,223,0,223,0
7.4666667,224,0,224,0
7.5,225,0,225,0
7.5333333,226,0,226,0
7.5666666,227,0,227,0
7.6,228,0,228,0
7.633333,229,0,229,0
7.6666665,230,0,230,0
7.7,231,0,231,0
7.733333,232,0,232,0
7.766667,233,0,233,0
7.8,234,0,234,0
7.8333335,235,0,235,0
7.866667,236,0,236,0
7.9,237,0,237,0
7.9333334,238,0,238,0
7.9666667,239,0,239,0
8.0,240,0,240,0
8.033334,241,0,241,0
8.066667,242,0,242,0
8.1,243,0,243,0
8.133333,244,0,244,0
8.166667,245,0,245,0
8.2,246,0,246,0
8.233334,247,0,247,0
8.266666,248,0,248,0
8.3,249,0,249,0
8.333333,250,0,250,0
8.366667,251,0,251,0
8.4,252,0,252,0
8.433333,253,0,253,0
8.466666,254,0,254,0
8.5,255,0,255,0
8.533334,256,0,256,0
8.566667,257,0,257,0
8.6,258,0,258,0
8.633333,259,0,259,0
8.666667,260,0,260,0
8.7,261,0,261,0
8.733334,262,0,262,0
8.766666,263,0,263,0
8.8,264,0,264,0
8.833333,265,0,265,0
8.866667,266,0,266,0
8.9,267,0,267,0
8.933333,268,0,268,0
8.966666,269,0,269,0
9.0,270,0,270,0
9.033334,271,0,271,0
9.066667,272,0,272,0
9.1,273,0,273,0
9.133333,274,0,274,0
9.166667,275,0,275,0
9.2,276,0,276,0
9.233334,277,0,277,0
9.266666,278,0,278,0
9.3,279,0,279,0
9.333333,280,0,280,0
9.366667,281,0,281,0
9.4,282,0,282,0
9.433333,283,0,283,0
9.466666,284,0,284,0
9.5,285,0,285,0
9.533334,286,0,286,0
9.566667,287,0,287,0
9.6,288,0,288,0
9.633333,289,0,289,0
9.666667,290,0,290,0
9.7,291,0,291,0
9.733334,292,0,292,0
9.766666,293,0,293,0
9.8,294,0,294,0
9.833333,295,0,295,0
9.866667,296,0,296,0
9.9,297,0,297,0
9.933333,298,0,298,0
9.966666,299,0,299,0
10.0,300,0,300,0
10.033334,301,0,301,0
10.066667,302,0,302,0
10.1,303,0,303,0
10.133333,304,0,304,0
10.166667,305,0,305,0
10.2,306,0,306,0
10.233334,307,0,307,0
10.266666,308,0,308,0
10.3,309,0,309,0
10.333333,310,0,310,0
10.366667,311,0,311,0
10.4,312,0,312,0
10.433333,313,0,313,0
10.466666,314,0,314,0
10.5,315,0,315,0
10.533334,316,0,316,0
10.566667,317,0,317,0
10.6,318,0,318,0
10.633333,319,0,319,0
10.666667,320,0,320,0
10.7,321,0,321,0
10.733334,322,0,322,0
10.766666,323,0,323,0
10.8,324,0,324,0
10.833333,325,0,325,0
10.866667,326,0,326,0
10.9,327,0,327,0
10.933333,328,0,328,0
10.966666,329,0,329,0
11.0,330,0,330,0
11.033334,331,0,331,0
11.066667,332,0,332,0
11.1,333,0,333,0
11.133333,334,0,334,0
11.166667,335,0,335,0
11.2,336,0,336,0
11.233334,337,0,337,0
11.266666,338,0,338,0
11.3,339,0,339,0
11.333333,340,0,340,0
11.366667,341,0,341,0
11.4,342,0,342,0
11.433333,343,0,343,0
11.466666,344,0,344,0
11.5,345,0,345,0
11.533334,346,0,346,0
11.566667,347,0,347,0
11.6,348,0,348,0
11.633333,349,0,349,0
11.666667,350,0,350,0
11.7,351,0,351,0
11.733334,352,0,352,0
11.766666,353,0,353,0
11.8,354,0,354,0
11.833333,355,0,355,0
11.866667,356,0,356,0
11.9,357,0,357,0
11.933333,358,0,358,0
11.966666,359,0,359,0
12.0,360,0,360,0
12.033334,361,0,361,0
12.066667,362,0,362,0
12.1,363,0,363,0
12.133333,364,0,364,0
12.166667,365,0,365,0
12.2,366,0,366,0
12.233334,367,0,367,0
12.266666,368,0,368,0
12.3,369,0,369,0
12.333333,370,0,370,0
12.366667,371,0,371,0
12.4,372,0,372,0
12.433333,373,0,373,0
12.466666,374,0,374,0
12.5,375,0,375,0
12.533334,376,0,376,0
12.566667,377,0,377,0
12.6,378,0,378,0
12.633333,379,0,379,0
0.0,0,1,380,0
0.033333335,1,1,381,0
0.06666667,2,1,382,0
0.1,3,1,383,0
0.13333334,4,1,384,0
0.16666667,5,1,385,0
0.2,6,1,386,0
0.23333333,7,1,387,0
0.26666668,8,1,388,0
0.3,9,1,389,0
0.33333334,10,1,390,0
0.36666667,11,1,391,0
0.4,12,1,392,0
0.43333334,13,1,393,0
0.46666667,14,1,394,0
0.5,15,1,395,0
0.53333336,16,1,396,0
0.56666666,17,1,397,0
0.6,18,1,398,0
0.6333333,19,1,399,0
0.6666667,20,1,400,0
0.7,21,1,401,0
0.73333335,22,1,402,0
0.76666665,23,1,403,0
0.8,24,1,404,0
0.8333333,25,1,405,0
0.8666667,26,1,406,0
0.9,27,1,407,0
0.93333334,28,1,408,0
0.96666664,29,1,409,0
1.0,30,1,410,0
1.0333333,31,1,411,0
1.0666667,32,1,412,0
1.1,33,1,413,0
1.1333333,34,1,414,0
1.1666666,35,1,415,0
1.2,36,1,416,0
1.2333333,37,1,417,0
1.2666667,38,1,418,0
1.3,39,1,419,0
1.3333334,40,1,420,0
1.3666667,41,1,421,0
1.4,42,1,422,0
1.4333333,43,1,423,0
1.4666667,44,1,424,0
1.5,45,1,425,0
1.5333333,46,1,426,0
1.5666667,47,1,427,0
1.6,48,1,428,0
1.6333333,49,1,429,0
1.6666666,50,1,430,0
1.7,51,1,431,0
1.7333333,52,1,432,0
1.7666667,53,1,433,0
1.8,54,1,434,0
1.8333334,55,1,435,0
1.8666667,56,1,436,0
1.9,57,1,437,0
1.9333333,58,1,438,0
1.9666667,59,1,439,0
2.0,60,1,440,0
2.0333333,61,1,441,0
2.0666666,62,1,442,0
2.1,63,1,443,0
2.1333334,64,1,444,0
2.1666667,65,1,445,0
2.2,66,1,446,0
2.2333333,67,1,447,0
2.2666667,68,1,448,0
2.3,69,1,449,0
2.3333333,70,1,450,0
2.3666666,71,1,451,0
2.4,72,1,452,0
2.4333334,73,1,453,0
2.4666667,74,1,454,0
2.5,75,1,455,0
2.5333333,76,1,456,0
2.5666666,77,1,457,0
2.6,78,1,458,0
2.6333334,79,1,459,0
2.6666667,80,1,460,0
2.7,81,1,461,0
2.7333333,82,1,462,0
2.7666667,83,1,463,0
2.8,84,1,464,0
2.8333333,85,1,465,0
2.8666666,86,1,466,0
2.9,87,1,467,0
2.9333334,88,1,468,0
2.9666667,89,1,469,0
3.0,90,1,470,0
3.0333333,91,1,471,0
3.0666666,92,1,472,0
3.1,93,1,473,0
3.1333334,94,1,474,0
3.1666667,95,1,475,0
3.2,96,1,476,0
3.2333333,97,1,477,0
3.2666667,98,1,478,0
3.3,99,1,479,0
3.3333333,100,1,480,0
3.3666666,101,1,481,0
3.4,102,1,482,0
3.4333334,103,1,483,0
3.4666667,104,1,484,0
3.5,105,1,485,0
3.5333333,106,1,486,0
3.5666666,107,1,487,0
3.6,108,1,488,0
3.6333334,109,1,489,0
3.6666667,110,1,490,0
3.7,111,1,491,0
3.7333333,112,1,492,0
3.7666667,113,1,493,0
3.8,114,1,494,0
3.8333333,115,1,495,0
3.8666666,116,1,496,0
3.9,117,1,497,0
3.9333334,118,1,498,0
3.9666667,119,1,499,0
4.0,120,1,500,0
4.0333333,121,1,501,0
4.0666666,122,1,502,0
4.1,123,1,503,0
4.133333,124,1,504,0
4.1666665,125,1,505,0
4.2,126,1,506,0
4.233333,127,1,507,0
4.266667,128,1,508,0
4.3,129,1,509,0
4.3333335,130,1,510,0
4.366667,131,1,511,0
4.4,132,1,512,0
4.4333334,133,1,513,0
4.4666667,134,1,514,0
4.5,135,1,515,0
4.5333333,136,1,516,0
4.5666666,137,1,517,0
4.6,138,1,518,0
4.633333,139,1,519,0
4.6666665,140,1,520,0
4.7,141,1,521,0
4.733333,142,1,522,0
4.766667,143,1,523,0
4.8,144,1,524,0
4.8333335,145,1,525,0
4.866667,146,1,526,0
4.9,147,1,527,0
4.9333334,148,1,528,0
4.9666667,149,1,529,0
5.0,150,1,530,0
5.0333333,151,1,531,0
5.0666666,152,1,532,0
5.1,153,1,533,0
5.133333,154,1,534,0
5.1666665,155,1,535,0
5.2,156,1,536,0
5.233333,157,1,537,0
5.266667,158,1,538,0
5.3,159,1,539,0
5.3333335,160,1,540,0
5.366667,161,1,541,0
5.4,162,1,542,0
5.4333334,163,1,543,0
5.4666667,164,1,544,0
5.5,165,1,545,0
5.5333333,166,1,546,0
5.5666666,167,1,547,0
5.6,168,1,548,0
5.633333,169,1,549,0
5.6666665,170,1,550,0
5.7,171,1,551,0
5.733333,172,1,552,0
5.766667,173,1,553,0
5.8,174,1,554,0
5.8333335,175,1,555,0
5.866667,176,1,556,0
5.9,177,1,557,0
5.9333334,178,1,558,0
5.9666667,179,1,559,0
6.0,180,1,560,0
6.0333333,181,1,561,0
6.0666666,182,1,562,0
6.1,183,1,563,0
6.133333,184,1,564,0
6.1666665,185,1,565,0
6.2,186,1,566,0
6.233333,187,1,567,0
6.266667,188,1,568,0
6.3,189,1,569,0
6.3333335,190,1,570,0
6.366667,191,1,571,0
6.4,192,1,572,0
6.4333334,193,1,573,0
6.4666667,194,1,574,0
6.5,195,1,575,0
6.5333333,196,1,576,0
6.5666666,197,1,577,0
6.6,198,1,578,0
6.633333,199,1,579,0
6.6666665,200,1,580,0
6.7,201,1,581,0
6.733333,202,1,582,0
6.766667,203,1,583,0
6.8,204,1,584,0
6.8333335,205,1,585,0
6.866667,206,1,586,0
6.9,207,1,587,0
6.9333334,208,1,588,0
6.9666667,209,1,589,0
7.0,210,1,590,0
7.0333333,211,1,591,0
7.0666666,212,1,592,0
7.1,213,1,593,0
7.133333,214,1,594,0
7.1666665,215,1,595,0
7.2,216,1,596,0
7.233333,217,1,597,0
7.266667,218,1,598,0
7.3,219,1,599,0
7.3333335,220,1,600,0
7.366667,221,1,601,0
7.4,222,1,602,0
7.4333334,223,1,603,0
7.4666667,224,1,604,0
7.5,225,1,605,0
7.5333333,226,1,606,0
7.5666666,227,1,607,0
7.6,228,1,608,0
7.633333,229,1,609,0
7.6666665,230,1,610,0
7.7,231,1,611,0
7.733333,232,1,612,0
7.766667,233,1,613,0
7.8,234,1,614,0
7.8333335,235,1,615,0
7.866667,236,1,616,0
7.9,237,1,617,0
7.9333334,238,1,618,0
7.9666667,239,1,619,0
8.0,240,1,620,0
8.033334,241,1,621,0
8.066667,242,1,622,0
8.1,243,1,623,0
8.133333,244,1,624,0
8.166667,245,1,625,0
8.2,246,1,626,0
8.233334,247,1,627,0
8.266666,248,1,628,0
8.3,249,1,629,0
8.333333,250,1,630,0
8.366667,251,1,631,0
8.4,252,1,632,0
8.433333,253,1,633,0
8.466666,254,1,634,0
8.5,255,1,635,0
8.533334,256,1,636,0
8.566667,257,1,637,0
8.6,258,1,638,0
8.633333,259,1,639,0
8.666667,260,1,640,0
8.7,261,1,641,0
8.733334,262,1,642,0
8.766666,263,1,643,0
8.8,264,1,644,0
8.833333,265,1,645,0
8.866667,266,1,646,0
8.9,267,1,647,0
8.933333,268,1,648,0
8.966666,269,1,649,0
9.0,270,1,650,0
9.033334,271,1,651,0
9.066667,272,1,652,0
9.1,273,1,653,0
9.133333,274,1,654,0
9.166667,275,1,655,0
9.2,276,1,656,0
9.233334,277,1,657,0
9.266666,278,1,658,0
9.3,279,1,659,0
9.333333,280,1,660,0
9.366667,281,1,661,0
9.4,282,1,662,0
9.433333,283,1,663,0
9.466666,284,1,664,0
9.5,285,1,665,0
9.533334,286,1,666,0
9.566667,287,1,667,0
9.6,288,1,668,0
9.633333,289,1,669,0
9.666667,290,1,670,0
9.7,291,1,671,0
9.733334,292,1,672,0
9.766666,293,1,673,0
9.8,294,1,674,0
9.833333,295,1,675,0
9.866667,296,1,676,0
9.9,297,1,677,0
9.933333,298,1,678,0
9.966666,299,1,679,0
10.0,300,1,680,0
10.033334,301,1,681,0
10.066667,302,1,682,0
10.1,303,1,683,0
10.133333,304,1,684,0
10.166667,305,1,685,0
10.2,306,1,686,0
10.233334,307,1,687,0
10.266666,308,1,688,0
10.3,309,1,689,0
10.333333,310,1,690,0
10.366667,311,1,691,0
10.4,312,1,692,0
10.433333,313,1,693,0
10.466666,314,1,694,0
10.5,315,1,695,0
10.533334,316,1,696,0
10.566667,317,1,697,0
10.6,318,1,698,0
10.633333,319,1,699,0
10.666667,320,1,700,0
10.7,321,1,701,0
10.733334,322,1,702,0
10.766666,323,1,703,0
10.8,324,1,704,0
10.833333,325,1,705,0
10.866667,326,1,706,0
10.9,327,1,707,0
10.933333,328,1,708,0
10.966666,329,1,709,0
11.0,330,1,710,0
11.033334,331,1,711,0
11.066667,332,1,712,0
11.1,333,1,713,0
11.133333,334,1,714,0
11.166667,335,1,715,0
11.2,336,1,716,0
11.233334,337,1,717,0
11.266666,338,1,718,0
11.3,339,1,719,0
11.333333,340,1,720,0
11.366667,341,1,721,0
11.4,342,1,722,0
11.433333,343,1,723,0
11.466666,344,1,724,0
11.5,345,1,725,0
11.533334,346,1,726,0
11.566667,347,1,727,0
11.6,348,1,728,0
11.633333,349,1,729,0
11.666667,350,1,730,0
11.7,351,1,731,0
11.733334,352,1,732,0
11.766666,353,1,733,0
11.8,354,1,734,0
11.833333,355,1,735,0
11.866667,356,1,736,0
11.9,357,1,737,0
11.933333,358,1,738,0
11.966666,359,1,739,0
12.0,360,1,740,0
12.033334,361,1,741,0
12.066667,362,1,742,0
12.1,363,1,743,0
12.133333,364,1,744,0
12.166667,365,1,745,0
12.2,366,1,746,0
12.233334,367,1,747,0
12.266666,368,1,748,0
12.3,369,1,749,0
12.333333,370,1,750,0
12.366667,371,1,751,0
12.4,372,1,752,0
12.433333,373,1,753,0
12.466666,374,1,754,0
12.5,375,1,755,0
12.533334,376,1,756,0
12.566667,377,1,757,0
12.6,378,1,758,0
12.633333,379,1,759,0
12.666667,380,1,760,0
12.7,381,1,761,0
12.733334,382,1,762,0
12.766666,383,1,763,0
12.8,384,1,764,0
12.833333,385,1,765,0
12.866667,386,1,766,0
12.9,387,1,767,0
12.933333,388,1,768,0
12.966666,389,1,769,0
13.0,390,1,770,0
13.033334,391,1,771,0
13.066667,392,1,772,0
13.1,393,1,773,0
13.133333,394,1,774,0
13.166667,395,1,775,0
13.2,396,1,776,0
13.233334,397,1,777,0
13.266666,398,1,778,0
13.3,399,1,779,0
13.333333,400,1,780,0
13.366667,401,1,781,0
13.4,402,1,782,0
13.433333,403,1,783,0
13.466666,404,1,784,0
13.5,405,1,785,0
13.533334,406,1,786,0
13.566667,407,1,787,0
13.6,408,1,788,0
13.633333,409,1,789,0
13.666667,410,1,790,0
0.0,0,2,791,0
0.033333335,1,2,792,0
0.06666667,2,2,793,0
0.1,3,2,794,0
0.13333334,4,2,795,0
0.16666667,5,2,796,0
0.2,6,2,797,0
0.23333333,7,2,798,0
0.26666668,8,2,799,0
0.3,9,2,800,0
0.33333334,10,2,801,0
0.36666667,11,2,802,0
0.4,12,2,803,0
0.43333334,13,2,804,0
0.46666667,14,2,805,0
0.5,15,2,806,0
0.53333336,16,2,807,0
0.56666666,17,2,808,0
0.6,18,2,809,0
0.6333333,19,2,810,0
0.6666667,20,2,811,0
0.7,21,2,812,0
0.73333335,22,2,813,0
0.76666665,23,2,814,0
0.8,24,2,815,0
0.8333333,25,2,816,0
0.8666667,26,2,817,0
0.9,27,2,818,0
0.93333334,28,2,819,0
0.96666664,29,2,820,0
1.0,30,2,821,0
1.0333333,31,2,822,0
1.0666667,32,2,823,0
1.1,33,2,824,0
1.1333333,34,2,825,0
1.1666666,35,2,826,0
1.2,36,2,827,0
1.2333333,37,2,828,0
1.2666667,38,2,829,0
1.3,39,2,830,0
1.3333334,40,2,831,0
1.3666667,41,2,832,0
1.4,42,2,833,0
1.4333333,43,2,834,0
1.4666667,44,2,835,0
1.5,45,2,836,0
1.5333333,46,2,837,0
1.5666667,47,2,838,0
1.6,48,2,839,0
1.6333333,49,2,840,0
1.6666666,50,2,841,0
1.7,51,2,842,0
1.7333333,52,2,843,0
1.7666667,53,2,844,0
1.8,54,2,845,0
1.8333334,55,2,846,0
1.8666667,56,2,847,0
1.9,57,2,848,0
1.9333333,58,2,849,0
1.9666667,59,2,850,0
2.0,60,2,851,0
2.0333333,61,2,852,0
2.0666666,62,2,853,0
2.1,63,2,854,0
2.1333334,64,2,855,0
2.1666667,65,2,856,0
2.2,66,2,857,0
2.2333333,67,2,858,0
2.2666667,68,2,859,0
2.3,69,2,860,0
2.3333333,70,2,861,0
2.3666666,71,2,862,0
2.4,72,2,863,0
2.4333334,73,2,864,0
2.4666667,74,2,865,0
2.5,75,2,866,0
2.5333333,76,2,867,0
2.5666666,77,2,868,0
2.6,78,2,869,0
2.6333334,79,2,870,0
2.6666667,80,2,871,0
2.7,81,2,872,0
2.7333333,82,2,873,0
2.7666667,83,2,874,0
2.8,84,2,875,0
2.8333333,85,2,876,0
2.8666666,86,2,877,0
2.9,87,2,878,0
2.9333334,88,2,879,0
2.9666667,89,2,880,0
3.0,90,2,881,0
3.0333333,91,2,882,0
3.0666666,92,2,883,0
3.1,93,2,884,0
3.1333334,94,2,885,0
3.1666667,95,2,886,0
3.2,96,2,887,0
3.2333333,97,2,888,0
3.2666667,98,2,889,0
3.3,99,2,890,0
3.3333333,100,2,891,0
3.3666666,101,2,892,0
3.4,102,2,893,0
3.4333334,103,2,894,0
3.4666667,104,2,895,0
3.5,105,2,896,0
3.5333333,106,2,897,0
3.5666666,107,2,898,0
3.6,108,2,899,0
3.6333334,109,2,900,0
3.6666667,110,2,901,0
3.7,111,2,902,0
3.7333333,112,2,903,0
3.7666667,113,2,904,0
3.8,114,2,905,0
3.8333333,115,2,906,0
3.8666666,116,2,907,0
3.9,117,2,908,0
3.9333334,118,2,909,0
3.9666667,119,2,910,0
4.0,120,2,911,0
4.0333333,121,2,912,0
4.0666666,122,2,913,0
4.1,123,2,914,0
4.133333,124,2,915,0
4.1666665,125,2,916,0
4.2,126,2,917,0
4.233333,127,2,918,0
4.266667,128,2,919,0
4.3,129,2,920,0
4.3333335,130,2,921,0
4.366667,131,2,922,0
4.4,132,2,923,0
4.4333334,133,2,924,0
4.4666667,134,2,925,0
4.5,135,2,926,0
4.5333333,136,2,927,0
4.5666666,137,2,928,0
4.6,138,2,929,0
4.633333,139,2,930,0
4.6666665,140,2,931,0
4.7,141,2,932,0
4.733333,142,2,933,0
4.766667,143,2,934,0
4.8,144,2,935,0
4.8333335,145,2,936,0
4.866667,146,2,937,0
4.9,147,2,938,0
4.9333334,148,2,939,0
4.9666667,149,2,940,0
5.0,150,2,941,0
5.0333333,151,2,942,0
5.0666666,152,2,943,0
5.1,153,2,944,0
5.133333,154,2,945,0
5.1666665,155,2,946,0
5.2,156,2,947,0
5.233333,157,2,948,0
5.266667,158,2,949,0
5.3,159,2,950,0
5.3333335,160,2,951,0
5.366667,161,2,952,0
5.4,162,2,953,0
5.4333334,163,2,954,0
5.4666667,164,2,955,0
5.5,165,2,956,0
5.5333333,166,2,957,0
5.5666666,167,2,958,0
5.6,168,2,959,0
5.633333,169,2,960,0
5.6666665,170,2,961,0
5.7,171,2,962,0
5.733333,172,2,963,0
5.766667,173,2,964,0
5.8,174,2,965,0
5.8333335,175,2,966,0
5.866667,176,2,967,0
5.9,177,2,968,0
5.9333334,178,2,969,0
5.9666667,179,2,970,0
6.0,180,2,971,0
6.0333333,181,2,972,0
6.0666666,182,2,973,0
6.1,183,2,974,0
6.133333,184,2,975,0
6.1666665,185,2,976,0
6.2,186,2,977,0
6.233333,187,2,978,0
6.266667,188,2,979,0
6.3,189,2,980,0
6.3333335,190,2,981,0
6.366667,191,2,982,0
6.4,192,2,983,0
6.4333334,193,2,984,0
6.4666667,194,2,985,0
6.5,195,2,986,0
6.5333333,196,2,987,0
6.5666666,197,2,988,0
6.6,198,2,989,0
6.633333,199,2,990,0
6.6666665,200,2,991,0
6.7,201,2,992,0
6.733333,202,2,993,0
6.766667,203,2,994,0
6.8,204,2,995,0
6.8333335,205,2,996,0
6.866667,206,2,997,0
6.9,207,2,998,0
6.9333334,208,2,999,0
6.9666667,209,2,1000,0
7.0,210,2,1001,0
7.0333333,211,2,1002,0
7.0666666,212,2,1003,0
7.1,213,2,1004,0
7.133333,214,2,1005,0
7.1666665,215,2,1006,0
7.2,216,2,1007,0
7.233333,217,2,1008,0
7.266667,218,2,1009,0
7.3,219,2,1010,0
7.3333335,220,2,1011,0
7.366667,221,2,1012,0
7.4,222,2,1013,0
7.4333334,223,2,1014,0
7.4666667,224,2,1015,0
7.5,225,2,1016,0
7.5333333,226,2,1017,0
7.5666666,227,2,1018,0
7.6,228,2,1019,0
7.633333,229,2,1020,0
7.6666665,230,2,1021,0
7.7,231,2,1022,0
7.733333,232,2,1023,0
7.766667,233,2,1024,0
7.8,234,2,1025,0
7.8333335,235,2,1026,0
7.866667,236,2,1027,0
7.9,237,2,1028,0
7.9333334,238,2,1029,0
7.9666667,239,2,1030,0
8.0,240,2,1031,0
8.033334,241,2,1032,0
8.066667,242,2,1033,0
8.1,243,2,1034,0
8.133333,244,2,1035,0
8.166667,245,2,1036,0
8.2,246,2,1037,0
8.233334,247,2,1038,0
8.266666,248,2,1039,0
8.3,249,2,1040,0
8.333333,250,2,1041,0
8.366667,251,2,1042,0
8.4,252,2,1043,0
8.433333,253,2,1044,0
8.466666,254,2,1045,0
8.5,255,2,1046,0
8.533334,256,2,1047,0
8.566667,257,2,1048,0
8.6,258,2,1049,0
8.633333,259,2,1050,0
8.666667,260,2,1051,0
8.7,261,2,1052,0
8.733334,262,2,1053,0
8.766666,263,2,1054,0
8.8,264,2,1055,0
8.833333,265,2,1056,0
8.866667,266,2,1057,0
8.9,267,2,1058,0
8.933333,268,2,1059,0
8.966666,269,2,1060,0
9.0,270,2,1061,0
9.033334,271,2,1062,0
9.066667,272,2,1063,0
9.1,273,2,1064,0
9.133333,274,2,1065,0
9.166667,275,2,1066,0
9.2,276,2,1067,0
9.233334,277,2,1068,0
9.266666,278,2,1069,0
9.3,279,2,1070,0
9.333333,280,2,1071,0
9.366667,281,2,1072,0
9.4,282,2,1073,0
9.433333,283,2,1074,0
9.466666,284,2,1075,0
9.5,285,2,1076,0
9.533334,286,2,1077,0
9.566667,287,2,1078,0
9.6,288,2,1079,0
9.633333,289,2,1080,0
9.666667,290,2,1081,0
9.7,291,2,1082,0
9.733334,292,2,1083,0
9.766666,293,2,1084,0
9.8,294,2,1085,0
9.833333,295,2,1086,0
9.866667,296,2,1087,0
9.9,297,2,1088,0
9.933333,298,2,1089,0
9.966666,299,2,1090,0
10.0,300,2,1091,0
10.033334,301,2,1092,0
10.066667,302,2,1093,0
10.1,303,2,1094,0
10.133333,304,2,1095,0
10.166667,305,2,1096,0
10.2,306,2,1097,0
10.233334,307,2,1098,0
10.266666,308,2,1099,0
10.3,309,2,1100,0
10.333333,310,2,1101,0
10.366667,311,2,1102,0
10.4,312,2,1103,0
10.433333,313,2,1104,0
10.466666,314,2,1105,0
10.5,315,2,1106,0
10.533334,316,2,1107,0
10.566667,317,2,1108,0
10.6,318,2,1109,0
10.633333,319,2,1110,0
10.666667,320,2,1111,0
10.7,321,2,1112,0
10.733334,322,2,1113,0
10.766666,323,2,1114,0
10.8,324,2,1115,0
10.833333,325,2,1116,0
10.866667,326,2,1117,0
10.9,327,2,1118,0
10.933333,328,2,1119,0
10.966666,329,2,1120,0
11.0,330,2,1121,0
11.033334,331,2,1122,0
11.066667,332,2,1123,0
11.1,333,2,1124,0
11.133333,334,2,1125,0
11.166667,335,2,1126,0
11.2,336,2,1127,0
11.233334,337,2,1128,0
11.266666,338,2,1129,0
11.3,339,2,1130,0
11.333333,340,2,1131,0
11.366667,341,2,1132,0
11.4,342,2,1133,0
11.433333,343,2,1134,0
11.466666,344,2,1135,0
11.5,345,2,1136,0
11.533334,346,2,1137,0
11.566667,347,2,1138,0
11.6,348,2,1139,0
11.633333,349,2,1140,0
11.666667,350,2,1141,0
11.7,351,2,1142,0
11.733334,352,2,1143,0
11.766666,353,2,1144,0
11.8,354,2,1145,0
11.833333,355,2,1146,0
11.866667,356,2,1147,0
11.9,357,2,1148,0
11.933333,358,2,1149,0
11.966666,359,2,1150,0
12.0,360,2,1151,0
12.033334,361,2,1152,0
12.066667,362,2,1153,0
12.1,363,2,1154,0
12.133333,364,2,1155,0
12.166667,365,2,1156,0
12.2,366,2,1157,0
12.233334,367,2,1158,0
12.266666,368,2,1159,0
12.3,369,2,1160,0
12.333333,370,2,1161,0
12.366667,371,2,1162,0
12.4,372,2,1163,0
12.433333,373,2,1164,0
12.466666,374,2,1165,0
12.5,375,2,1166,0
12.533334,376,2,1167,0
12.566667,377,2,1168,0
12.6,378,2,1169,0
12.633333,379,2,1170,0
12.666667,380,2,1171,0
12.7,381,2,1172,0
12.733334,382,2,1173,0
12.766666,383,2,1174,0
12.8,384,2,1175,0
12.833333,385,2,1176,0
12.866667,386,2,1177,0
12.9,387,2,1178,0
12.933333,388,2,1179,0
12.966666,389,2,1180,0
13.0,390,2,1181,0
13.033334,391,2,1182,0
13.066667,392,2,1183,0
13.1,393,2,1184,0
13.133333,394,2,1185,0
13.166667,395,2,1186,0
13.2,396,2,1187,0
13.233334,397,2,1188,0
13.266666,398,2,1189,0
13.3,399,2,1190,0
0.0,0,3,1191,0
0.033333335,1,3,1192,0
0.06666667,2,3,1193,0
0.1,3,3,1194,0
0.13333334,4,3,1195,0
0.16666667,5,3,1196,0
0.2,6,3,1197,0
0.23333333,7,3,1198,0
0.26666668,8,3,1199,0
0.3,9,3,1200,0
0.33333334,10,3,1201,0
0.36666667,11,3,1202,0
0.4,12,3,1203,0
0.43333334,13,3,1204,0
0.46666667,14,3,1205,0
0.5,15,3,1206,0
0.53333336,16,3,1207,0
0.56666666,17,3,1208,0
0.6,18,3,1209,0
0.6333333,19,3,1210,0
0.6666667,20,3,1211,0
0.7,21,3,1212,0
0.73333335,22,3,1213,0
0.76666665,23,3,1214,0
0.8,24,3,1215,0
0.8333333,25,3,1216,0
0.8666667,26,3,1217,0
0.9,27,3,1218,0
0.93333334,28,3,1219,0
0.96666664,29,3,1220,0
1.0,30,3,1221,0
1.0333333,31,3,1222,0
1.0666667,32,3,1223,0
1.1,33,3,1224,0
1.1333333,34,3,1225,0
1.1666666,35,3,1226,0
1.2,36,3,1227,0
1.2333333,37,3,1228,0
1.2666667,38,3,1229,0
1.3,39,3,1230,0
1.3333334,40,3,1231,0
1.3666667,41,3,1232,0
1.4,42,3,1233,0
1.4333333,43,3,1234,0
1.4666667,44,3,1235,0
1.5,45,3,1236,0
1.5333333,46,3,1237,0
1.5666667,47,3,1238,0
1.6,48,3,1239,0
1.6333333,49,3,1240,0
1.6666666,50,3,1241,0
1.7,51,3,1242,0
1.7333333,52,3,1243,0
1.7666667,53,3,1244,0
1.8,54,3,1245,0
1.8333334,55,3,1246,0
1.8666667,56,3,1247,0
1.9,57,3,1248,0
1.9333333,58,3,1249,0
1.9666667,59,3,1250,0
2.0,60,3,1251,0
2.0333333,61,3,1252,0
2.0666666,62,3,1253,0
2.1,63,3,1254,0
2.1333334,64,3,1255,0
2.1666667,65,3,1256,0
2.2,66,3,1257,0
2.2333333,67,3,1258,0
2.2666667,68,3,1259,0
2.3,69,3,1260,0
2.3333333,70,3,1261,0
2.3666666,71,3,1262,0
2.4,72,3,1263,0
2.4333334,73,3,1264,0
2.4666667,74,3,1265,0
2.5,75,3,1266,0
2.5333333,76,3,1267,0
2.5666666,77,3,1268,0
2.6,78,3,1269,0
2.6333334,79,3,1270,0
2.6666667,80,3,1271,0
2.7,81,3,1272,0
2.7333333,82,3,1273,0
2.7666667,83,3,1274,0
2.8,84,3,1275,0
2.8333333,85,3,1276,0
2.8666666,86,3,1277,0
2.9,87,3,1278,0
2.9333334,88,3,1279,0
2.9666667,89,3,1280,0
3.0,90,3,1281,0
3.0333333,91,3,1282,0
3.0666666,92,3,1283,0
3.1,93,3,1284,0
3.1333334,94,3,1285,0
3.1666667,95,3,1286,0
3.2,96,3,1287,0
3.2333333,97,3,1288,0
3.2666667,98,3,1289,0
3.3,99,3,1290,0
3.3333333,100,3,1291,0
3.3666666,101,3,1292,0
3.4,102,3,1293,0
3.4333334,103,3,1294,0
3.4666667,104,3,1295,0
3.5,105,3,1296,0
3.5333333,106,3,1297,0
3.5666666,107,3,1298,0
3.6,108,3,1299,0
3.6333334,109,3,1300,0
3.6666667,110,3,1301,0
3.7,111,3,1302,0
3.7333333,112,3,1303,0
3.7666667,113,3,1304,0
3.8,114,3,1305,0
3.8333333,115,3,1306,0
3.8666666,116,3,1307,0
3.9,117,3,1308,0
3.9333334,118,3,1309,0
3.9666667,119,3,1310,0
4.0,120,3,1311,0
4.0333333,121,3,1312,0
4.0666666,122,3,1313,0
4.1,123,3,1314,0
4.133333,124,3,1315,0
4.1666665,125,3,1316,0
4.2,126,3,1317,0
4.233333,127,3,1318,0
4.266667,128,3,1319,0
4.3,129,3,1320,0
4.3333335,130,3,1321,0
4.366667,131,3,1322,0
4.4,132,3,1323,0
4.4333334,133,3,1324,0
4.4666667,134,3,1325,0
4.5,135,3,1326,0
4.5333333,136,3,1327,0
4.5666666,137,3,1328,0
4.6,138,3,1329,0
4.633333,139,3,1330,0
4.6666665,140,3,1331,0
4.7,141,3,1332,0
4.733333,142,3,1333,0
4.766667,143,3,1334,0
4.8,144,3,1335,0
4.8333335,145,3,1336,0
4.866667,146,3,1337,0
4.9,147,3,1338,0
4.9333334,148,3,1339,0
4.9666667,149,3,1340,0
5.0,150,3,1341,0
5.0333333,151,3,1342,0
5.0666666,152,3,1343,0
5.1,153,3,1344,0
5.133333,154,3,1345,0
5.1666665,155,3,1346,0
5.2,156,3,1347,0
5.233333,157,3,1348,0
5.266667,158,3,1349,0
5.3,159,3,1350,0
5.3333335,160,3,1351,0
5.366667,161,3,1352,0
5.4,162,3,1353,0
5.4333334,163,3,1354,0
5.4666667,164,3,1355,0
5.5,165,3,1356,0
5.5333333,166,3,1357,0
5.5666666,167,3,1358,0
5.6,168,3,1359,0
5.633333,169,3,1360,0
5.6666665,170,3,1361,0
5.7,171,3,1362,0
5.733333,172,3,1363,0
5.766667,173,3,1364,0
5.8,174,3,1365,0
5.8333335,175,3,1366,0
5.866667,176,3,1367,0
5.9,177,3,1368,0
5.9333334,178,3,1369,0
5.9666667,179,3,1370,0
6.0,180,3,1371,0
6.0333333,181,3,1372,0
6.0666666,182,3,1373,0
6.1,183,3,1374,0
6.133333,184,3,1375,0
6.1666665,185,3,1376,0
6.2,186,3,1377,0
6.233333,187,3,1378,0
6.266667,188,3,1379,0
6.3,189,3,1380,0
6.3333335,190,3,1381,0
6.366667,191,3,1382,0
6.4,192,3,1383,0
6.4333334,193,3,1384,0
6.4666667,194,3,1385,0
6.5,195,3,1386,0
6.5333333,196,3,1387,0
6.5666666,197,3,1388,0
6.6,198,3,1389,0
6.633333,199,3,1390,0
6.6666665,200,3,1391,0
6.7,201,3,1392,0
6.733333,202,3,1393,0
6.766667,203,3,1394,0
6.8,204,3,1395,0
6.8333335,205,3,1396,0
6.866667,206,3,1397,0
6.9,207,3,1398,0
6.9333334,208,3,1399,0
6.9666667,209,3,1400,0
7.0,210,3,1401,0
7.0333333,211,3,1402,0
7.0666666,212,3,1403,0
7.1,213,3,1404,0
7.133333,214,3,1405,0
7.1666665,215,3,1406,0
7.2,216,3,1407,0
7.233333,217,3,1408,0
7.266667,218,3,1409,0
7.3,219,3,1410,0
7.3333335,220,3,1411,0
7.366667,221,3,1412,0
7.4,222,3,1413,0
7.4333334,223,3,1414,0
7.4666667,224,3,1415,0
7.5,225,3,1416,0
7.5333333,226,3,1417,0
7.5666666,227,3,1418,0
7.6,228,3,1419,0
7.633333,229,3,1420,0
7.6666665,230,3,1421,0
7.7,231,3,1422,0
7.733333,232,3,1423,0
7.766667,233,3,1424,0
7.8,234,3,1425,0
7.8333335,235,3,1426,0
7.866667,236,3,1427,0
7.9,237,3,1428,0
7.9333334,238,3,1429,0
7.9666667,239,3,1430,0
8.0,240,3,1431,0
8.033334,241,3,1432,0
8.066667,242,3,1433,0
8.1,243,3,1434,0
8.133333,244,3,1435,0
8.166667,245,3,1436,0
8.2,246,3,1437,0
8.233334,247,3,1438,0
8.266666,248,3,1439,0
8.3,249,3,1440,0
8.333333,250,3,1441,0
8.366667,251,3,1442,0
8.4,252,3,1443,0
8.433333,253,3,1444,0
8.466666,254,3,1445,0
8.5,255,3,1446,0
8.533334,256,3,1447,0
8.566667,257,3,1448,0
8.6,258,3,1449,0
8.633333,259,3,1450,0
8.666667,260,3,1451,0
8.7,261,3,1452,0
8.733334,262,3,1453,0
8.766666,263,3,1454,0
8.8,264,3,1455,0
8.833333,265,3,1456,0
8.866667,266,3,1457,0
8.9,267,3,1458,0
8.933333,268,3,1459,0
8.966666,269,3,1460,0
9.0,270,3,1461,0
9.033334,271,3,1462,0
9.066667,272,3,1463,0
9.1,273,3,1464,0
9.133333,274,3,1465,0
9.166667,275,3,1466,0
9.2,276,3,1467,0
9.233334,277,3,1468,0
9.266666,278,3,1469,0
9.3,279,3,1470,0
9.333333,280,3,1471,0
9.366667,281,3,1472,0
9.4,282,3,1473,0
9.433333,283,3,1474,0
9.466666,284,3,1475,0
9.5,285,3,1476,0
9.533334,286,3,1477,0
9.566667,287,3,1478,0
9.6,288,3,1479,0
9.633333,289,3,1480,0
9.666667,290,3,1481,0
9.7,291,3,1482,0
9.733334,292,3,1483,0
9.766666,293,3,1484,0
9.8,294,3,1485,0
9.833333,295,3,1486,0
9.866667,296,3,1487,0
9.9,297,3,1488,0
9.933333,298,3,1489,0
9.966666,299,3,1490,0
10.0,300,3,1491,0
10.033334,301,3,1492,0
10.066667,302,3,1493,0
10.1,303,3,1494,0
10.133333,304,3,1495,0
10.166667,305,3,1496,0
10.2,306,3,1497,0
10.233334,307,3,1498,0
10.266666,308,3,1499,0
10.3,309,3,1500,0
10.333333,310,3,1501,0
10.366667,311,3,1502,0
10.4,312,3,1503,0
10.433333,313,3,1504,0
10.466666,314,3,1505,0
10.5,315,3,1506,0
10.533334,316,3,1507,0
10.566667,317,3,1508,0
10.6,318,3,1509,0
10.633333,319,3,1510,0
10.666667,320,3,1511,0
10.7,321,3,1512,0
10.733334,322,3,1513,0
10.766666,323,3,1514,0
10.8,324,3,1515,0
10.833333,325,3,1516,0
10.866667,326,3,1517,0
10.9,327,3,1518,0
10.933333,328,3,1519,0
10.966666,329,3,1520,0
11.0,330,3,1521,0
11.033334,331,3,1522,0
11.066667,332,3,1523,0
11.1,333,3,1524,0
11.133333,334,3,1525,0
11.166667,335,3,1526,0
11.2,336,3,1527,0
11.233334,337,3,1528,0
11.266666,338,3,1529,0
11.3,339,3,1530,0
11.333333,340,3,1531,0
11.366667,341,3,1532,0
11.4,342,3,1533,0
11.433333,343,3,1534,0
11.466666,344,3,1535,0
11.5,345,3,1536,0
11.533334,346,3,1537,0
11.566667,347,3,1538,0
11.6,348,3,1539,0
11.633333,349,3,1540,0
11.666667,350,3,1541,0
11.7,351,3,1542,0
11.733334,352,3,1543,0
11.766666,353,3,1544,0
11.8,354,3,1545,0
11.833333,355,3,1546,0
11.866667,356,3,1547,0
11.9,357,3,1548,0
11.933333,358,3,1549,0
11.966666,359,3,1550,0
12.0,360,3,1551,0
12.033334,361,3,1552,0
12.066667,362,3,1553,0
12.1,363,3,1554,0
12.133333,364,3,1555,0
12.166667,365,3,1556,0
12.2,366,3,1557,0
12.233334,367,3,1558,0
12.266666,368,3,1559,0
12.3,369,3,1560,0
12.333333,370,3,1561,0
12.366667,371,3,1562,0
12.4,372,3,1563,0
12.433333,373,3,1564,0
12.466666,374,3,1565,0
12.5,375,3,1566,0
12.533334,376,3,1567,0
12.566667,377,3,1568,0
12.6,378,3,1569,0
12.633333,379,3,1570,0
12.666667,380,3,1571,0
12.7,381,3,1572,0
12.733334,382,3,1573,0
12.766666,383,3,1574,0
12.8,384,3,1575,0
12.833333,385,3,1576,0
12.866667,386,3,1577,0
12.9,387,3,1578,0
12.933333,388,3,1579,0
12.966666,389,3,1580,0
13.0,390,3,1581,0
13.033334,391,3,1582,0
13.066667,392,3,1583,0
13.1,393,3,1584,0
13.133333,394,3,1585,0
13.166667,395,3,1586,0
13.2,396,3,1587,0
13.233334,397,3,1588,0
13.266666,398,3,1589,0
13.3,399,3,1590,0
13.333333,400,3,1591,0
13.366667,401,3,1592,0
13.4,402,3,1593,0
13.433333,403,3,1594,0
13.466666,404,3,1595,0
13.5,405,3,1596,0
13.533334,406,3,1597,0
13.566667,407,3,1598,0
13.6,408,3,1599,0
13.633333,409,3,1600,0
13.666667,410,3,1601,0
13.7,411,3,1602,0
13.733334,412,3,1603,0
13.766666,413,3,1604,0
13.8,414,3,1605,0
13.833333,415,3,1606,0
13.866667,416,3,1607,0
13.9,417,3,1608,0
13.933333,418,3,1609,0
13.966666,419,3,1610,0
14.0,420,3,1611,0
14.033334,421,3,1612,0
14.066667,422,3,1613,0
14.1,423,3,1614,0
14.133333,424,3,1615,0
14.166667,425,3,1616,0
14.2,426,3,1617,0
14.233334,427,3,1618,0
14.266666,428,3,1619,0
14.3,429,3,1620,0
14.333333,430,3,1621,0
14.366667,431,3,1622,0
14.4,432,3,1623,0
14.433333,433,3,1624,0
14.466666,434,3,1625,0
14.5,435,3,1626,0
14.533334,436,3,1627,0
14.566667,437,3,1628,0
14.6,438,3,1629,0
14.633333,439,3,1630,0
14.666667,440,3,1631,0
14.7,441,3,1632,0
14.733334,442,3,1633,0
14.766666,443,3,1634,0
14.8,444,3,1635,0
14.833333,445,3,1636,0
14.866667,446,3,1637,0
14.9,447,3,1638,0
0.0,0,4,1639,0
0.033333335,1,4,1640,0
0.06666667,2,4,1641,0
0.1,3,4,1642,0
0.13333334,4,4,1643,0
0.16666667,5,4,1644,0
0.2,6,4,1645,0
0.23333333,7,4,1646,0
0.26666668,8,4,1647,0
0.3,9,4,1648,0
0.33333334,10,4,1649,0
0.36666667,11,4,1650,0
0.4,12,4,1651,0
0.43333334,13,4,1652,0
0.46666667,14,4,1653,0
0.5,15,4,1654,0
0.53333336,16,4,1655,0
0.56666666,17,4,1656,0
0.6,18,4,1657,0
0.6333333,19,4,1658,0
0.6666667,20,4,1659,0
0.7,21,4,1660,0
0.73333335,22,4,1661,0
0.76666665,23,4,1662,0
0.8,24,4,1663,0
0.8333333,25,4,1664,0
0.8666667,26,4,1665,0
0.9,27,4,1666,0
0.93333334,28,4,1667,0
0.96666664,29,4,1668,0
1.0,30,4,1669,0
1.0333333,31,4,1670,0
1.0666667,32,4,1671,0
1.1,33,4,1672,0
1.1333333,34,4,1673,0
1.1666666,35,4,1674,0
1.2,36,4,1675,0
1.2333333,37,4,1676,0
1.2666667,38,4,1677,0
1.3,39,4,1678,0
1.3333334,40,4,1679,0
1.3666667,41,4,1680,0
1.4,42,4,1681,0
1.4333333,43,4,1682,0
1.4666667,44,4,1683,0
1.5,45,4,1684,0
1.5333333,46,4,1685,0
1.5666667,47,4,1686,0
1.6,48,4,1687,0
1.6333333,49,4,1688,0
1.6666666,50,4,1689,0
1.7,51,4,1690,0
1.7333333,52,4,1691,0
1.7666667,53,4,1692,0
1.8,54,4,1693,0
1.8333334,55,4,1694,0
1.8666667,56,4,1695,0
1.9,57,4,1696,0
1.9333333,58,4,1697,0
1.9666667,59,4,1698,0
2.0,60,4,1699,0
2.0333333,61,4,1700,0
2.0666666,62,4,1701,0
2.1,63,4,1702,0
2.1333334,64,4,1703,0
2.1666667,65,4,1704,0
2.2,66,4,1705,0
2.2333333,67,4,1706,0
2.2666667,68,4,1707,0
2.3,69,4,1708,0
2.3333333,70,4,1709,0
2.3666666,71,4,1710,0
2.4,72,4,1711,0
2.4333334,73,4,1712,0
2.4666667,74,4,1713,0
2.5,75,4,1714,0
2.5333333,76,4,1715,0
2.5666666,77,4,1716,0
2.6,78,4,1717,0
2.6333334,79,4,1718,0
2.6666667,80,4,1719,0
2.7,81,4,1720,0
2.7333333,82,4,1721,0
2.7666667,83,4,1722,0
2.8,84,4,1723,0
2.8333333,85,4,1724,0
2.8666666,86,4,1725,0
2.9,87,4,1726,0
2.9333334,88,4,1727,0
2.9666667,89,4,1728,0
3.0,90,4,1729,0
3.0333333,91,4,1730,0
3.0666666,92,4,1731,0
3.1,93,4,1732,0
3.1333334,94,4,1733,0
3.1666667,95,4,1734,0
3.2,96,4,1735,0
3.2333333,97,4,1736,0
3.2666667,98,4,1737,0
3.3,99,4,1738,0
3.3333333,100,4,1739,0
3.3666666,101,4,1740,0
3.4,102,4,1741,0
3.4333334,103,4,1742,0
3.4666667,104,4,1743,0
3.5,105,4,1744,0
3.5333333,106,4,1745,0
3.5666666,107,4,1746,0
3.6,108,4,1747,0
3.6333334,109,4,1748,0
3.6666667,110,4,1749,0
3.7,111,4,1750,0
3.7333333,112,4,1751,0
3.7666667,113,4,1752,0
3.8,114,4,1753,0
3.8333333,115,4,1754,0
3.8666666,116,4,1755,0
3.9,117,4,1756,0
3.9333334,118,4,1757,0
3.9666667,119,4,1758,0
4.0,120,4,1759,0
4.0333333,121,4,1760,0
4.0666666,122,4,1761,0
4.1,123,4,1762,0
4.133333,124,4,1763,0
4.1666665,125,4,1764,0
4.2,126,4,1765,0
4.233333,127,4,1766,0
4.266667,128,4,1767,0
4.3,129,4,1768,0
4.3333335,130,4,1769,0
4.366667,131,4,1770,0
4.4,132,4,1771,0
4.4333334,133,4,1772,0
4.4666667,134,4,1773,0
4.5,135,4,1774,0
4.5333333,136,4,1775,0
4.5666666,137,4,1776,0
4.6,138,4,1777,0
4.633333,139,4,1778,0
4.6666665,140,4,1779,0
4.7,141,4,1780,0
4.733333,142,4,1781,0
4.766667,143,4,1782,0
4.8,144,4,1783,0
4.8333335,145,4,1784,0
4.866667,146,4,1785,0
4.9,147,4,1786,0
4.9333334,148,4,1787,0
4.9666667,149,4,1788,0
5.0,150,4,1789,0
5.0333333,151,4,1790,0
5.0666666,152,4,1791,0
5.1,153,4,1792,0
5.133333,154,4,1793,0
5.1666665,155,4,1794,0
5.2,156,4,1795,0
5.233333,157,4,1796,0
5.266667,158,4,1797,0
5.3,159,4,1798,0
5.3333335,160,4,1799,0
5.366667,161,4,1800,0
5.4,162,4,1801,0
5.4333334,163,4,1802,0
5.4666667,164,4,1803,0
5.5,165,4,1804,0
5.5333333,166,4,1805,0
5.5666666,167,4,1806,0
5.6,168,4,1807,0
5.633333,169,4,1808,0
5.6666665,170,4,1809,0
5.7,171,4,1810,0
5.733333,172,4,1811,0
5.766667,173,4,1812,0
5.8,174,4,1813,0
5.8333335,175,4,1814,0
5.866667,176,4,1815,0
5.9,177,4,1816,0
5.9333334,178,4,1817,0
5.9666667,179,4,1818,0
6.0,180,4,1819,0
6.0333333,181,4,1820,0
6.0666666,182,4,1821,0
6.1,183,4,1822,0
6.133333,184,4,1823,0
6.1666665,185,4,1824,0
6.2,186,4,1825,0
6.233333,187,4,1826,0
6.266667,188,4,1827,0
6.3,189,4,1828,0
6.3333335,190,4,1829,0
6.366667,191,4,1830,0
6.4,192,4,1831,0
6.4333334,193,4,1832,0
6.4666667,194,4,1833,0
6.5,195,4,1834,0
6.5333333,196,4,1835,0
6.5666666,197,4,1836,0
6.6,198,4,1837,0
6.633333,199,4,1838,0
6.6666665,200,4,1839,0
6.7,201,4,1840,0
6.733333,202,4,1841,0
6.766667,203,4,1842,0
6.8,204,4,1843,0
6.8333335,205,4,1844,0
6.866667,206,4,1845,0
6.9,207,4,1846,0
6.9333334,208,4,1847,0
6.9666667,209,4,1848,0
7.0,210,4,1849,0
7.0333333,211,4,1850,0
7.0666666,212,4,1851,0
7.1,213,4,1852,0
7.133333,214,4,1853,0
7.1666665,215,4,1854,0
7.2,216,4,1855,0
7.233333,217,4,1856,0
7.266667,218,4,1857,0
7.3,219,4,1858,0
7.3333335,220,4,1859,0
7.366667,221,4,1860,0
7.4,222,4,1861,0
7.4333334,223,4,1862,0
7.4666667,224,4,1863,0
7.5,225,4,1864,0
7.5333333,226,4,1865,0
7.5666666,227,4,1866,0
7.6,228,4,1867,0
7.633333,229,4,1868,0
7.6666665,230,4,1869,0
7.7,231,4,1870,0
7.733333,232,4,1871,0
7.766667,233,4,1872,0
7.8,234,4,1873,0
7.8333335,235,4,1874,0
7.866667,236,4,1875,0
7.9,237,4,1876,0
7.9333334,238,4,1877,0
7.9666667,239,4,1878,0
8.0,240,4,1879,0
8.033334,241,4,1880,0
8.066667,242,4,1881,0
8.1,243,4,1882,0
8.133333,244,4,1883,0
8.166667,245,4,1884,0
8.2,246,4,1885,0
8.233334,247,4,1886,0
8.266666,248,4,1887,0
8.3,249,4,1888,0
8.333333,250,4,1889,0
8.366667,251,4,1890,0
8.4,252,4,1891,0
8.433333,253,4,1892,0
8.466666,254,4,1893,0
8.5,255,4,1894,0
8.533334,256,4,1895,0
8.566667,257,4,1896,0
8.6,258,4,1897,0
8.633333,259,4,1898,0
8.666667,260,4,1899,0
8.7,261,4,1900,0
8.733334,262,4,1901,0
8.766666,263,4,1902,0
8.8,264,4,1903,0
8.833333,265,4,1904,0
8.866667,266,4,1905,0
8.9,267,4,1906,0
8.933333,268,4,1907,0
8.966666,269,4,1908,0
9.0,270,4,1909,0
9.033334,271,4,1910,0
9.066667,272,4,1911,0
9.1,273,4,1912,0
9.133333,274,4,1913,0
9.166667,275,4,1914,0
9.2,276,4,1915,0
9.233334,277,4,1916,0
9.266666,278,4,1917,0
9.3,279,4,1918,0
9.333333,280,4,1919,0
9.366667,281,4,1920,0
9.4,282,4,1921,0
9.433333,283,4,1922,0
9.466666,284,4,1923,0
9.5,285,4,1924,0
9.533334,286,4,1925,0
9.566667,287,4,1926,0
9.6,288,4,1927,0
9.633333,289,4,1928,0
9.666667,290,4,1929,0
9.7,291,4,1930,0
9.733334,292,4,1931,0
9.766666,293,4,1932,0
9.8,294,4,1933,0
9.833333,295,4,1934,0
9.866667,296,4,1935,0
9.9,297,4,1936,0
9.933333,298,4,1937,0
9.966666,299,4,1938,0
10.0,300,4,1939,0
10.033334,301,4,1940,0
10.066667,302,4,1941,0
10.1,303,4,1942,0
10.133333,304,4,1943,0
10.166667,305,4,1944,0
10.2,306,4,1945,0
10.233334,307,4,1946,0
10.266666,308,4,1947,0
10.3,309,4,1948,0
10.333333,310,4,1949,0
10.366667,311,4,1950,0
10.4,312,4,1951,0
10.433333,313,4,1952,0
10.466666,314,4,1953,0
10.5,315,4,1954,0
10.533334,316,4,1955,0
10.566667,317,4,1956,0
10.6,318,4,1957,0
10.633333,319,4,1958,0
10.666667,320,4,1959,0
10.7,321,4,1960,0
10.733334,322,4,1961,0
10.766666,323,4,1962,0
10.8,324,4,1963,0
10.833333,325,4,1964,0
10.866667,326,4,1965,0
10.9,327,4,1966,0
10.933333,328,4,1967,0
10.966666,329,4,1968,0
11.0,330,4,1969,0
11.033334,331,4,1970,0
11.066667,332,4,1971,0
11.1,333,4,1972,0
11.133333,334,4,1973,0
11.166667,335,4,1974,0
11.2,336,4,1975,0
11.233334,337,4,1976,0
11.266666,338,4,1977,0
11.3,339,4,1978,0
11.333333,340,4,1979,0
11.366667,341,4,1980,0
11.4,342,4,1981,0
11.433333,343,4,1982,0
11.466666,344,4,1983,0
11.5,345,4,1984,0
11.533334,346,4,1985,0
11.566667,347,4,1986,0
11.6,348,4,1987,0
11.633333,349,4,1988,0
11.666667,350,4,1989,0
11.7,351,4,1990,0
11.733334,352,4,1991,0
11.766666,353,4,1992,0
11.8,354,4,1993,0
11.833333,355,4,1994,0
11.866667,356,4,1995,0
11.9,357,4,1996,0
11.933333,358,4,1997,0
11.966666,359,4,1998,0
12.0,360,4,1999,0
12.033334,361,4,2000,0
12.066667,362,4,2001,0
12.1,363,4,2002,0
12.133333,364,4,2003,0
12.166667,365,4,2004,0
12.2,366,4,2005,0
12.233334,367,4,2006,0
12.266666,368,4,2007,0
12.3,369,4,2008,0
12.333333,370,4,2009,0
12.366667,371,4,2010,0
12.4,372,4,2011,0
12.433333,373,4,2012,0
12.466666,374,4,2013,0
12.5,375,4,2014,0
12.533334,376,4,2015,0
12.566667,377,4,2016,0
12.6,378,4,2017,0
12.633333,379,4,2018,0
12.666667,380,4,2019,0
12.7,381,4,2020,0
12.733334,382,4,2021,0
12.766666,383,4,2022,0
12.8,384,4,2023,0
12.833333,385,4,2024,0
12.866667,386,4,2025,0
12.9,387,4,2026,0
0.0,0,5,2027,0
0.033333335,1,5,2028,0
0.06666667,2,5,2029,0
0.1,3,5,2030,0
0.13333334,4,5,2031,0
0.16666667,5,5,2032,0
0.2,6,5,2033,0
0.23333333,7,5,2034,0
0.26666668,8,5,2035,0
0.3,9,5,2036,0
0.33333334,10,5,2037,0
0.36666667,11,5,2038,0
0.4,12,5,2039,0
0.43333334,13,5,2040,0
0.46666667,14,5,2041,0
0.5,15,5,2042,0
0.53333336,16,5,2043,0
0.56666666,17,5,2044,0
0.6,18,5,2045,0
0.6333333,19,5,2046,0
0.6666667,20,5,2047,0
0.7,21,5,2048,0
0.73333335,22,5,2049,0
0.76666665,23,5,2050,0
0.8,24,5,2051,0
0.8333333,25,5,2052,0
0.8666667,26,5,2053,0
0.9,27,5,2054,0
0.93333334,28,5,2055,0
0.96666664,29,5,2056,0
1.0,30,5,2057,0
1.0333333,31,5,2058,0
1.0666667,32,5,2059,0
1.1,33,5,2060,0
1.1333333,34,5,2061,0
1.1666666,35,5,2062,0
1.2,36,5,2063,0
1.2333333,37,5,2064,0
1.2666667,38,5,2065,0
1.3,39,5,2066,0
1.3333334,40,5,2067,0
1.3666667,41,5,2068,0
1.4,42,5,2069,0
1.4333333,43,5,2070,0
1.4666667,44,5,2071,0
1.5,45,5,2072,0
1.5333333,46,5,2073,0
1.5666667,47,5,2074,0
1.6,48,5,2075,0
1.6333333,49,5,2076,0
1.6666666,50,5,2077,0
1.7,51,5,2078,0
1.7333333,52,5,2079,0
1.7666667,53,5,2080,0
1.8,54,5,2081,0
1.8333334,55,5,2082,0
1.8666667,56,5,2083,0
1.9,57,5,2084,0
1.9333333,58,5,2085,0
1.9666667,59,5,2086,0
2.0,60,5,2087,0
2.0333333,61,5,2088,0
2.0666666,62,5,2089,0
2.1,63,5,2090,0
2.1333334,64,5,2091,0
2.1666667,65,5,2092,0
2.2,66,5,2093,0
2.2333333,67,5,2094,0
2.2666667,68,5,2095,0
2.3,69,5,2096,0
2.3333333,70,5,2097,0
2.3666666,71,5,2098,0
2.4,72,5,2099,0
2.4333334,73,5,2100,0
2.4666667,74,5,2101,0
2.5,75,5,2102,0
2.5333333,76,5,2103,0
2.5666666,77,5,2104,0
2.6,78,5,2105,0
2.6333334,79,5,2106,0
2.6666667,80,5,2107,0
2.7,81,5,2108,0
2.7333333,82,5,2109,0
2.7666667,83,5,2110,0
2.8,84,5,2111,0
2.8333333,85,5,2112,0
2.8666666,86,5,2113,0
2.9,87,5,2114,0
2.9333334,88,5,2115,0
2.9666667,89,5,2116,0
3.0,90,5,2117,0
3.0333333,91,5,2118,0
3.0666666,92,5,2119,0
3.1,93,5,2120,0
3.1333334,94,5,2121,0
3.1666667,95,5,2122,0
3.2,96,5,2123,0
3.2333333,97,5,2124,0
3.2666667,98,5,2125,0
3.3,99,5,2126,0
3.3333333,100,5,2127,0
3.3666666,101,5,2128,0
3.4,102,5,2129,0
3.4333334,103,5,2130,0
3.4666667,104,5,2131,0
3.5,105,5,2132,0
3.5333333,106,5,2133,0
3.5666666,107,5,2134,0
3.6,108,5,2135,0
3.6333334,109,5,2136,0
3.6666667,110,5,2137,0
3.7,111,5,2138,0
3.7333333,112,5,2139,0
3.7666667,113,5,2140,0
3.8,114,5,2141,0
3.8333333,115,5,2142,0
3.8666666,116,5,2143,0
3.9,117,5,2144,0
3.9333334,118,5,2145,0
3.9666667,119,5,2146,0
4.0,120,5,2147,0
4.0333333,121,5,2148,0
4.0666666,122,5,2149,0
4.1,123,5,2150,0
4.133333,124,5,2151,0
4.1666665,125,5,2152,0
4.2,126,5,2153,0
4.233333,127,5,2154,0
4.266667,128,5,2155,0
4.3,129,5,2156,0
4.3333335,130,5,2157,0
4.366667,131,5,2158,0
4.4,132,5,2159,0
4.4333334,133,5,2160,0
4.4666667,134,5,2161,0
4.5,135,5,2162,0
4.5333333,136,5,2163,0
4.5666666,137,5,2164,0
4.6,138,5,2165,0
4.633333,139,5,2166,0
4.6666665,140,5,2167,0
4.7,141,5,2168,0
4.733333,142,5,2169,0
4.766667,143,5,2170,0
4.8,144,5,2171,0
4.8333335,145,5,2172,0
4.866667,146,5,2173,0
4.9,147,5,2174,0
4.9333334,148,5,2175,0
4.9666667,149,5,2176,0
5.0,150,5,2177,0
5.0333333,151,5,2178,0
5.0666666,152,5,2179,0
5.1,153,5,2180,0
5.133333,154,5,2181,0
5.1666665,155,5,2182,0
5.2,156,5,2183,0
5.233333,157,5,2184,0
5.266667,158,5,2185,0
5.3,159,5,2186,0
5.3333335,160,5,2187,0
5.366667,161,5,2188,0
5.4,162,5,2189,0
5.4333334,163,5,2190,0
5.4666667,164,5,2191,0
5.5,165,5,2192,0
5.5333333,166,5,2193,0
5.5666666,167,5,2194,0
5.6,168,5,2195,0
5.633333,169,5,2196,0
5.6666665,170,5,2197,0
5.7,171,5,2198,0
5.733333,172,5,2199,0
5.766667,173,5,2200,0
5.8,174,5,2201,0
5.8333335,175,5,2202,0
5.866667,176,5,2203,0
5.9,177,5,2204,0
5.9333334,178,5,2205,0
5.9666667,179,5,2206,0
6.0,180,5,2207,0
6.0333333,181,5,2208,0
6.0666666,182,5,2209,0
6.1,183,5,2210,0
6.133333,184,5,2211,0
6.1666665,185,5,2212,0
6.2,186,5,2213,0
6.233333,187,5,2214,0
6.266667,188,5,2215,0
6.3,189,5,2216,0
6.3333335,190,5,2217,0
6.366667,191,5,2218,0
6.4,192,5,2219,0
6.4333334,193,5,2220,0
6.4666667,194,5,2221,0
6.5,195,5,2222,0
6.5333333,196,5,2223,0
6.5666666,197,5,2224,0
6.6,198,5,2225,0
6.633333,199,5,2226,0
6.6666665,200,5,2227,0
6.7,201,5,2228,0
6.733333,202,5,2229,0
6.766667,203,5,2230,0
6.8,204,5,2231,0
6.8333335,205,5,2232,0
6.866667,206,5,2233,0
6.9,207,5,2234,0
6.9333334,208,5,2235,0
6.9666667,209,5,2236,0
7.0,210,5,2237,0
7.0333333,211,5,2238,0
7.0666666,212,5,2239,0
7.1,213,5,2240,0
7.133333,214,5,2241,0
7.1666665,215,5,2242,0
7.2,216,5,2243,0
7.233333,217,5,2244,0
7.266667,218,5,2245,0
7.3,219,5,2246,0
7.3333335,220,5,2247,0
7.366667,221,5,2248,0
7.4,222,5,2249,0
7.4333334,223,5,2250,0
7.4666667,224,5,2251,0
7.5,225,5,2252,0
7.5333333,226,5,2253,0
7.5666666,227,5,2254,0
7.6,228,5,2255,0
7.633333,229,5,2256,0
7.6666665,230,5,2257,0
7.7,231,5,2258,0
7.733333,232,5,2259,0
7.766667,233,5,2260,0
7.8,234,5,2261,0
7.8333335,235,5,2262,0
7.866667,236,5,2263,0
7.9,237,5,2264,0
7.9333334,238,5,2265,0
7.9666667,239,5,2266,0
8.0,240,5,2267,0
8.033334,241,5,2268,0
8.066667,242,5,2269,0
8.1,243,5,2270,0
8.133333,244,5,2271,0
8.166667,245,5,2272,0
8.2,246,5,2273,0
8.233334,247,5,2274,0
8.266666,248,5,2275,0
8.3,249,5,2276,0
8.333333,250,5,2277,0
8.366667,251,5,2278,0
8.4,252,5,2279,0
8.433333,253,5,2280,0
8.466666,254,5,2281,0
8.5,255,5,2282,0
8.533334,256,5,2283,0
8.566667,257,5,2284,0
8.6,258,5,2285,0
8.633333,259,5,2286,0
8.666667,260,5,2287,0
8.7,261,5,2288,0
8.733334,262,5,2289,0
8.766666,263,5,2290,0
8.8,264,5,2291,0
8.833333,265,5,2292,0
8.866667,266,5,2293,0
8.9,267,5,2294,0
8.933333,268,5,2295,0
8.966666,269,5,2296,0
9.0,270,5,2297,0
9.033334,271,5,2298,0
9.066667,272,5,2299,0
9.1,273,5,2300,0
9.133333,274,5,2301,0
9.166667,275,5,2302,0
9.2,276,5,2303,0
9.233334,277,5,2304,0
9.266666,278,5,2305,0
9.3,279,5,2306,0
9.333333,280,5,2307,0
9.366667,281,5,2308,0
9.4,282,5,2309,0
9.433333,283,5,2310,0
9.466666,284,5,2311,0
9.5,285,5,2312,0
9.533334,286,5,2313,0
9.566667,287,5,2314,0
9.6,288,5,2315,0
9.633333,289,5,2316,0
9.666667,290,5,2317,0
9.7,291,5,2318,0
9.733334,292,5,2319,0
9.766666,293,5,2320,0
9.8,294,5,2321,0
9.833333,295,5,2322,0
9.866667,296,5,2323,0
9.9,297,5,2324,0
9.933333,298,5,2325,0
9.966666,299,5,2326,0
10.0,300,5,2327,0
10.033334,301,5,2328,0
10.066667,302,5,2329,0
10.1,303,5,2330,0
10.133333,304,5,2331,0
10.166667,305,5,2332,0
10.2,306,5,2333,0
10.233334,307,5,2334,0
10.266666,308,5,2335,0
10.3,309,5,2336,0
10.333333,310,5,2337,0
10.366667,311,5,2338,0
10.4,312,5,2339,0
10.433333,313,5,2340,0
10.466666,314,5,2341,0
10.5,315,5,2342,0
10.533334,316,5,2343,0
10.566667,317,5,2344,0
10.6,318,5,2345,0
10.633333,319,5,2346,0
10.666667,320,5,2347,0
10.7,321,5,2348,0
10.733334,322,5,2349,0
10.766666,323,5,2350,0
10.8,324,5,2351,0
10.833333,325,5,2352,0
10.866667,326,5,2353,0
10.9,327,5,2354,0
10.933333,328,5,2355,0
10.966666,329,5,2356,0
11.0,330,5,2357,0
11.033334,331,5,2358,0
11.066667,332,5,2359,0
11.1,333,5,2360,0
11.133333,334,5,2361,0
11.166667,335,5,2362,0
11.2,336,5,2363,0
11.233334,337,5,2364,0
11.266666,338,5,2365,0
11.3,339,5,2366,0
11.333333,340,5,2367,0
11.366667,341,5,2368,0
11.4,342,5,2369,0
11.433333,343,5,2370,0
11.466666,344,5,2371,0
11.5,345,5,2372,0
11.533334,346,5,2373,0
11.566667,347,5,2374,0
11.6,348,5,2375,0
11.633333,349,5,2376,0
11.666667,350,5,2377,0
11.7,351,5,2378,0
11.733334,352,5,2379,0
11.766666,353,5,2380,0
11.8,354,5,2381,0
11.833333,355,5,2382,0
11.866667,356,5,2383,0
11.9,357,5,2384,0
11.933333,358,5,2385,0
11.966666,359,5,2386,0
12.0,360,5,2387,0
12.033334,361,5,2388,0
12.066667,362,5,2389,0
12.1,363,5,2390,0
12.133333,364,5,2391,0
12.166667,365,5,2392,0
12.2,366,5,2393,0
12.233334,367,5,2394,0
12.266666,368,5,2395,0
12.3,369,5,2396,0
12.333333,370,5,2397,0
12.366667,371,5,2398,0
12.4,372,5,2399,0
12.433333,373,5,2400,0
12.466666,374,5,2401,0
12.5,375,5,2402,0
12.533334,376,5,2403,0
12.566667,377,5,2404,0
12.6,378,5,2405,0
12.633333,379,5,2406,0
12.666667,380,5,2407,0
12.7,381,5,2408,0
12.733334,382,5,2409,0
12.766666,383,5,2410,0
12.8,384,5,2411,0
12.833333,385,5,2412,0
12.866667,386,5,2413,0
12.9,387,5,2414,0
12.933333,388,5,2415,0
12.966666,389,5,2416,0
13.0,390,5,2417,0
13.033334,391,5,2418,0
13.066667,392,5,2419,0
13.1,393,5,2420,0
13.133333,394,5,2421,0
13.166667,395,5,2422,0
13.2,396,5,2423,0
13.233334,397,5,2424,0
13.266666,398,5,2425,0
13.3,399,5,2426,0
13.333333,400,5,2427,0
13.366667,401,5,2428,0
13.4,402,5,2429,0
13.433333,403,5,2430,0
13.466666,404,5,2431,0
13.5,405,5,2432,0
13.533334,406,5,2433,0
13.566667,407,5,2434,0
13.6,408,5,2435,0
13.633333,409,5,2436,0
13.666667,410,5,2437,0
13.7,411,5,2438,0
13.733334,412,5,2439,0
13.766666,413,5,2440,0
13.8,414,5,2441,0
13.833333,415,5,2442,0
13.866667,416,5,2443,0
0.0,0,6,2444,0
0.033333335,1,6,2445,0
0.06666667,2,6,2446,0
0.1,3,6,2447,0
0.13333334,4,6,2448,0
0.16666667,5,6,2449,0
0.2,6,6,2450,0
0.23333333,7,6,2451,0
0.26666668,8,6,2452,0
0.3,9,6,2453,0
0.33333334,10,6,2454,0
0.36666667,11,6,2455,0
0.4,12,6,2456,0
0.43333334,13,6,2457,0
0.46666667,14,6,2458,0
0.5,15,6,2459,0
0.53333336,16,6,2460,0
0.56666666,17,6,2461,0
0.6,18,6,2462,0
0.6333333,19,6,2463,0
0.6666667,20,6,2464,0
0.7,21,6,2465,0
0.73333335,22,6,2466,0
0.76666665,23,6,2467,0
0.8,24,6,2468,0
0.8333333,25,6,2469,0
0.8666667,26,6,2470,0
0.9,27,6,2471,0
0.93333334,28,6,2472,0
0.96666664,29,6,2473,0
1.0,30,6,2474,0
1.0333333,31,6,2475,0
1.0666667,32,6,2476,0
1.1,33,6,2477,0
1.1333333,34,6,2478,0
1.1666666,35,6,2479,0
1.2,36,6,2480,0
1.2333333,37,6,2481,0
1.2666667,38,6,2482,0
1.3,39,6,2483,0
1.3333334,40,6,2484,0
1.3666667,41,6,2485,0
1.4,42,6,2486,0
1.4333333,43,6,2487,0
1.4666667,44,6,2488,0
1.5,45,6,2489,0
1.5333333,46,6,2490,0
1.5666667,47,6,2491,0
1.6,48,6,2492,0
1.6333333,49,6,2493,0
1.6666666,50,6,2494,0
1.7,51,6,2495,0
1.7333333,52,6,2496,0
1.7666667,53,6,2497,0
1.8,54,6,2498,0
1.8333334,55,6,2499,0
1.8666667,56,6,2500,0
1.9,57,6,2501,0
1.9333333,58,6,2502,0
1.9666667,59,6,2503,0
2.0,60,6,2504,0
2.0333333,61,6,2505,0
2.0666666,62,6,2506,0
2.1,63,6,2507,0
2.1333334,64,6,2508,0
2.1666667,65,6,2509,0
2.2,66,6,2510,0
2.2333333,67,6,2511,0
2.2666667,68,6,2512,0
2.3,69,6,2513,0
2.3333333,70,6,2514,0
2.3666666,71,6,2515,0
2.4,72,6,2516,0
2.4333334,73,6,2517,0
2.4666667,74,6,2518,0
2.5,75,6,2519,0
2.5333333,76,6,2520,0
2.5666666,77,6,2521,0
2.6,78,6,2522,0
2.6333334,79,6,2523,0
2.6666667,80,6,2524,0
2.7,81,6,2525,0
2.7333333,82,6,2526,0
2.7666667,83,6,2527,0
2.8,84,6,2528,0
2.8333333,85,6,2529,0
2.8666666,86,6,2530,0
2.9,87,6,2531,0
2.9333334,88,6,2532,0
2.9666667,89,6,2533,0
3.0,90,6,2534,0
3.0333333,91,6,2535,0
3.0666666,92,6,2536,0
3.1,93,6,2537,0
3.1333334,94,6,2538,0
3.1666667,95,6,2539,0
3.2,96,6,2540,0
3.2333333,97,6,2541,0
3.2666667,98,6,2542,0
3.3,99,6,2543,0
3.3333333,100,6,2544,0
3.3666666,101,6,2545,0
3.4,102,6,2546,0
3.4333334,103,6,2547,0
3.4666667,104,6,2548,0
3.5,105,6,2549,0
3.5333333,106,6,2550,0
3.5666666,107,6,2551,0
3.6,108,6,2552,0
3.6333334,109,6,2553,0
3.6666667,110,6,2554,0
3.7,111,6,2555,0
3.7333333,112,6,2556,0
3.7666667,113,6,2557,0
3.8,114,6,2558,0
3.8333333,115,6,2559,0
3.8666666,116,6,2560,0
3.9,117,6,2561,0
3.9333334,118,6,2562,0
3.9666667,119,6,2563,0
4.0,120,6,2564,0
4.0333333,121,6,2565,0
4.0666666,122,6,2566,0
4.1,123,6,2567,0
4.133333,124,6,2568,0
4.1666665,125,6,2569,0
4.2,126,6,2570,0
4.233333,127,6,2571,0
4.266667,128,6,2572,0
4.3,129,6,2573,0
4.3333335,130,6,2574,0
4.366667,131,6,2575,0
4.4,132,6,2576,0
4.4333334,133,6,2577,0
4.4666667,134,6,2578,0
4.5,135,6,2579,0
4.5333333,136,6,2580,0
4.5666666,137,6,2581,0
4.6,138,6,2582,0
4.633333,139,6,2583,0
4.6666665,140,6,2584,0
4.7,141,6,2585,0
4.733333,142,6,2586,0
4.766667,143,6,2587,0
4.8,144,6,2588,0
4.8333335,145,6,2589,0
4.866667,146,6,2590,0
4.9,147,6,2591,0
4.9333334,148,6,2592,0
4.9666667,149,6,2593,0
5.0,150,6,2594,0
5.0333333,151,6,2595,0
5.0666666,152,6,2596,0
5.1,153,6,2597,0
5.133333,154,6,2598,0
5.1666665,155,6,2599,0
5.2,156,6,2600,0
5.233333,157,6,2601,0
5.266667,158,6,2602,0
5.3,159,6,2603,0
5.3333335,160,6,2604,0
5.366667,161,6,2605,0
5.4,162,6,2606,0
5.4333334,163,6,2607,0
5.4666667,164,6,2608,0
5.5,165,6,2609,0
5.5333333,166,6,2610,0
5.5666666,167,6,2611,0
5.6,168,6,2612,0
5.633333,169,6,2613,0
5.6666665,170,6,2614,0
5.7,171,6,2615,0
5.733333,172,6,2616,0
5.766667,173,6,2617,0
5.8,174,6,2618,0
5.8333335,175,6,2619,0
5.866667,176,6,2620,0
5.9,177,6,2621,0
5.9333334,178,6,2622,0
5.9666667,179,6,2623,0
6.0,180,6,2624,0
6.0333333,181,6,2625,0
6.0666666,182,6,2626,0
6.1,183,6,2627,0
6.133333,184,6,2628,0
6.1666665,185,6,2629,0
6.2,186,6,2630,0
6.233333,187,6,2631,0
6.266667,188,6,2632,0
6.3,189,6,2633,0
6.3333335,190,6,2634,0
6.366667,191,6,2635,0
6.4,192,6,2636,0
6.4333334,193,6,2637,0
6.4666667,194,6,2638,0
6.5,195,6,2639,0
6.5333333,196,6,2640,0
6.5666666,197,6,2641,0
6.6,198,6,2642,0
6.633333,199,6,2643,0
6.6666665,200,6,2644,0
6.7,201,6,2645,0
6.733333,202,6,2646,0
6.766667,203,6,2647,0
6.8,204,6,2648,0
6.8333335,205,6,2649,0
6.866667,206,6,2650,0
6.9,207,6,2651,0
6.9333334,208,6,2652,0
6.9666667,209,6,2653,0
7.0,210,6,2654,0
7.0333333,211,6,2655,0
7.0666666,212,6,2656,0
7.1,213,6,2657,0
7.133333,214,6,2658,0
7.1666665,215,6,2659,0
7.2,216,6,2660,0
7.233333,217,6,2661,0
7.266667,218,6,2662,0
7.3,219,6,2663,0
7.3333335,220,6,2664,0
7.366667,221,6,2665,0
7.4,222,6,2666,0
7.4333334,223,6,2667,0
7.4666667,224,6,2668,0
7.5,225,6,2669,0
7.5333333,226,6,2670,0
7.5666666,227,6,2671,0
7.6,228,6,2672,0
7.633333,229,6,2673,0
7.6666665,230,6,2674,0
7.7,231,6,2675,0
7.733333,232,6,2676,0
7.766667,233,6,2677,0
7.8,234,6,2678,0
7.8333335,235,6,2679,0
7.866667,236,6,2680,0
7.9,237,6,2681,0
7.9333334,238,6,2682,0
7.9666667,239,6,2683,0
8.0,240,6,2684,0
8.033334,241,6,2685,0
8.066667,242,6,2686,0
8.1,243,6,2687,0
8.133333,244,6,2688,0
8.166667,245,6,2689,0
8.2,246,6,2690,0
8.233334,247,6,2691,0
8.266666,248,6,2692,0
8.3,249,6,2693,0
8.333333,250,6,2694,0
8.366667,251,6,2695,0
8.4,252,6,2696,0
8.433333,253,6,2697,0
8.466666,254,6,2698,0
8.5,255,6,2699,0
8.533334,256,6,2700,0
8.566667,257,6,2701,0
8.6,258,6,2702,0
8.633333,259,6,2703,0
8.666667,260,6,2704,0
8.7,261,6,2705,0
8.733334,262,6,2706,0
8.766666,263,6,2707,0
8.8,264,6,2708,0
8.833333,265,6,2709,0
8.866667,266,6,2710,0
8.9,267,6,2711,0
8.933333,268,6,2712,0
8.966666,269,6,2713,0
9.0,270,6,2714,0
9.033334,271,6,2715,0
9.066667,272,6,2716,0
9.1,273,6,2717,0
9.133333,274,6,2718,0
9.166667,275,6,2719,0
9.2,276,6,2720,0
9.233334,277,6,2721,0
9.266666,278,6,2722,0
9.3,279,6,2723,0
9.333333,280,6,2724,0
9.366667,281,6,2725,0
9.4,282,6,2726,0
9.433333,283,6,2727,0
9.466666,284,6,2728,0
9.5,285,6,2729,0
9.533334,286,6,2730,0
9.566667,287,6,2731,0
9.6,288,6,2732,0
9.633333,289,6,2733,0
9.666667,290,6,2734,0
9.7,291,6,2735,0
9.733334,292,6,2736,0
9.766666,293,6,2737,0
9.8,294,6,2738,0
9.833333,295,6,2739,0
9.866667,296,6,2740,0
9.9,297,6,2741,0
9.933333,298,6,2742,0
9.966666,299,6,2743,0
10.0,300,6,2744,0
10.033334,301,6,2745,0
10.066667,302,6,2746,0
10.1,303,6,2747,0
10.133333,304,6,2748,0
10.166667,305,6,2749,0
10.2,306,6,2750,0
10.233334,307,6,2751,0
10.266666,308,6,2752,0
10.3,309,6,2753,0
10.333333,310,6,2754,0
10.366667,311,6,2755,0
10.4,312,6,2756,0
10.433333,313,6,2757,0
10.466666,314,6,2758,0
10.5,315,6,2759,0
10.533334,316,6,2760,0
10.566667,317,6,2761,0
10.6,318,6,2762,0
10.633333,319,6,2763,0
10.666667,320,6,2764,0
10.7,321,6,2765,0
10.733334,322,6,2766,0
10.766666,323,6,2767,0
10.8,324,6,2768,0
10.833333,325,6,2769,0
10.866667,326,6,2770,0
10.9,327,6,2771,0
10.933333,328,6,2772,0
10.966666,329,6,2773,0
11.0,330,6,2774,0
11.033334,331,6,2775,0
11.066667,332,6,2776,0
11.1,333,6,2777,0
11.133333,334,6,2778,0
11.166667,335,6,2779,0
11.2,336,6,2780,0
11.233334,337,6,2781,0
11.266666,338,6,2782,0
11.3,339,6,2783,0
11.333333,340,6,2784,0
11.366667,341,6,2785,0
11.4,342,6,2786,0
11.433333,343,6,2787,0
11.466666,344,6,2788,0
11.5,345,6,2789,0
11.533334,346,6,2790,0
11.566667,347,6,2791,0
11.6,348,6,2792,0
11.633333,349,6,2793,0
11.666667,350,6,2794,0
11.7,351,6,2795,0
11.733334,352,6,2796,0
11.766666,353,6,2797,0
11.8,354,6,2798,0
11.833333,355,6,2799,0
11.866667,356,6,2800,0
11.9,357,6,2801,0
11.933333,358,6,2802,0
11.966666,359,6,2803,0
12.0,360,6,2804,0
12.033334,361,6,2805,0
12.066667,362,6,2806,0
12.1,363,6,2807,0
12.133333,364,6,2808,0
12.166667,365,6,2809,0
12.2,366,6,2810,0
12.233334,367,6,2811,0
12.266666,368,6,2812,0
12.3,369,6,2813,0
12.333333,370,6,2814,0
12.366667,371,6,2815,0
12.4,372,6,2816,0
12.433333,373,6,2817,0
12.466666,374,6,2818,0
12.5,375,6,2819,0
12.533334,376,6,2820,0
12.566667,377,6,2821,0
12.6,378,6,2822,0
12.633333,379,6,2823,0
12.666667,380,6,2824,0
12.7,381,6,2825,0
12.733334,382,6,2826,0
12.766666,383,6,2827,0
12.8,384,6,2828,0
12.833333,385,6,2829,0
12.866667,386,6,2830,0
12.9,387,6,2831,0
12.933333,388,6,2832,0
12.966666,389,6,2833,0
13.0,390,6,2834,0
13.033334,391,6,2835,0
13.066667,392,6,2836,0
13.1,393,6,2837,0
13.133333,394,6,2838,0
13.166667,395,6,2839,0
13.2,396,6,2840,0
13.233334,397,6,2841,0
13.266666,398,6,2842,0
13.3,399,6,2843,0
13.333333,400,6,2844,0
13.366667,401,6,2845,0
13.4,402,6,2846,0
13.433333,403,6,2847,0
13.466666,404,6,2848,0
13.5,405,6,2849,0
13.533334,406,6,2850,0
13.566667,407,6,2851,0
13.6,408,6,2852,0
13.633333,409,6,2853,0
13.666667,410,6,2854,0
13.7,411,6,2855,0
13.733334,412,6,2856,0
13.766666,413,6,2857,0
13.8,414,6,2858,0
13.833333,415,6,2859,0
13.866667,416,6,2860,0
13.9,417,6,2861,0
13.933333,418,6,2862,0
13.966666,419,6,2863,0
14.0,420,6,2864,0
14.033334,421,6,2865,0
14.066667,422,6,2866,0
14.1,423,6,2867,0
14.133333,424,6,2868,0
14.166667,425,6,2869,0
14.2,426,6,2870,0
14.233334,427,6,2871,0
14.266666,428,6,2872,0
14.3,429,6,2873,0
14.333333,430,6,2874,0
14.366667,431,6,2875,0
14.4,432,6,2876,0
14.433333,433,6,2877,0
14.466666,434,6,2878,0
14.5,435,6,2879,0
14.533334,436,6,2880,0
14.566667,437,6,2881,0
14.6,438,6,2882,0
14.633333,439,6,2883,0
14.666667,440,6,2884,0
14.7,441,6,2885,0
14.733334,442,6,2886,0
14.766666,443,6,2887,0
14.8,444,6,2888,0
14.833333,445,6,2889,0
14.866667,446,6,2890,0
14.9,447,6,2891,0
14.933333,448,6,2892,0
14.966666,449,6,2893,0
15.0,450,6,2894,0
15.033334,451,6,2895,0
15.066667,452,6,2896,0
15.1,453,6,2897,0
15.133333,454,6,2898,0
15.166667,455,6,2899,0
15.2,456,6,2900,0
15.233334,457,6,2901,0
15.266666,458,6,2902,0
15.3,459,6,2903,0
15.333333,460,6,2904,0
15.366667,461,6,2905,0
15.4,462,6,2906,0
15.433333,463,6,2907,0
15.466666,464,6,2908,0
15.5,465,6,2909,0
15.533334,466,6,2910,0
15.566667,467,6,2911,0
15.6,468,6,2912,0
15.633333,469,6,2913,0
15.666667,470,6,2914,0
15.7,471,6,2915,0
15.733334,472,6,2916,0
15.766666,473,6,2917,0
15.8,474,6,2918,0
15.833333,475,6,2919,0
15.866667,476,6,2920,0
15.9,477,6,2921,0
15.933333,478,6,2922,0
15.966666,479,6,2923,0
16.0,480,6,2924,0
16.033333,481,6,2925,0
16.066668,482,6,2926,0
16.1,483,6,2927,0
16.133333,484,6,2928,0
16.166666,485,6,2929,0
16.2,486,6,2930,0
16.233334,487,6,2931,0
16.266666,488,6,2932,0
16.3,489,6,2933,0
16.333334,490,6,2934,0
16.366667,491,6,2935,0
0.0,0,7,2936,0
0.033333335,1,7,2937,0
0.06666667,2,7,2938,0
0.1,3,7,2939,0
0.13333334,4,7,2940,0
0.16666667,5,7,2941,0
0.2,6,7,2942,0
0.23333333,7,7,2943,0
0.26666668,8,7,2944,0
0.3,9,7,2945,0
0.33333334,10,7,2946,0
0.36666667,11,7,2947,0
0.4,12,7,2948,0
0.43333334,13,7,2949,0
0.46666667,14,7,2950,0
0.5,15,7,2951,0
0.53333336,16,7,2952,0
0.56666666,17,7,2953,0
0.6,18,7,2954,0
0.6333333,19,7,2955,0
0.6666667,20,7,2956,0
0.7,21,7,2957,0
0.73333335,22,7,2958,0
0.76666665,23,7,2959,0
0.8,24,7,2960,0
0.8333333,25,7,2961,0
0.8666667,26,7,2962,0
0.9,27,7,2963,0
0.93333334,28,7,2964,0
0.96666664,29,7,2965,0
1.0,30,7,2966,0
1.0333333,31,7,2967,0
1.0666667,32,7,2968,0
1.1,33,7,2969,0
1.1333333,34,7,2970,0
1.1666666,35,7,2971,0
1.2,36,7,2972,0
1.2333333,37,7,2973,0
1.2666667,38,7,2974,0
1.3,39,7,2975,0
1.3333334,40,7,2976,0
1.3666667,41,7,2977,0
1.4,42,7,2978,0
1.4333333,43,7,2979,0
1.4666667,44,7,2980,0
1.5,45,7,2981,0
1.5333333,46,7,2982,0
1.5666667,47,7,2983,0
1.6,48,7,2984,0
1.6333333,49,7,2985,0
1.6666666,50,7,2986,0
1.7,51,7,2987,0
1.7333333,52,7,2988,0
1.7666667,53,7,2989,0
1.8,54,7,2990,0
1.8333334,55,7,2991,0
1.8666667,56,7,2992,0
1.9,57,7,2993,0
1.9333333,58,7,2994,0
1.9666667,59,7,2995,0
2.0,60,7,2996,0
2.0333333,61,7,2997,0
2.0666666,62,7,2998,0
2.1,63,7,2999,0
2.1333334,64,7,3000,0
2.1666667,65,7,3001,0
2.2,66,7,3002,0
2.2333333,67,7,3003,0
2.2666667,68,7,3004,0
2.3,69,7,3005,0
2.3333333,70,7,3006,0
2.3666666,71,7,3007,0
2.4,72,7,3008,0
2.4333334,73,7,3009,0
2.4666667,74,7,3010,0
2.5,75,7,3011,0
2.5333333,76,7,3012,0
2.5666666,77,7,3013,0
2.6,78,7,3014,0
2.6333334,79,7,3015,0
2.6666667,80,7,3016,0
2.7,81,7,3017,0
2.7333333,82,7,3018,0
2.7666667,83,7,3019,0
2.8,84,7,3020,0
2.8333333,85,7,3021,0
2.8666666,86,7,3022,0
2.9,87,7,3023,0
2.9333334,88,7,3024,0
2.9666667,89,7,3025,0
3.0,90,7,3026,0
3.0333333,91,7,3027,0
3.0666666,92,7,3028,0
3.1,93,7,3029,0
3.1333334,94,7,3030,0
3.1666667,95,7,3031,0
3.2,96,7,3032,0
3.2333333,97,7,3033,0
3.2666667,98,7,3034,0
3.3,99,7,3035,0
3.3333333,100,7,3036,0
3.3666666,101,7,3037,0
3.4,102,7,3038,0
3.4333334,103,7,3039,0
3.4666667,104,7,3040,0
3.5,105,7,3041,0
3.5333333,106,7,3042,0
3.5666666,107,7,3043,0
3.6,108,7,3044,0
3.6333334,109,7,3045,0
3.6666667,110,7,3046,0
3.7,111,7,3047,0
3.7333333,112,7,3048,0
3.7666667,113,7,3049,0
3.8,114,7,3050,0
3.8333333,115,7,3051,0
3.8666666,116,7,3052,0
3.9,117,7,3053,0
3.9333334,118,7,3054,0
3.9666667,119,7,3055,0
4.0,120,7,3056,0
4.0333333,121,7,3057,0
4.0666666,122,7,3058,0
4.1,123,7,3059,0
4.133333,124,7,3060,0
4.1666665,125,7,3061,0
4.2,126,7,3062,0
4.233333,127,7,3063,0
4.266667,128,7,3064,0
4.3,129,7,3065,0
4.3333335,130,7,3066,0
4.366667,131,7,3067,0
4.4,132,7,3068,0
4.4333334,133,7,3069,0
4.4666667,134,7,3070,0
4.5,135,7,3071,0
4.5333333,136,7,3072,0
4.5666666,137,7,3073,0
4.6,138,7,3074,0
4.633333,139,7,3075,0
4.6666665,140,7,3076,0
4.7,141,7,3077,0
4.733333,142,7,3078,0
4.766667,143,7,3079,0
4.8,144,7,3080,0
4.8333335,145,7,3081,0
4.866667,146,7,3082,0
4.9,147,7,3083,0
4.9333334,148,7,3084,0
4.9666667,149,7,3085,0
5.0,150,7,3086,0
5.0333333,151,7,3087,0
5.0666666,152,7,3088,0
5.1,153,7,3089,0
5.133333,154,7,3090,0
5.1666665,155,7,3091,0
5.2,156,7,3092,0
5.233333,157,7,3093,0
5.266667,158,7,3094,0
5.3,159,7,3095,0
5.3333335,160,7,3096,0
5.366667,161,7,3097,0
5.4,162,7,3098,0
5.4333334,163,7,3099,0
5.4666667,164,7,3100,0
5.5,165,7,3101,0
5.5333333,166,7,3102,0
5.5666666,167,7,3103,0
5.6,168,7,3104,0
5.633333,169,7,3105,0
5.6666665,170,7,3106,0
5.7,171,7,3107,0
5.733333,172,7,3108,0
5.766667,173,7,3109,0
5.8,174,7,3110,0
5.8333335,175,7,3111,0
5.866667,176,7,3112,0
5.9,177,7,3113,0
5.9333334,178,7,3114,0
5.9666667,179,7,3115,0
6.0,180,7,3116,0
6.0333333,181,7,3117,0
6.0666666,182,7,3118,0
6.1,183,7,3119,0
6.133333,184,7,3120,0
6.1666665,185,7,3121,0
6.2,186,7,3122,0
6.233333,187,7,3123,0
6.266667,188,7,3124,0
6.3,189,7,3125,0
6.3333335,190,7,3126,0
6.366667,191,7,3127,0
6.4,192,7,3128,0
6.4333334,193,7,3129,0
6.4666667,194,7,3130,0
6.5,195,7,3131,0
6.5333333,196,7,3132,0
6.5666666,197,7,3133,0
6.6,198,7,3134,0
6.633333,199,7,3135,0
6.6666665,200,7,3136,0
6.7,201,7,3137,0
6.733333,202,7,3138,0
6.766667,203,7,3139,0
6.8,204,7,3140,0
6.8333335,205,7,3141,0
6.866667,206,7,3142,0
6.9,207,7,3143,0
6.9333334,208,7,3144,0
6.9666667,209,7,3145,0
7.0,210,7,3146,0
7.0333333,211,7,3147,0
7.0666666,212,7,3148,0
7.1,213,7,3149,0
7.133333,214,7,3150,0
7.1666665,215,7,3151,0
7.2,216,7,3152,0
7.233333,217,7,3153,0
7.266667,218,7,3154,0
7.3,219,7,3155,0
7.3333335,220,7,3156,0
7.366667,221,7,3157,0
7.4,222,7,3158,0
7.4333334,223,7,3159,0
7.4666667,224,7,3160,0
7.5,225,7,3161,0
7.5333333,226,7,3162,0
7.5666666,227,7,3163,0
7.6,228,7,3164,0
7.633333,229,7,3165,0
7.6666665,230,7,3166,0
7.7,231,7,3167,0
7.733333,232,7,3168,0
7.766667,233,7,3169,0
7.8,234,7,3170,0
7.8333335,235,7,3171,0
7.866667,236,7,3172,0
7.9,237,7,3173,0
7.9333334,238,7,3174,0
7.9666667,239,7,3175,0
8.0,240,7,3176,0
8.033334,241,7,3177,0
8.066667,242,7,3178,0
8.1,243,7,3179,0
8.133333,244,7,3180,0
8.166667,245,7,3181,0
8.2,246,7,3182,0
8.233334,247,7,3183,0
8.266666,248,7,3184,0
8.3,249,7,3185,0
8.333333,250,7,3186,0
8.366667,251,7,3187,0
8.4,252,7,3188,0
8.433333,253,7,3189,0
8.466666,254,7,3190,0
8.5,255,7,3191,0
8.533334,256,7,3192,0
8.566667,257,7,3193,0
8.6,258,7,3194,0
8.633333,259,7,3195,0
8.666667,260,7,3196,0
8.7,261,7,3197,0
8.733334,262,7,3198,0
8.766666,263,7,3199,0
8.8,264,7,3200,0
8.833333,265,7,3201,0
8.866667,266,7,3202,0
8.9,267,7,3203,0
8.933333,268,7,3204,0
8.966666,269,7,3205,0
9.0,270,7,3206,0
9.033334,271,7,3207,0
9.066667,272,7,3208,0
9.1,273,7,3209,0
9.133333,274,7,3210,0
9.166667,275,7,3211,0
9.2,276,7,3212,0
9.233334,277,7,3213,0
9.266666,278,7,3214,0
9.3,279,7,3215,0
9.333333,280,7,3216,0
9.366667,281,7,3217,0
9.4,282,7,3218,0
9.433333,283,7,3219,0
9.466666,284,7,3220,0
9.5,285,7,3221,0
9.533334,286,7,3222,0
9.566667,287,7,3223,0
9.6,288,7,3224,0
9.633333,289,7,3225,0
9.666667,290,7,3226,0
9.7,291,7,3227,0
9.733334,292,7,3228,0
9.766666,293,7,3229,0
9.8,294,7,3230,0
9.833333,295,7,3231,0
9.866667,296,7,3232,0
9.9,297,7,3233,0
9.933333,298,7,3234,0
9.966666,299,7,3235,0
10.0,300,7,3236,0
10.033334,301,7,3237,0
10.066667,302,7,3238,0
10.1,303,7,3239,0
10.133333,304,7,3240,0
10.166667,305,7,3241,0
10.2,306,7,3242,0
10.233334,307,7,3243,0
10.266666,308,7,3244,0
10.3,309,7,3245,0
10.333333,310,7,3246,0
10.366667,311,7,3247,0
10.4,312,7,3248,0
10.433333,313,7,3249,0
10.466666,314,7,3250,0
10.5,315,7,3251,0
10.533334,316,7,3252,0
10.566667,317,7,3253,0
10.6,318,7,3254,0
10.633333,319,7,3255,0
10.666667,320,7,3256,0
10.7,321,7,3257,0
10.733334,322,7,3258,0
10.766666,323,7,3259,0
10.8,324,7,3260,0
10.833333,325,7,3261,0
10.866667,326,7,3262,0
10.9,327,7,3263,0
10.933333,328,7,3264,0
10.966666,329,7,3265,0
11.0,330,7,3266,0
11.033334,331,7,3267,0
11.066667,332,7,3268,0
11.1,333,7,3269,0
11.133333,334,7,3270,0
11.166667,335,7,3271,0
11.2,336,7,3272,0
11.233334,337,7,3273,0
11.266666,338,7,3274,0
11.3,339,7,3275,0
11.333333,340,7,3276,0
11.366667,341,7,3277,0
11.4,342,7,3278,0
11.433333,343,7,3279,0
11.466666,344,7,3280,0
11.5,345,7,3281,0
11.533334,346,7,3282,0
11.566667,347,7,3283,0
11.6,348,7,3284,0
11.633333,349,7,3285,0
11.666667,350,7,3286,0
11.7,351,7,3287,0
11.733334,352,7,3288,0
11.766666,353,7,3289,0
11.8,354,7,3290,0
11.833333,355,7,3291,0
11.866667,356,7,3292,0
11.9,357,7,3293,0
11.933333,358,7,3294,0
11.966666,359,7,3295,0
12.0,360,7,3296,0
12.033334,361,7,3297,0
12.066667,362,7,3298,0
12.1,363,7,3299,0
12.133333,364,7,3300,0
12.166667,365,7,3301,0
12.2,366,7,3302,0
12.233334,367,7,3303,0
12.266666,368,7,3304,0
12.3,369,7,3305,0
12.333333,370,7,3306,0
12.366667,371,7,3307,0
12.4,372,7,3308,0
12.433333,373,7,3309,0
12.466666,374,7,3310,0
12.5,375,7,3311,0
12.533334,376,7,3312,0
12.566667,377,7,3313,0
12.6,378,7,3314,0
12.633333,379,7,3315,0
12.666667,380,7,3316,0
12.7,381,7,3317,0
12.733334,382,7,3318,0
12.766666,383,7,3319,0
12.8,384,7,3320,0
12.833333,385,7,3321,0
12.866667,386,7,3322,0
12.9,387,7,3323,0
12.933333,388,7,3324,0
12.966666,389,7,3325,0
13.0,390,7,3326,0
13.033334,391,7,3327,0
13.066667,392,7,3328,0
13.1,393,7,3329,0
13.133333,394,7,3330,0
13.166667,395,7,3331,0
13.2,396,7,3332,0
13.233334,397,7,3333,0
13.266666,398,7,3334,0
13.3,399,7,3335,0
13.333333,400,7,3336,0
13.366667,401,7,3337,0
13.4,402,7,3338,0
13.433333,403,7,3339,0
13.466666,404,7,3340,0
13.5,405,7,3341,0
13.533334,406,7,3342,0
13.566667,407,7,3343,0
13.6,408,7,3344,0
13.633333,409,7,3345,0
13.666667,410,7,3346,0
13.7,411,7,3347,0
13.733334,412,7,3348,0
13.766666,413,7,3349,0
13.8,414,7,3350,0
13.833333,415,7,3351,0
13.866667,416,7,3352,0
13.9,417,7,3353,0
13.933333,418,7,3354,0
13.966666,419,7,3355,0
14.0,420,7,3356,0
14.033334,421,7,3357,0
14.066667,422,7,3358,0
14.1,423,7,3359,0
14.133333,424,7,3360,0
14.166667,425,7,3361,0
14.2,426,7,3362,0
14.233334,427,7,3363,0
14.266666,428,7,3364,0
14.3,429,7,3365,0
14.333333,430,7,3366,0
14.366667,431,7,3367,0
14.4,432,7,3368,0
14.433333,433,7,3369,0
14.466666,434,7,3370,0
14.5,435,7,3371,0
14.533334,436,7,3372,0
0.0,0,8,3373,0
0.033333335,1,8,3374,0
0.06666667,2,8,3375,0
0.1,3,8,3376,0
0.13333334,4,8,3377,0
0.16666667,5,8,3378,0
0.2,6,8,3379,0
0.23333333,7,8,3380,0
0.26666668,8,8,3381,0
0.3,9,8,3382,0
0.33333334,10,8,3383,0
0.36666667,11,8,3384,0
0.4,12,8,3385,0
0.43333334,13,8,3386,0
0.46666667,14,8,3387,0
0.5,15,8,3388,0
0.53333336,16,8,3389,0
0.56666666,17,8,3390,0
0.6,18,8,3391,0
0.6333333,19,8,3392,0
0.6666667,20,8,3393,0
0.7,21,8,3394,0
0.73333335,22,8,3395,0
0.76666665,23,8,3396,0
0.8,24,8,3397,0
0.8333333,25,8,3398,0
0.8666667,26,8,3399,0
0.9,27,8,3400,0
0.93333334,28,8,3401,0
0.96666664,29,8,3402,0
1.0,30,8,3403,0
1.0333333,31,8,3404,0
1.0666667,32,8,3405,0
1.1,33,8,3406,0
1.1333333,34,8,3407,0
1.1666666,35,8,3408,0
1.2,36,8,3409,0
1.2333333,37,8,3410,0
1.2666667,38,8,3411,0
1.3,39,8,3412,0
1.3333334,40,8,3413,0
1.3666667,41,8,3414,0
1.4,42,8,3415,0
1.4333333,43,8,3416,0
1.4666667,44,8,3417,0
1.5,45,8,3418,0
1.5333333,46,8,3419,0
1.5666667,47,8,3420,0
1.6,48,8,3421,0
1.6333333,49,8,3422,0
1.6666666,50,8,3423,0
1.7,51,8,3424,0
1.7333333,52,8,3425,0
1.7666667,53,8,3426,0
1.8,54,8,3427,0
1.8333334,55,8,3428,0
1.8666667,56,8,3429,0
1.9,57,8,3430,0
1.9333333,58,8,3431,0
1.9666667,59,8,3432,0
2.0,60,8,3433,0
2.0333333,61,8,3434,0
2.0666666,62,8,3435,0
2.1,63,8,3436,0
2.1333334,64,8,3437,0
2.1666667,65,8,3438,0
2.2,66,8,3439,0
2.2333333,67,8,3440,0
2.2666667,68,8,3441,0
2.3,69,8,3442,0
2.3333333,70,8,3443,0
2.3666666,71,8,3444,0
2.4,72,8,3445,0
2.4333334,73,8,3446,0
2.4666667,74,8,3447,0
2.5,75,8,3448,0
2.5333333,76,8,3449,0
2.5666666,77,8,3450,0
2.6,78,8,3451,0
2.6333334,79,8,3452,0
2.6666667,80,8,3453,0
2.7,81,8,3454,0
2.7333333,82,8,3455,0
2.7666667,83,8,3456,0
2.8,84,8,3457,0
2.8333333,85,8,3458,0
2.8666666,86,8,3459,0
2.9,87,8,3460,0
2.9333334,88,8,3461,0
2.9666667,89,8,3462,0
3.0,90,8,3463,0
3.0333333,91,8,3464,0
3.0666666,92,8,3465,0
3.1,93,8,3466,0
3.1333334,94,8,3467,0
3.1666667,95,8,3468,0
3.2,96,8,3469,0
3.2333333,97,8,3470,0
3.2666667,98,8,3471,0
3.3,99,8,3472,0
3.3333333,100,8,3473,0
3.3666666,101,8,3474,0
3.4,102,8,3475,0
3.4333334,103,8,3476,0
3.4666667,104,8,3477,0
3.5,105,8,3478,0
3.5333333,106,8,3479,0
3.5666666,107,8,3480,0
3.6,108,8,3481,0
3.6333334,109,8,3482,0
3.6666667,110,8,3483,0
3.7,111,8,3484,0
3.7333333,112,8,3485,0
3.7666667,113,8,3486,0
3.8,114,8,3487,0
3.8333333,115,8,3488,0
3.8666666,116,8,3489,0
3.9,117,8,3490,0
3.9333334,118,8,3491,0
3.9666667,119,8,3492,0
4.0,120,8,3493,0
4.0333333,121,8,3494,0
4.0666666,122,8,3495,0
4.1,123,8,3496,0
4.133333,124,8,3497,0
4.1666665,125,8,3498,0
4.2,126,8,3499,0
4.233333,127,8,3500,0
4.266667,128,8,3501,0
4.3,129,8,3502,0
4.3333335,130,8,3503,0
4.366667,131,8,3504,0
4.4,132,8,3505,0
4.4333334,133,8,3506,0
4.4666667,134,8,3507,0
4.5,135,8,3508,0
4.5333333,136,8,3509,0
4.5666666,137,8,3510,0
4.6,138,8,3511,0
4.633333,139,8,3512,0
4.6666665,140,8,3513,0
4.7,141,8,3514,0
4.733333,142,8,3515,0
4.766667,143,8,3516,0
4.8,144,8,3517,0
4.8333335,145,8,3518,0
4.866667,146,8,3519,0
4.9,147,8,3520,0
4.9333334,148,8,3521,0
4.9666667,149,8,3522,0
5.0,150,8,3523,0
5.0333333,151,8,3524,0
5.0666666,152,8,3525,0
5.1,153,8,3526,0
5.133333,154,8,3527,0
5.1666665,155,8,3528,0
5.2,156,8,3529,0
5.233333,157,8,3530,0
5.266667,158,8,3531,0
5.3,159,8,3532,0
5.3333335,160,8,3533,0
5.366667,161,8,3534,0
5.4,162,8,3535,0
5.4333334,163,8,3536,0
5.4666667,164,8,3537,0
5.5,165,8,3538,0
5.5333333,166,8,3539,0
5.5666666,167,8,3540,0
5.6,168,8,3541,0
5.633333,169,8,3542,0
5.6666665,170,8,3543,0
5.7,171,8,3544,0
5.733333,172,8,3545,0
5.766667,173,8,3546,0
5.8,174,8,3547,0
5.8333335,175,8,3548,0
5.866667,176,8,3549,0
5.9,177,8,3550,0
5.9333334,178,8,3551,0
5.9666667,179,8,3552,0
6.0,180,8,3553,0
6.0333333,181,8,3554,0
6.0666666,182,8,3555,0
6.1,183,8,3556,0
6.133333,184,8,3557,0
6.1666665,185,8,3558,0
6.2,186,8,3559,0
6.233333,187,8,3560,0
6.266667,188,8,3561,0
6.3,189,8,3562,0
6.3333335,190,8,3563,0
6.366667,191,8,3564,0
6.4,192,8,3565,0
6.4333334,193,8,3566,0
6.4666667,194,8,3567,0
6.5,195,8,3568,0
6.5333333,196,8,3569,0
6.5666666,197,8,3570,0
6.6,198,8,3571,0
6.633333,199,8,3572,0
6.6666665,200,8,3573,0
6.7,201,8,3574,0
6.733333,202,8,3575,0
6.766667,203,8,3576,0
6.8,204,8,3577,0
6.8333335,205,8,3578,0
6.866667,206,8,3579,0
6.9,207,8,3580,0
6.9333334,208,8,3581,0
6.9666667,209,8,3582,0
7.0,210,8,3583,0
7.0333333,211,8,3584,0
7.0666666,212,8,3585,0
7.1,213,8,3586,0
7.133333,214,8,3587,0
7.1666665,215,8,3588,0
7.2,216,8,3589,0
7.233333,217,8,3590,0
7.266667,218,8,3591,0
7.3,219,8,3592,0
7.3333335,220,8,3593,0
7.366667,221,8,3594,0
7.4,222,8,3595,0
7.4333334,223,8,3596,0
7.4666667,224,8,3597,0
7.5,225,8,3598,0
7.5333333,226,8,3599,0
7.5666666,227,8,3600,0
7.6,228,8,3601,0
7.633333,229,8,3602,0
7.6666665,230,8,3603,0
7.7,231,8,3604,0
7.733333,232,8,3605,0
7.766667,233,8,3606,0
7.8,234,8,3607,0
7.8333335,235,8,3608,0
7.866667,236,8,3609,0
7.9,237,8,3610,0
7.9333334,238,8,3611,0
7.9666667,239,8,3612,0
8.0,240,8,3613,0
8.033334,241,8,3614,0
8.066667,242,8,3615,0
8.1,243,8,3616,0
8.133333,244,8,3617,0
8.166667,245,8,3618,0
8.2,246,8,3619,0
8.233334,247,8,3620,0
8.266666,248,8,3621,0
8.3,249,8,3622,0
8.333333,250,8,3623,0
8.366667,251,8,3624,0
8.4,252,8,3625,0
8.433333,253,8,3626,0
8.466666,254,8,3627,0
8.5,255,8,3628,0
8.533334,256,8,3629,0
8.566667,257,8,3630,0
8.6,258,8,3631,0
8.633333,259,8,3632,0
8.666667,260,8,3633,0
8.7,261,8,3634,0
8.733334,262,8,3635,0
8.766666,263,8,3636,0
8.8,264,8,3637,0
8.833333,265,8,3638,0
8.866667,266,8,3639,0
8.9,267,8,3640,0
8.933333,268,8,3641,0
8.966666,269,8,3642,0
9.0,270,8,3643,0
9.033334,271,8,3644,0
9.066667,272,8,3645,0
9.1,273,8,3646,0
9.133333,274,8,3647,0
9.166667,275,8,3648,0
9.2,276,8,3649,0
9.233334,277,8,3650,0
9.266666,278,8,3651,0
9.3,279,8,3652,0
9.333333,280,8,3653,0
9.366667,281,8,3654,0
9.4,282,8,3655,0
9.433333,283,8,3656,0
9.466666,284,8,3657,0
9.5,285,8,3658,0
9.533334,286,8,3659,0
9.566667,287,8,3660,0
9.6,288,8,3661,0
9.633333,289,8,3662,0
9.666667,290,8,3663,0
9.7,291,8,3664,0
9.733334,292,8,3665,0
9.766666,293,8,3666,0
9.8,294,8,3667,0
9.833333,295,8,3668,0
9.866667,296,8,3669,0
9.9,297,8,3670,0
9.933333,298,8,3671,0
9.966666,299,8,3672,0
10.0,300,8,3673,0
10.033334,301,8,3674,0
10.066667,302,8,3675,0
10.1,303,8,3676,0
10.133333,304,8,3677,0
10.166667,305,8,3678,0
10.2,306,8,3679,0
10.233334,307,8,3680,0
10.266666,308,8,3681,0
10.3,309,8,3682,0
10.333333,310,8,3683,0
10.366667,311,8,3684,0
10.4,312,8,3685,0
10.433333,313,8,3686,0
10.466666,314,8,3687,0
10.5,315,8,3688,0
10.533334,316,8,3689,0
10.566667,317,8,3690,0
10.6,318,8,3691,0
10.633333,319,8,3692,0
10.666667,320,8,3693,0
10.7,321,8,3694,0
10.733334,322,8,3695,0
10.766666,323,8,3696,0
10.8,324,8,3697,0
10.833333,325,8,3698,0
10.866667,326,8,3699,0
10.9,327,8,3700,0
10.933333,328,8,3701,0
10.966666,329,8,3702,0
11.0,330,8,3703,0
11.033334,331,8,3704,0
11.066667,332,8,3705,0
11.1,333,8,3706,0
11.133333,334,8,3707,0
11.166667,335,8,3708,0
11.2,336,8,3709,0
11.233334,337,8,3710,0
11.266666,338,8,3711,0
11.3,339,8,3712,0
11.333333,340,8,3713,0
11.366667,341,8,3714,0
11.4,342,8,3715,0
11.433333,343,8,3716,0
11.466666,344,8,3717,0
11.5,345,8,3718,0
11.533334,346,8,3719,0
11.566667,347,8,3720,0
11.6,348,8,3721,0
11.633333,349,8,3722,0
11.666667,350,8,3723,0
11.7,351,8,3724,0
11.733334,352,8,3725,0
11.766666,353,8,3726,0
11.8,354,8,3727,0
11.833333,355,8,3728,0
11.866667,356,8,3729,0
11.9,357,8,3730,0
11.933333,358,8,3731,0
11.966666,359,8,3732,0
12.0,360,8,3733,0
12.033334,361,8,3734,0
12.066667,362,8,3735,0
12.1,363,8,3736,0
12.133333,364,8,3737,0
12.166667,365,8,3738,0
12.2,366,8,3739,0
12.233334,367,8,3740,0
12.266666,368,8,3741,0
12.3,369,8,3742,0
12.333333,370,8,3743,0
12.366667,371,8,3744,0
12.4,372,8,3745,0
12.433333,373,8,3746,0
12.466666,374,8,3747,0
12.5,375,8,3748,0
12.533334,376,8,3749,0
12.566667,377,8,3750,0
12.6,378,8,3751,0
12.633333,379,8,3752,0
12.666667,380,8,3753,0
12.7,381,8,3754,0
12.733334,382,8,3755,0
12.766666,383,8,3756,0
0.0,0,9,3757,0
0.033333335,1,9,3758,0
0.06666667,2,9,3759,0
0.1,3,9,3760,0
0.13333334,4,9,3761,0
0.16666667,5,9,3762,0
0.2,6,9,3763,0
0.23333333,7,9,3764,0
0.26666668,8,9,3765,0
0.3,9,9,3766,0
0.33333334,10,9,3767,0
0.36666667,11,9,3768,0
0.4,12,9,3769,0
0.43333334,13,9,3770,0
0.46666667,14,9,3771,0
0.5,15,9,3772,0
0.53333336,16,9,3773,0
0.56666666,17,9,3774,0
0.6,18,9,3775,0
0.6333333,19,9,3776,0
0.6666667,20,9,3777,0
0.7,21,9,3778,0
0.73333335,22,9,3779,0
0.76666665,23,9,3780,0
0.8,24,9,3781,0
0.8333333,25,9,3782,0
0.8666667,26,9,3783,0
0.9,27,9,3784,0
0.93333334,28,9,3785,0
0.96666664,29,9,3786,0
1.0,30,9,3787,0
1.0333333,31,9,3788,0
1.0666667,32,9,3789,0
1.1,33,9,3790,0
1.1333333,34,9,3791,0
1.1666666,35,9,3792,0
1.2,36,9,3793,0
1.2333333,37,9,3794,0
1.2666667,38,9,3795,0
1.3,39,9,3796,0
1.3333334,40,9,3797,0
1.3666667,41,9,3798,0
1.4,42,9,3799,0
1.4333333,43,9,3800,0
1.4666667,44,9,3801,0
1.5,45,9,3802,0
1.5333333,46,9,3803,0
1.5666667,47,9,3804,0
1.6,48,9,3805,0
1.6333333,49,9,3806,0
1.6666666,50,9,3807,0
1.7,51,9,3808,0
1.7333333,52,9,3809,0
1.7666667,53,9,3810,0
1.8,54,9,3811,0
1.8333334,55,9,3812,0
1.8666667,56,9,3813,0
1.9,57,9,3814,0
1.9333333,58,9,3815,0
1.9666667,59,9,3816,0
2.0,60,9,3817,0
2.0333333,61,9,3818,0
2.0666666,62,9,3819,0
2.1,63,9,3820,0
2.1333334,64,9,3821,0
2.1666667,65,9,3822,0
2.2,66,9,3823,0
2.2333333,67,9,3824,0
2.2666667,68,9,3825,0
2.3,69,9,3826,0
2.3333333,70,9,3827,0
2.3666666,71,9,3828,0
2.4,72,9,3829,0
2.4333334,73,9,3830,0
2.4666667,74,9,3831,0
2.5,75,9,3832,0
2.5333333,76,9,3833,0
2.5666666,77,9,3834,0
2.6,78,9,3835,0
2.6333334,79,9,3836,0
2.6666667,80,9,3837,0
2.7,81,9,3838,0
2.7333333,82,9,3839,0
2.7666667,83,9,3840,0
2.8,84,9,3841,0
2.8333333,85,9,3842,0
2.8666666,86,9,3843,0
2.9,87,9,3844,0
2.9333334,88,9,3845,0
2.9666667,89,9,3846,0
3.0,90,9,3847,0
3.0333333,91,9,3848,0
3.0666666,92,9,3849,0
3.1,93,9,3850,0
3.1333334,94,9,3851,0
3.1666667,95,9,3852,0
3.2,96,9,3853,0
3.2333333,97,9,3854,0
3.2666667,98,9,3855,0
3.3,99,9,3856,0
3.3333333,100,9,3857,0
3.3666666,101,9,3858,0
3.4,102,9,3859,0
3.4333334,103,9,3860,0
3.4666667,104,9,3861,0
3.5,105,9,3862,0
3.5333333,106,9,3863,0
3.5666666,107,9,3864,0
3.6,108,9,3865,0
3.6333334,109,9,3866,0
3.6666667,110,9,3867,0
3.7,111,9,3868,0
3.7333333,112,9,3869,0
3.7666667,113,9,3870,0
3.8,114,9,3871,0
3.8333333,115,9,3872,0
3.8666666,116,9,3873,0
3.9,117,9,3874,0
3.9333334,118,9,3875,0
3.9666667,119,9,3876,0
4.0,120,9,3877,0
4.0333333,121,9,3878,0
4.0666666,122,9,3879,0
4.1,123,9,3880,0
4.133333,124,9,3881,0
4.1666665,125,9,3882,0
4.2,126,9,3883,0
4.233333,127,9,3884,0
4.266667,128,9,3885,0
4.3,129,9,3886,0
4.3333335,130,9,3887,0
4.366667,131,9,3888,0
4.4,132,9,3889,0
4.4333334,133,9,3890,0
4.4666667,134,9,3891,0
4.5,135,9,3892,0
4.5333333,136,9,3893,0
4.5666666,137,9,3894,0
4.6,138,9,3895,0
4.633333,139,9,3896,0
4.6666665,140,9,3897,0
4.7,141,9,3898,0
4.733333,142,9,3899,0
4.766667,143,9,3900,0
4.8,144,9,3901,0
4.8333335,145,9,3902,0
4.866667,146,9,3903,0
4.9,147,9,3904,0
4.9333334,148,9,3905,0
4.9666667,149,9,3906,0
5.0,150,9,3907,0
5.0333333,151,9,3908,0
5.0666666,152,9,3909,0
5.1,153,9,3910,0
5.133333,154,9,3911,0
5.1666665,155,9,3912,0
5.2,156,9,3913,0
5.233333,157,9,3914,0
5.266667,158,9,3915,0
5.3,159,9,3916,0
5.3333335,160,9,3917,0
5.366667,161,9,3918,0
5.4,162,9,3919,0
5.4333334,163,9,3920,0
5.4666667,164,9,3921,0
5.5,165,9,3922,0
5.5333333,166,9,3923,0
5.5666666,167,9,3924,0
5.6,168,9,3925,0
5.633333,169,9,3926,0
5.6666665,170,9,3927,0
5.7,171,9,3928,0
5.733333,172,9,3929,0
5.766667,173,9,3930,0
5.8,174,9,3931,0
5.8333335,175,9,3932,0
5.866667,176,9,3933,0
5.9,177,9,3934,0
5.9333334,178,9,3935,0
5.9666667,179,9,3936,0
6.0,180,9,3937,0
6.0333333,181,9,3938,0
6.0666666,182,9,3939,0
6.1,183,9,3940,0
6.133333,184,9,3941,0
6.1666665,185,9,3942,0
6.2,186,9,3943,0
6.233333,187,9,3944,0
6.266667,188,9,3945,0
6.3,189,9,3946,0
6.3333335,190,9,3947,0
6.366667,191,9,3948,0
6.4,192,9,3949,0
6.4333334,193,9,3950,0
6.4666667,194,9,3951,0
6.5,195,9,3952,0
6.5333333,196,9,3953,0
6.5666666,197,9,3954,0
6.6,198,9,3955,0
6.633333,199,9,3956,0
6.6666665,200,9,3957,0
6.7,201,9,3958,0
6.733333,202,9,3959,0
6.766667,203,9,3960,0
6.8,204,9,3961,0
6.8333335,205,9,3962,0
6.866667,206,9,3963,0
6.9,207,9,3964,0
6.9333334,208,9,3965,0
6.9666667,209,9,3966,0
7.0,210,9,3967,0
7.0333333,211,9,3968,0
7.0666666,212,9,3969,0
7.1,213,9,3970,0
7.133333,214,9,3971,0
7.1666665,215,9,3972,0
7.2,216,9,3973,0
7.233333,217,9,3974,0
7.266667,218,9,3975,0
7.3,219,9,3976,0
7.3333335,220,9,3977,0
7.366667,221,9,3978,0
7.4,222,9,3979,0
7.4333334,223,9,3980,0
7.4666667,224,9,3981,0
7.5,225,9,3982,0
7.5333333,226,9,3983,0
7.5666666,227,9,3984,0
7.6,228,9,3985,0
7.633333,229,9,3986,0
7.6666665,230,9,3987,0
7.7,231,9,3988,0
7.733333,232,9,3989,0
7.766667,233,9,3990,0
7.8,234,9,3991,0
7.8333335,235,9,3992,0
7.866667,236,9,3993,0
7.9,237,9,3994,0
7.9333334,238,9,3995,0
7.9666667,239,9,3996,0
8.0,240,9,3997,0
8.033334,241,9,3998,0
8.066667,242,9,3999,0
8.1,243,9,4000,0
8.133333,244,9,4001,0
8.166667,245,9,4002,0
8.2,246,9,4003,0
8.233334,247,9,4004,0
8.266666,248,9,4005,0
8.3,249,9,4006,0
8.333333,250,9,4007,0
8.366667,251,9,4008,0
8.4,252,9,4009,0
8.433333,253,9,4010,0
8.466666,254,9,4011,0
8.5,255,9,4012,0
8.533334,256,9,4013,0
8.566667,257,9,4014,0
8.6,258,9,4015,0
8.633333,259,9,4016,0
8.666667,260,9,4017,0
8.7,261,9,4018,0
8.733334,262,9,4019,0
8.766666,263,9,4020,0
8.8,264,9,4021,0
8.833333,265,9,4022,0
8.866667,266,9,4023,0
8.9,267,9,4024,0
8.933333,268,9,4025,0
8.966666,269,9,4026,0
9.0,270,9,4027,0
9.033334,271,9,4028,0
9.066667,272,9,4029,0
9.1,273,9,4030,0
9.133333,274,9,4031,0
9.166667,275,9,4032,0
9.2,276,9,4033,0
9.233334,277,9,4034,0
9.266666,278,9,4035,0
9.3,279,9,4036,0
9.333333,280,9,4037,0
9.366667,281,9,4038,0
9.4,282,9,4039,0
9.433333,283,9,4040,0
9.466666,284,9,4041,0
9.5,285,9,4042,0
9.533334,286,9,4043,0
9.566667,287,9,4044,0
9.6,288,9,4045,0
9.633333,289,9,4046,0
9.666667,290,9,4047,0
9.7,291,9,4048,0
9.733334,292,9,4049,0
9.766666,293,9,4050,0
9.8,294,9,4051,0
9.833333,295,9,4052,0
9.866667,296,9,4053,0
9.9,297,9,4054,0
9.933333,298,9,4055,0
9.966666,299,9,4056,0
10.0,300,9,4057,0
10.033334,301,9,4058,0
10.066667,302,9,4059,0
10.1,303,9,4060,0
10.133333,304,9,4061,0
10.166667,305,9,4062,0
10.2,306,9,4063,0
10.233334,307,9,4064,0
10.266666,308,9,4065,0
10.3,309,9,4066,0
10.333333,310,9,4067,0
10.366667,311,9,4068,0
10.4,312,9,4069,0
10.433333,313,9,4070,0
10.466666,314,9,4071,0
10.5,315,9,4072,0
10.533334,316,9,4073,0
10.566667,317,9,4074,0
10.6,318,9,4075,0
10.633333,319,9,4076,0
10.666667,320,9,4077,0
10.7,321,9,4078,0
10.733334,322,9,4079,0
10.766666,323,9,4080,0
10.8,324,9,4081,0
10.833333,325,9,4082,0
10.866667,326,9,4083,0
10.9,327,9,4084,0
10.933333,328,9,4085,0
10.966666,329,9,4086,0
11.0,330,9,4087,0
11.033334,331,9,4088,0
11.066667,332,9,4089,0
11.1,333,9,4090,0
11.133333,334,9,4091,0
11.166667,335,9,4092,0
11.2,336,9,4093,0
11.233334,337,9,4094,0
11.266666,338,9,4095,0
11.3,339,9,4096,0
11.333333,340,9,4097,0
11.366667,341,9,4098,0
11.4,342,9,4099,0
11.433333,343,9,4100,0
11.466666,344,9,4101,0
11.5,345,9,4102,0
11.533334,346,9,4103,0
11.566667,347,9,4104,0
11.6,348,9,4105,0
11.633333,349,9,4106,0
11.666667,350,9,4107,0
11.7,351,9,4108,0
11.733334,352,9,4109,0
11.766666,353,9,4110,0
11.8,354,9,4111,0
11.833333,355,9,4112,0
11.866667,356,9,4113,0
11.9,357,9,4114,0
11.933333,358,9,4115,0
11.966666,359,9,4116,0
12.0,360,9,4117,0
12.033334,361,9,4118,0
12.066667,362,9,4119,0
12.1,363,9,4120,0
12.133333,364,9,4121,0
12.166667,365,9,4122,0
12.2,366,9,4123,0
12.233334,367,9,4124,0
12.266666,368,9,4125,0
12.3,369,9,4126,0
12.333333,370,9,4127,0
12.366667,371,9,4128,0
12.4,372,9,4129,0
12.433333,373,9,4130,0
12.466666,374,9,4131,0
12.5,375,9,4132,0
12.533334,376,9,4133,0
12.566667,377,9,4134,0
12.6,378,9,4135,0
12.633333,379,9,4136,0
12.666667,380,9,4137,0
12.7,381,9,4138,0
12.733334,382,9,4139,0
12.766666,383,9,4140,0
12.8,384,9,4141,0
12.833333,385,9,4142,0
12.866667,386,9,4143,0
12.9,387,9,4144,0
12.933333,388,9,4145,0
12.966666,389,9,4146,0
13.0,390,9,4147,0
13.033334,391,9,4148,0
13.066667,392,9,4149,0
13.1,393,9,4150,0
13.133333,394,9,4151,0
13.166667,395,9,4152,0
13.2,396,9,4153,0
13.233334,397,9,4154,0
13.266666,398,9,4155,0
0.0,0,10,4156,0
0.033333335,1,10,4157,0
0.06666667,2,10,4158,0
0.1,3,10,4159,0
0.13333334,4,10,4160,0
0.16666667,5,10,4161,0
0.2,6,10,4162,0
0.23333333,7,10,4163,0
0.26666668,8,10,4164,0
0.3,9,10,4165,0
0.33333334,10,10,4166,0
0.36666667,11,10,4167,0
0.4,12,10,4168,0
0.43333334,13,10,4169,0
0.46666667,14,10,4170,0
0.5,15,10,4171,0
0.53333336,16,10,4172,0
0.56666666,17,10,4173,0
0.6,18,10,4174,0
0.6333333,19,10,4175,0
0.6666667,20,10,4176,0
0.7,21,10,4177,0
0.73333335,22,10,4178,0
0.76666665,23,10,4179,0
0.8,24,10,4180,0
0.8333333,25,10,4181,0
0.8666667,26,10,4182,0
0.9,27,10,4183,0
0.93333334,28,10,4184,0
0.96666664,29,10,4185,0
1.0,30,10,4186,0
1.0333333,31,10,4187,0
1.0666667,32,10,4188,0
1.1,33,10,4189,0
1.1333333,34,10,4190,0
1.1666666,35,10,4191,0
1.2,36,10,4192,0
1.2333333,37,10,4193,0
1.2666667,38,10,4194,0
1.3,39,10,4195,0
1.3333334,40,10,4196,0
1.3666667,41,10,4197,0
1.4,42,10,4198,0
1.4333333,43,10,4199,0
1.4666667,44,10,4200,0
1.5,45,10,4201,0
1.5333333,46,10,4202,0
1.5666667,47,10,4203,0
1.6,48,10,4204,0
1.6333333,49,10,4205,0
1.6666666,50,10,4206,0
1.7,51,10,4207,0
1.7333333,52,10,4208,0
1.7666667,53,10,4209,0
1.8,54,10,4210,0
1.8333334,55,10,4211,0
1.8666667,56,10,4212,0
1.9,57,10,4213,0
1.9333333,58,10,4214,0
1.9666667,59,10,4215,0
2.0,60,10,4216,0
2.0333333,61,10,4217,0
2.0666666,62,10,4218,0
2.1,63,10,4219,0
2.1333334,64,10,4220,0
2.1666667,65,10,4221,0
2.2,66,10,4222,0
2.2333333,67,10,4223,0
2.2666667,68,10,4224,0
2.3,69,10,4225,0
2.3333333,70,10,4226,0
2.3666666,71,10,4227,0
2.4,72,10,4228,0
2.4333334,73,10,4229,0
2.4666667,74,10,4230,0
2.5,75,10,4231,0
2.5333333,76,10,4232,0
2.5666666,77,10,4233,0
2.6,78,10,4234,0
2.6333334,79,10,4235,0
2.6666667,80,10,4236,0
2.7,81,10,4237,0
2.7333333,82,10,4238,0
2.7666667,83,10,4239,0
2.8,84,10,4240,0
2.8333333,85,10,4241,0
2.8666666,86,10,4242,0
2.9,87,10,4243,0
2.9333334,88,10,4244,0
2.9666667,89,10,4245,0
3.0,90,10,4246,0
3.0333333,91,10,4247,0
3.0666666,92,10,4248,0
3.1,93,10,4249,0
3.1333334,94,10,4250,0
3.1666667,95,10,4251,0
3.2,96,10,4252,0
3.2333333,97,10,4253,0
3.2666667,98,10,4254,0
3.3,99,10,4255,0
3.3333333,100,10,4256,0
3.3666666,101,10,4257,0
3.4,102,10,4258,0
3.4333334,103,10,4259,0
3.4666667,104,10,4260,0
3.5,105,10,4261,0
3.5333333,106,10,4262,0
3.5666666,107,10,4263,0
3.6,108,10,4264,0
3.6333334,109,10,4265,0
3.6666667,110,10,4266,0
3.7,111,10,4267,0
3.7333333,112,10,4268,0
3.7666667,113,10,4269,0
3.8,114,10,4270,0
3.8333333,115,10,4271,0
3.8666666,116,10,4272,0
3.9,117,10,4273,0
3.9333334,118,10,4274,0
3.9666667,119,10,4275,0
4.0,120,10,4276,0
4.0333333,121,10,4277,0
4.0666666,122,10,4278,0
4.1,123,10,4279,0
4.133333,124,10,4280,0
4.1666665,125,10,4281,0
4.2,126,10,4282,0
4.233333,127,10,4283,0
4.266667,128,10,4284,0
4.3,129,10,4285,0
4.3333335,130,10,4286,0
4.366667,131,10,4287,0
4.4,132,10,4288,0
4.4333334,133,10,4289,0
4.4666667,134,10,4290,0
4.5,135,10,4291,0
4.5333333,136,10,4292,0
4.5666666,137,10,4293,0
4.6,138,10,4294,0
4.633333,139,10,4295,0
4.6666665,140,10,4296,0
4.7,141,10,4297,0
4.733333,142,10,4298,0
4.766667,143,10,4299,0
4.8,144,10,4300,0
4.8333335,145,10,4301,0
4.866667,146,10,4302,0
4.9,147,10,4303,0
4.9333334,148,10,4304,0
4.9666667,149,10,4305,0
5.0,150,10,4306,0
5.0333333,151,10,4307,0
5.0666666,152,10,4308,0
5.1,153,10,4309,0
5.133333,154,10,4310,0
5.1666665,155,10,4311,0
5.2,156,10,4312,0
5.233333,157,10,4313,0
5.266667,158,10,4314,0
5.3,159,10,4315,0
5.3333335,160,10,4316,0
5.366667,161,10,4317,0
5.4,162,10,4318,0
5.4333334,163,10,4319,0
5.4666667,164,10,4320,0
5.5,165,10,4321,0
5.5333333,166,10,4322,0
5.5666666,167,10,4323,0
5.6,168,10,4324,0
5.633333,169,10,4325,0
5.6666665,170,10,4326,0
5.7,171,10,4327,0
5.733333,172,10,4328,0
5.766667,173,10,4329,0
5.8,174,10,4330,0
5.8333335,175,10,4331,0
5.866667,176,10,4332,0
5.9,177,10,4333,0
5.9333334,178,10,4334,0
5.9666667,179,10,4335,0
6.0,180,10,4336,0
6.0333333,181,10,4337,0
6.0666666,182,10,4338,0
6.1,183,10,4339,0
6.133333,184,10,4340,0
6.1666665,185,10,4341,0
6.2,186,10,4342,0
6.233333,187,10,4343,0
6.266667,188,10,4344,0
6.3,189,10,4345,0
6.3333335,190,10,4346,0
6.366667,191,10,4347,0
6.4,192,10,4348,0
6.4333334,193,10,4349,0
6.4666667,194,10,4350,0
6.5,195,10,4351,0
6.5333333,196,10,4352,0
6.5666666,197,10,4353,0
6.6,198,10,4354,0
6.633333,199,10,4355,0
6.6666665,200,10,4356,0
6.7,201,10,4357,0
6.733333,202,10,4358,0
6.766667,203,10,4359,0
6.8,204,10,4360,0
6.8333335,205,10,4361,0
6.866667,206,10,4362,0
6.9,207,10,4363,0
6.9333334,208,10,4364,0
6.9666667,209,10,4365,0
7.0,210,10,4366,0
7.0333333,211,10,4367,0
7.0666666,212,10,4368,0
7.1,213,10,4369,0
7.133333,214,10,4370,0
7.1666665,215,10,4371,0
7.2,216,10,4372,0
7.233333,217,10,4373,0
7.266667,218,10,4374,0
7.3,219,10,4375,0
7.3333335,220,10,4376,0
7.366667,221,10,4377,0
7.4,222,10,4378,0
7.4333334,223,10,4379,0
7.4666667,224,10,4380,0
7.5,225,10,4381,0
7.5333333,226,10,4382,0
7.5666666,227,10,4383,0
7.6,228,10,4384,0
7.633333,229,10,4385,0
7.6666665,230,10,4386,0
7.7,231,10,4387,0
7.733333,232,10,4388,0
7.766667,233,10,4389,0
7.8,234,10,4390,0
7.8333335,235,10,4391,0
7.866667,236,10,4392,0
7.9,237,10,4393,0
7.9333334,238,10,4394,0
7.9666667,239,10,4395,0
8.0,240,10,4396,0
8.033334,241,10,4397,0
8.066667,242,10,4398,0
8.1,243,10,4399,0
8.133333,244,10,4400,0
8.166667,245,10,4401,0
8.2,246,10,4402,0
8.233334,247,10,4403,0
8.266666,248,10,4404,0
8.3,249,10,4405,0
8.333333,250,10,4406,0
8.366667,251,10,4407,0
8.4,252,10,4408,0
8.433333,253,10,4409,0
8.466666,254,10,4410,0
8.5,255,10,4411,0
8.533334,256,10,4412,0
8.566667,257,10,4413,0
8.6,258,10,4414,0
8.633333,259,10,4415,0
8.666667,260,10,4416,0
8.7,261,10,4417,0
8.733334,262,10,4418,0
8.766666,263,10,4419,0
8.8,264,10,4420,0
8.833333,265,10,4421,0
8.866667,266,10,4422,0
8.9,267,10,4423,0
8.933333,268,10,4424,0
8.966666,269,10,4425,0
9.0,270,10,4426,0
9.033334,271,10,4427,0
9.066667,272,10,4428,0
9.1,273,10,4429,0
9.133333,274,10,4430,0
9.166667,275,10,4431,0
9.2,276,10,4432,0
9.233334,277,10,4433,0
9.266666,278,10,4434,0
9.3,279,10,4435,0
9.333333,280,10,4436,0
9.366667,281,10,4437,0
9.4,282,10,4438,0
9.433333,283,10,4439,0
9.466666,284,10,4440,0
9.5,285,10,4441,0
9.533334,286,10,4442,0
9.566667,287,10,4443,0
9.6,288,10,4444,0
9.633333,289,10,4445,0
9.666667,290,10,4446,0
9.7,291,10,4447,0
9.733334,292,10,4448,0
9.766666,293,10,4449,0
9.8,294,10,4450,0
9.833333,295,10,4451,0
9.866667,296,10,4452,0
9.9,297,10,4453,0
9.933333,298,10,4454,0
9.966666,299,10,4455,0
10.0,300,10,4456,0
10.033334,301,10,4457,0
10.066667,302,10,4458,0
10.1,303,10,4459,0
10.133333,304,10,4460,0
10.166667,305,10,4461,0
10.2,306,10,4462,0
10.233334,307,10,4463,0
10.266666,308,10,4464,0
10.3,309,10,4465,0
10.333333,310,10,4466,0
10.366667,311,10,4467,0
10.4,312,10,4468,0
10.433333,313,10,4469,0
10.466666,314,10,4470,0
10.5,315,10,4471,0
10.533334,316,10,4472,0
10.566667,317,10,4473,0
10.6,318,10,4474,0
10.633333,319,10,4475,0
10.666667,320,10,4476,0
10.7,321,10,4477,0
10.733334,322,10,4478,0
10.766666,323,10,4479,0
10.8,324,10,4480,0
10.833333,325,10,4481,0
10.866667,326,10,4482,0
10.9,327,10,4483,0
10.933333,328,10,4484,0
10.966666,329,10,4485,0
11.0,330,10,4486,0
11.033334,331,10,4487,0
11.066667,332,10,4488,0
11.1,333,10,4489,0
11.133333,334,10,4490,0
11.166667,335,10,4491,0
11.2,336,10,4492,0
11.233334,337,10,4493,0
11.266666,338,10,4494,0
11.3,339,10,4495,0
11.333333,340,10,4496,0
11.366667,341,10,4497,0
11.4,342,10,4498,0
11.433333,343,10,4499,0
11.466666,344,10,4500,0
11.5,345,10,4501,0
11.533334,346,10,4502,0
11.566667,347,10,4503,0
11.6,348,10,4504,0
11.633333,349,10,4505,0
11.666667,350,10,4506,0
11.7,351,10,4507,0
11.733334,352,10,4508,0
11.766666,353,10,4509,0
11.8,354,10,4510,0
11.833333,355,10,4511,0
11.866667,356,10,4512,0
11.9,357,10,4513,0
11.933333,358,10,4514,0
11.966666,359,10,4515,0
12.0,360,10,4516,0
12.033334,361,10,4517,0
12.066667,362,10,4518,0
12.1,363,10,4519,0
12.133333,364,10,4520,0
12.166667,365,10,4521,0
12.2,366,10,4522,0
12.233334,367,10,4523,0
12.266666,368,10,4524,0
12.3,369,10,4525,0
12.333333,370,10,4526,0
12.366667,371,10,4527,0
12.4,372,10,4528,0
12.433333,373,10,4529,0
12.466666,374,10,4530,0
12.5,375,10,4531,0
12.533334,376,10,4532,0
12.566667,377,10,4533,0
12.6,378,10,4534,0
12.633333,379,10,4535,0
12.666667,380,10,4536,0
12.7,381,10,4537,0
12.733334,382,10,4538,0
12.766666,383,10,4539,0
12.8,384,10,4540,0
12.833333,385,10,4541,0
12.866667,386,10,4542,0
12.9,387,10,4543,0
12.933333,388,10,4544,0
12.966666,389,10,4545,0
13.0,390,10,4546,0
13.033334,391,10,4547,0
13.066667,392,10,4548,0
13.1,393,10,4549,0
13.133333,394,10,4550,0
13.166667,395,10,4551,0
13.2,396,10,4552,0
13.233334,397,10,4553,0
0.0,0,11,4554,0
0.033333335,1,11,4555,0
0.06666667,2,11,4556,0
0.1,3,11,4557,0
0.13333334,4,11,4558,0
0.16666667,5,11,4559,0
0.2,6,11,4560,0
0.23333333,7,11,4561,0
0.26666668,8,11,4562,0
0.3,9,11,4563,0
0.33333334,10,11,4564,0
0.36666667,11,11,4565,0
0.4,12,11,4566,0
0.43333334,13,11,4567,0
0.46666667,14,11,4568,0
0.5,15,11,4569,0
0.53333336,16,11,4570,0
0.56666666,17,11,4571,0
0.6,18,11,4572,0
0.6333333,19,11,4573,0
0.6666667,20,11,4574,0
0.7,21,11,4575,0
0.73333335,22,11,4576,0
0.76666665,23,11,4577,0
0.8,24,11,4578,0
0.8333333,25,11,4579,0
0.8666667,26,11,4580,0
0.9,27,11,4581,0
0.93333334,28,11,4582,0
0.96666664,29,11,4583,0
1.0,30,11,4584,0
1.0333333,31,11,4585,0
1.0666667,32,11,4586,0
1.1,33,11,4587,0
1.1333333,34,11,4588,0
1.1666666,35,11,4589,0
1.2,36,11,4590,0
1.2333333,37,11,4591,0
1.2666667,38,11,4592,0
1.3,39,11,4593,0
1.3333334,40,11,4594,0
1.3666667,41,11,4595,0
1.4,42,11,4596,0
1.4333333,43,11,4597,0
1.4666667,44,11,4598,0
1.5,45,11,4599,0
1.5333333,46,11,4600,0
1.5666667,47,11,4601,0
1.6,48,11,4602,0
1.6333333,49,11,4603,0
1.6666666,50,11,4604,0
1.7,51,11,4605,0
1.7333333,52,11,4606,0
1.7666667,53,11,4607,0
1.8,54,11,4608,0
1.8333334,55,11,4609,0
1.8666667,56,11,4610,0
1.9,57,11,4611,0
1.9333333,58,11,4612,0
1.9666667,59,11,4613,0
2.0,60,11,4614,0
2.0333333,61,11,4615,0
2.0666666,62,11,4616,0
2.1,63,11,4617,0
2.1333334,64,11,4618,0
2.1666667,65,11,4619,0
2.2,66,11,4620,0
2.2333333,67,11,4621,0
2.2666667,68,11,4622,0
2.3,69,11,4623,0
2.3333333,70,11,4624,0
2.3666666,71,11,4625,0
2.4,72,11,4626,0
2.4333334,73,11,4627,0
2.4666667,74,11,4628,0
2.5,75,11,4629,0
2.5333333,76,11,4630,0
2.5666666,77,11,4631,0
2.6,78,11,4632,0
2.6333334,79,11,4633,0
2.6666667,80,11,4634,0
2.7,81,11,4635,0
2.7333333,82,11,4636,0
2.7666667,83,11,4637,0
2.8,84,11,4638,0
2.8333333,85,11,4639,0
2.8666666,86,11,4640,0
2.9,87,11,4641,0
2.9333334,88,11,4642,0
2.9666667,89,11,4643,0
3.0,90,11,4644,0
3.0333333,91,11,4645,0
3.0666666,92,11,4646,0
3.1,93,11,4647,0
3.1333334,94,11,4648,0
3.1666667,95,11,4649,0
3.2,96,11,4650,0
3.2333333,97,11,4651,0
3.2666667,98,11,4652,0
3.3,99,11,4653,0
3.3333333,100,11,4654,0
3.3666666,101,11,4655,0
3.4,102,11,4656,0
3.4333334,103,11,4657,0
3.4666667,104,11,4658,0
3.5,105,11,4659,0
3.5333333,106,11,4660,0
3.5666666,107,11,4661,0
3.6,108,11,4662,0
3.6333334,109,11,4663,0
3.6666667,110,11,4664,0
3.7,111,11,4665,0
3.7333333,112,11,4666,0
3.7666667,113,11,4667,0
3.8,114,11,4668,0
3.8333333,115,11,4669,0
3.8666666,116,11,4670,0
3.9,117,11,4671,0
3.9333334,118,11,4672,0
3.9666667,119,11,4673,0
4.0,120,11,4674,0
4.0333333,121,11,4675,0
4.0666666,122,11,4676,0
4.1,123,11,4677,0
4.133333,124,11,4678,0
4.1666665,125,11,4679,0
4.2,126,11,4680,0
4.233333,127,11,4681,0
4.266667,128,11,4682,0
4.3,129,11,4683,0
4.3333335,130,11,4684,0
4.366667,131,11,4685,0
4.4,132,11,4686,0
4.4333334,133,11,4687,0
4.4666667,134,11,4688,0
4.5,135,11,4689,0
4.5333333,136,11,4690,0
4.5666666,137,11,4691,0
4.6,138,11,4692,0
4.633333,139,11,4693,0
4.6666665,140,11,4694,0
4.7,141,11,4695,0
4.733333,142,11,4696,0
4.766667,143,11,4697,0
4.8,144,11,4698,0
4.8333335,145,11,4699,0
4.866667,146,11,4700,0
4.9,147,11,4701,0
4.9333334,148,11,4702,0
4.9666667,149,11,4703,0
5.0,150,11,4704,0
5.0333333,151,11,4705,0
5.0666666,152,11,4706,0
5.1,153,11,4707,0
5.133333,154,11,4708,0
5.1666665,155,11,4709,0
5.2,156,11,4710,0
5.233333,157,11,4711,0
5.266667,158,11,4712,0
5.3,159,11,4713,0
5.3333335,160,11,4714,0
5.366667,161,11,4715,0
5.4,162,11,4716,0
5.4333334,163,11,4717,0
5.4666667,164,11,4718,0
5.5,165,11,4719,0
5.5333333,166,11,4720,0
5.5666666,167,11,4721,0
5.6,168,11,4722,0
5.633333,169,11,4723,0
5.6666665,170,11,4724,0
5.7,171,11,4725,0
5.733333,172,11,4726,0
5.766667,173,11,4727,0
5.8,174,11,4728,0
5.8333335,175,11,4729,0
5.866667,176,11,4730,0
5.9,177,11,4731,0
5.9333334,178,11,4732,0
5.9666667,179,11,4733,0
6.0,180,11,4734,0
6.0333333,181,11,4735,0
6.0666666,182,11,4736,0
6.1,183,11,4737,0
6.133333,184,11,4738,0
6.1666665,185,11,4739,0
6.2,186,11,4740,0
6.233333,187,11,4741,0
6.266667,188,11,4742,0
6.3,189,11,4743,0
6.3333335,190,11,4744,0
6.366667,191,11,4745,0
6.4,192,11,4746,0
6.4333334,193,11,4747,0
6.4666667,194,11,4748,0
6.5,195,11,4749,0
6.5333333,196,11,4750,0
6.5666666,197,11,4751,0
6.6,198,11,4752,0
6.633333,199,11,4753,0
6.6666665,200,11,4754,0
6.7,201,11,4755,0
6.733333,202,11,4756,0
6.766667,203,11,4757,0
6.8,204,11,4758,0
6.8333335,205,11,4759,0
6.866667,206,11,4760,0
6.9,207,11,4761,0
6.9333334,208,11,4762,0
6.9666667,209,11,4763,0
7.0,210,11,4764,0
7.0333333,211,11,4765,0
7.0666666,212,11,4766,0
7.1,213,11,4767,0
7.133333,214,11,4768,0
7.1666665,215,11,4769,0
7.2,216,11,4770,0
7.233333,217,11,4771,0
7.266667,218,11,4772,0
7.3,219,11,4773,0
7.3333335,220,11,4774,0
7.366667,221,11,4775,0
7.4,222,11,4776,0
7.4333334,223,11,4777,0
7.4666667,224,11,4778,0
7.5,225,11,4779,0
7.5333333,226,11,4780,0
7.5666666,227,11,4781,0
7.6,228,11,4782,0
7.633333,229,11,4783,0
7.6666665,230,11,4784,0
7.7,231,11,4785,0
7.733333,232,11,4786,0
7.766667,233,11,4787,0
7.8,234,11,4788,0
7.8333335,235,11,4789,0
7.866667,236,11,4790,0
7.9,237,11,4791,0
7.9333334,238,11,4792,0
7.9666667,239,11,4793,0
8.0,240,11,4794,0
8.033334,241,11,4795,0
8.066667,242,11,4796,0
8.1,243,11,4797,0
8.133333,244,11,4798,0
8.166667,245,11,4799,0
8.2,246,11,4800,0
8.233334,247,11,4801,0
8.266666,248,11,4802,0
8.3,249,11,4803,0
8.333333,250,11,4804,0
8.366667,251,11,4805,0
8.4,252,11,4806,0
8.433333,253,11,4807,0
8.466666,254,11,4808,0
8.5,255,11,4809,0
8.533334,256,11,4810,0
8.566667,257,11,4811,0
8.6,258,11,4812,0
8.633333,259,11,4813,0
8.666667,260,11,4814,0
8.7,261,11,4815,0
8.733334,262,11,4816,0
8.766666,263,11,4817,0
8.8,264,11,4818,0
8.833333,265,11,4819,0
8.866667,266,11,4820,0
8.9,267,11,4821,0
8.933333,268,11,4822,0
8.966666,269,11,4823,0
9.0,270,11,4824,0
9.033334,271,11,4825,0
9.066667,272,11,4826,0
9.1,273,11,4827,0
9.133333,274,11,4828,0
9.166667,275,11,4829,0
9.2,276,11,4830,0
9.233334,277,11,4831,0
9.266666,278,11,4832,0
9.3,279,11,4833,0
9.333333,280,11,4834,0
9.366667,281,11,4835,0
9.4,282,11,4836,0
9.433333,283,11,4837,0
9.466666,284,11,4838,0
9.5,285,11,4839,0
9.533334,286,11,4840,0
9.566667,287,11,4841,0
9.6,288,11,4842,0
9.633333,289,11,4843,0
9.666667,290,11,4844,0
9.7,291,11,4845,0
9.733334,292,11,4846,0
9.766666,293,11,4847,0
9.8,294,11,4848,0
9.833333,295,11,4849,0
9.866667,296,11,4850,0
9.9,297,11,4851,0
9.933333,298,11,4852,0
9.966666,299,11,4853,0
10.0,300,11,4854,0
10.033334,301,11,4855,0
10.066667,302,11,4856,0
10.1,303,11,4857,0
10.133333,304,11,4858,0
10.166667,305,11,4859,0
10.2,306,11,4860,0
10.233334,307,11,4861,0
10.266666,308,11,4862,0
10.3,309,11,4863,0
10.333333,310,11,4864,0
10.366667,311,11,4865,0
10.4,312,11,4866,0
10.433333,313,11,4867,0
10.466666,314,11,4868,0
10.5,315,11,4869,0
10.533334,316,11,4870,0
10.566667,317,11,4871,0
10.6,318,11,4872,0
10.633333,319,11,4873,0
10.666667,320,11,4874,0
10.7,321,11,4875,0
10.733334,322,11,4876,0
10.766666,323,11,4877,0
10.8,324,11,4878,0
10.833333,325,11,4879,0
10.866667,326,11,4880,0
10.9,327,11,4881,0
10.933333,328,11,4882,0
10.966666,329,11,4883,0
11.0,330,11,4884,0
11.033334,331,11,4885,0
11.066667,332,11,4886,0
11.1,333,11,4887,0
11.133333,334,11,4888,0
11.166667,335,11,4889,0
11.2,336,11,4890,0
11.233334,337,11,4891,0
11.266666,338,11,4892,0
11.3,339,11,4893,0
11.333333,340,11,4894,0
11.366667,341,11,4895,0
11.4,342,11,4896,0
11.433333,343,11,4897,0
11.466666,344,11,4898,0
11.5,345,11,4899,0
11.533334,346,11,4900,0
11.566667,347,11,4901,0
11.6,348,11,4902,0
11.633333,349,11,4903,0
11.666667,350,11,4904,0
11.7,351,11,4905,0
11.733334,352,11,4906,0
11.766666,353,11,4907,0
11.8,354,11,4908,0
11.833333,355,11,4909,0
11.866667,356,11,4910,0
11.9,357,11,4911,0
11.933333,358,11,4912,0
11.966666,359,11,4913,0
12.0,360,11,4914,0
12.033334,361,11,4915,0
12.066667,362,11,4916,0
12.1,363,11,4917,0
12.133333,364,11,4918,0
12.166667,365,11,4919,0
12.2,366,11,4920,0
12.233334,367,11,4921,0
12.266666,368,11,4922,0
12.3,369,11,4923,0
12.333333,370,11,4924,0
12.366667,371,11,4925,0
12.4,372,11,4926,0
12.433333,373,11,4927,0
12.466666,374,11,4928,0
12.5,375,11,4929,0
12.533334,376,11,4930,0
12.566667,377,11,4931,0
12.6,378,11,4932,0
12.633333,379,11,4933,0
12.666667,380,11,4934,0
12.7,381,11,4935,0
12.733334,382,11,4936,0
12.766666,383,11,4937,0
12.8,384,11,4938,0
12.833333,385,11,4939,0
12.866667,386,11,4940,0
12.9,387,11,4941,0
12.933333,388,11,4942,0
12.966666,389,11,4943,0
13.0,390,11,4944,0
13.033334,391,11,4945,0
13.066667,392,11,4946,0
13.1,393,11,4947,0
13.133333,394,11,4948,0
13.166667,395,11,4949,0
13.2,396,11,4950,0
13.233334,397,11,4951,0
13.266666,398,11,4952,0
13.3,399,11,4953,0
13.333333,400,11,4954,0
13.366667,401,11,4955,0
13.4,402,11,4956,0
13.433333,403,11,4957,0
13.466666,404,11,4958,0
13.5,405,11,4959,0
13.533334,406,11,4960,0
13.566667,407,11,4961,0
13.6,408,11,4962,0
13.633333,409,11,4963,0
13.666667,410,11,4964,0
13.7,411,11,4965,0
13.733334,412,11,4966,0
13.766666,413,11,4967,0
13.8,414,11,4968,0
13.833333,415,11,4969,0
13.866667,416,11,4970,0
0.0,0,12,4971,0
0.033333335,1,12,4972,0
0.06666667,2,12,4973,0
0.1,3,12,4974,0
0.13333334,4,12,4975,0
0.16666667,5,12,4976,0
0.2,6,12,4977,0
0.23333333,7,12,4978,0
0.26666668,8,12,4979,0
0.3,9,12,4980,0
0.33333334,10,12,4981,0
0.36666667,11,12,4982,0
0.4,12,12,4983,0
0.43333334,13,12,4984,0
0.46666667,14,12,4985,0
0.5,15,12,4986,0
0.53333336,16,12,4987,0
0.56666666,17,12,4988,0
0.6,18,12,4989,0
0.6333333,19,12,4990,0
0.6666667,20,12,4991,0
0.7,21,12,4992,0
0.73333335,22,12,4993,0
0.76666665,23,12,4994,0
0.8,24,12,4995,0
0.8333333,25,12,4996,0
0.8666667,26,12,4997,0
0.9,27,12,4998,0
0.93333334,28,12,4999,0
0.96666664,29,12,5000,0
1.0,30,12,5001,0
1.0333333,31,12,5002,0
1.0666667,32,12,5003,0
1.1,33,12,5004,0
1.1333333,34,12,5005,0
1.1666666,35,12,5006,0
1.2,36,12,5007,0
1.2333333,37,12,5008,0
1.2666667,38,12,5009,0
1.3,39,12,5010,0
1.3333334,40,12,5011,0
1.3666667,41,12,5012,0
1.4,42,12,5013,0
1.4333333,43,12,5014,0
1.4666667,44,12,5015,0
1.5,45,12,5016,0
1.5333333,46,12,5017,0
1.5666667,47,12,5018,0
1.6,48,12,5019,0
1.6333333,49,12,5020,0
1.6666666,50,12,5021,0
1.7,51,12,5022,0
1.7333333,52,12,5023,0
1.7666667,53,12,5024,0
1.8,54,12,5025,0
1.8333334,55,12,5026,0
1.8666667,56,12,5027,0
1.9,57,12,5028,0
1.9333333,58,12,5029,0
1.9666667,59,12,5030,0
2.0,60,12,5031,0
2.0333333,61,12,5032,0
2.0666666,62,12,5033,0
2.1,63,12,5034,0
2.1333334,64,12,5035,0
2.1666667,65,12,5036,0
2.2,66,12,5037,0
2.2333333,67,12,5038,0
2.2666667,68,12,5039,0
2.3,69,12,5040,0
2.3333333,70,12,5041,0
2.3666666,71,12,5042,0
2.4,72,12,5043,0
2.4333334,73,12,5044,0
2.4666667,74,12,5045,0
2.5,75,12,5046,0
2.5333333,76,12,5047,0
2.5666666,77,12,5048,0
2.6,78,12,5049,0
2.6333334,79,12,5050,0
2.6666667,80,12,5051,0
2.7,81,12,5052,0
2.7333333,82,12,5053,0
2.7666667,83,12,5054,0
2.8,84,12,5055,0
2.8333333,85,12,5056,0
2.8666666,86,12,5057,0
2.9,87,12,5058,0
2.9333334,88,12,5059,0
2.9666667,89,12,5060,0
3.0,90,12,5061,0
3.0333333,91,12,5062,0
3.0666666,92,12,5063,0
3.1,93,12,5064,0
3.1333334,94,12,5065,0
3.1666667,95,12,5066,0
3.2,96,12,5067,0
3.2333333,97,12,5068,0
3.2666667,98,12,5069,0
3.3,99,12,5070,0
3.3333333,100,12,5071,0
3.3666666,101,12,5072,0
3.4,102,12,5073,0
3.4333334,103,12,5074,0
3.4666667,104,12,5075,0
3.5,105,12,5076,0
3.5333333,106,12,5077,0
3.5666666,107,12,5078,0
3.6,108,12,5079,0
3.6333334,109,12,5080,0
3.6666667,110,12,5081,0
3.7,111,12,5082,0
3.7333333,112,12,5083,0
3.7666667,113,12,5084,0
3.8,114,12,5085,0
3.8333333,115,12,5086,0
3.8666666,116,12,5087,0
3.9,117,12,5088,0
3.9333334,118,12,5089,0
3.9666667,119,12,5090,0
4.0,120,12,5091,0
4.0333333,121,12,5092,0
4.0666666,122,12,5093,0
4.1,123,12,5094,0
4.133333,124,12,5095,0
4.1666665,125,12,5096,0
4.2,126,12,5097,0
4.233333,127,12,5098,0
4.266667,128,12,5099,0
4.3,129,12,5100,0
4.3333335,130,12,5101,0
4.366667,131,12,5102,0
4.4,132,12,5103,0
4.4333334,133,12,5104,0
4.4666667,134,12,5105,0
4.5,135,12,5106,0
4.5333333,136,12,5107,0
4.5666666,137,12,5108,0
4.6,138,12,5109,0
4.633333,139,12,5110,0
4.6666665,140,12,5111,0
4.7,141,12,5112,0
4.733333,142,12,5113,0
4.766667,143,12,5114,0
4.8,144,12,5115,0
4.8333335,145,12,5116,0
4.866667,146,12,5117,0
4.9,147,12,5118,0
4.9333334,148,12,5119,0
4.9666667,149,12,5120,0
5.0,150,12,5121,0
5.0333333,151,12,5122,0
5.0666666,152,12,5123,0
5.1,153,12,5124,0
5.133333,154,12,5125,0
5.1666665,155,12,5126,0
5.2,156,12,5127,0
5.233333,157,12,5128,0
5.266667,158,12,5129,0
5.3,159,12,5130,0
5.3333335,160,12,5131,0
5.366667,161,12,5132,0
5.4,162,12,5133,0
5.4333334,163,12,5134,0
5.4666667,164,12,5135,0
5.5,165,12,5136,0
5.5333333,166,12,5137,0
5.5666666,167,12,5138,0
5.6,168,12,5139,0
5.633333,169,12,5140,0
5.6666665,170,12,5141,0
5.7,171,12,5142,0
5.733333,172,12,5143,0
5.766667,173,12,5144,0
5.8,174,12,5145,0
5.8333335,175,12,5146,0
5.866667,176,12,5147,0
5.9,177,12,5148,0
5.9333334,178,12,5149,0
5.9666667,179,12,5150,0
6.0,180,12,5151,0
6.0333333,181,12,5152,0
6.0666666,182,12,5153,0
6.1,183,12,5154,0
6.133333,184,12,5155,0
6.1666665,185,12,5156,0
6.2,186,12,5157,0
6.233333,187,12,5158,0
6.266667,188,12,5159,0
6.3,189,12,5160,0
6.3333335,190,12,5161,0
6.366667,191,12,5162,0
6.4,192,12,5163,0
6.4333334,193,12,5164,0
6.4666667,194,12,5165,0
6.5,195,12,5166,0
6.5333333,196,12,5167,0
6.5666666,197,12,5168,0
6.6,198,12,5169,0
6.633333,199,12,5170,0
6.6666665,200,12,5171,0
6.7,201,12,5172,0
6.733333,202,12,5173,0
6.766667,203,12,5174,0
6.8,204,12,5175,0
6.8333335,205,12,5176,0
6.866667,206,12,5177,0
6.9,207,12,5178,0
6.9333334,208,12,5179,0
6.9666667,209,12,5180,0
7.0,210,12,5181,0
7.0333333,211,12,5182,0
7.0666666,212,12,5183,0
7.1,213,12,5184,0
7.133333,214,12,5185,0
7.1666665,215,12,5186,0
7.2,216,12,5187,0
7.233333,217,12,5188,0
7.266667,218,12,5189,0
7.3,219,12,5190,0
7.3333335,220,12,5191,0
7.366667,221,12,5192,0
7.4,222,12,5193,0
7.4333334,223,12,5194,0
7.4666667,224,12,5195,0
7.5,225,12,5196,0
7.5333333,226,12,5197,0
7.5666666,227,12,5198,0
7.6,228,12,5199,0
7.633333,229,12,5200,0
7.6666665,230,12,5201,0
7.7,231,12,5202,0
7.733333,232,12,5203,0
7.766667,233,12,5204,0
7.8,234,12,5205,0
7.8333335,235,12,5206,0
7.866667,236,12,5207,0
7.9,237,12,5208,0
7.9333334,238,12,5209,0
7.9666667,239,12,5210,0
8.0,240,12,5211,0
8.033334,241,12,5212,0
8.066667,242,12,5213,0
8.1,243,12,5214,0
8.133333,244,12,5215,0
8.166667,245,12,5216,0
8.2,246,12,5217,0
8.233334,247,12,5218,0
8.266666,248,12,5219,0
8.3,249,12,5220,0
8.333333,250,12,5221,0
8.366667,251,12,5222,0
8.4,252,12,5223,0
8.433333,253,12,5224,0
8.466666,254,12,5225,0
8.5,255,12,5226,0
8.533334,256,12,5227,0
8.566667,257,12,5228,0
8.6,258,12,5229,0
8.633333,259,12,5230,0
8.666667,260,12,5231,0
8.7,261,12,5232,0
8.733334,262,12,5233,0
8.766666,263,12,5234,0
8.8,264,12,5235,0
8.833333,265,12,5236,0
8.866667,266,12,5237,0
8.9,267,12,5238,0
8.933333,268,12,5239,0
8.966666,269,12,5240,0
9.0,270,12,5241,0
9.033334,271,12,5242,0
9.066667,272,12,5243,0
9.1,273,12,5244,0
9.133333,274,12,5245,0
9.166667,275,12,5246,0
9.2,276,12,5247,0
9.233334,277,12,5248,0
9.266666,278,12,5249,0
9.3,279,12,5250,0
9.333333,280,12,5251,0
9.366667,281,12,5252,0
9.4,282,12,5253,0
9.433333,283,12,5254,0
9.466666,284,12,5255,0
9.5,285,12,5256,0
9.533334,286,12,5257,0
9.566667,287,12,5258,0
9.6,288,12,5259,0
9.633333,289,12,5260,0
9.666667,290,12,5261,0
9.7,291,12,5262,0
9.733334,292,12,5263,0
9.766666,293,12,5264,0
9.8,294,12,5265,0
9.833333,295,12,5266,0
9.866667,296,12,5267,0
9.9,297,12,5268,0
9.933333,298,12,5269,0
9.966666,299,12,5270,0
10.0,300,12,5271,0
10.033334,301,12,5272,0
10.066667,302,12,5273,0
10.1,303,12,5274,0
10.133333,304,12,5275,0
10.166667,305,12,5276,0
10.2,306,12,5277,0
10.233334,307,12,5278,0
10.266666,308,12,5279,0
10.3,309,12,5280,0
10.333333,310,12,5281,0
10.366667,311,12,5282,0
10.4,312,12,5283,0
10.433333,313,12,5284,0
10.466666,314,12,5285,0
10.5,315,12,5286,0
10.533334,316,12,5287,0
10.566667,317,12,5288,0
10.6,318,12,5289,0
10.633333,319,12,5290,0
10.666667,320,12,5291,0
10.7,321,12,5292,0
10.733334,322,12,5293,0
10.766666,323,12,5294,0
10.8,324,12,5295,0
10.833333,325,12,5296,0
10.866667,326,12,5297,0
10.9,327,12,5298,0
10.933333,328,12,5299,0
10.966666,329,12,5300,0
11.0,330,12,5301,0
11.033334,331,12,5302,0
11.066667,332,12,5303,0
11.1,333,12,5304,0
11.133333,334,12,5305,0
11.166667,335,12,5306,0
11.2,336,12,5307,0
11.233334,337,12,5308,0
11.266666,338,12,5309,0
11.3,339,12,5310,0
11.333333,340,12,5311,0
11.366667,341,12,5312,0
11.4,342,12,5313,0
11.433333,343,12,5314,0
11.466666,344,12,5315,0
11.5,345,12,5316,0
11.533334,346,12,5317,0
11.566667,347,12,5318,0
11.6,348,12,5319,0
11.633333,349,12,5320,0
11.666667,350,12,5321,0
11.7,351,12,5322,0
11.733334,352,12,5323,0
11.766666,353,12,5324,0
11.8,354,12,5325,0
11.833333,355,12,5326,0
11.866667,356,12,5327,0
11.9,357,12,5328,0
11.933333,358,12,5329,0
11.966666,359,12,5330,0
12.0,360,12,5331,0
12.033334,361,12,5332,0
12.066667,362,12,5333,0
12.1,363,12,5334,0
12.133333,364,12,5335,0
12.166667,365,12,5336,0
12.2,366,12,5337,0
12.233334,367,12,5338,0
12.266666,368,12,5339,0
12.3,369,12,5340,0
12.333333,370,12,5341,0
12.366667,371,12,5342,0
12.4,372,12,5343,0
12.433333,373,12,5344,0
12.466666,374,12,5345,0
12.5,375,12,5346,0
12.533334,376,12,5347,0
12.566667,377,12,5348,0
12.6,378,12,5349,0
12.633333,379,12,5350,0
12.666667,380,12,5351,0
12.7,381,12,5352,0
12.733334,382,12,5353,0
12.766666,383,12,5354,0
12.8,384,12,5355,0
12.833333,385,12,5356,0
12.866667,386,12,5357,0
12.9,387,12,5358,0
12.933333,388,12,5359,0
12.966666,389,12,5360,0
13.0,390,12,5361,0
13.033334,391,12,5362,0
13.066667,392,12,5363,0
13.1,393,12,5364,0
0.0,0,13,5365,0
0.033333335,1,13,5366,0
0.06666667,2,13,5367,0
0.1,3,13,5368,0
0.13333334,4,13,5369,0
0.16666667,5,13,5370,0
0.2,6,13,5371,0
0.23333333,7,13,5372,0
0.26666668,8,13,5373,0
0.3,9,13,5374,0
0.33333334,10,13,5375,0
0.36666667,11,13,5376,0
0.4,12,13,5377,0
0.43333334,13,13,5378,0
0.46666667,14,13,5379,0
0.5,15,13,5380,0
0.53333336,16,13,5381,0
0.56666666,17,13,5382,0
0.6,18,13,5383,0
0.6333333,19,13,5384,0
0.6666667,20,13,5385,0
0.7,21,13,5386,0
0.73333335,22,13,5387,0
0.76666665,23,13,5388,0
0.8,24,13,5389,0
0.8333333,25,13,5390,0
0.8666667,26,13,5391,0
0.9,27,13,5392,0
0.93333334,28,13,5393,0
0.96666664,29,13,5394,0
1.0,30,13,5395,0
1.0333333,31,13,5396,0
1.0666667,32,13,5397,0
1.1,33,13,5398,0
1.1333333,34,13,5399,0
1.1666666,35,13,5400,0
1.2,36,13,5401,0
1.2333333,37,13,5402,0
1.2666667,38,13,5403,0
1.3,39,13,5404,0
1.3333334,40,13,5405,0
1.3666667,41,13,5406,0
1.4,42,13,5407,0
1.4333333,43,13,5408,0
1.4666667,44,13,5409,0
1.5,45,13,5410,0
1.5333333,46,13,5411,0
1.5666667,47,13,5412,0
1.6,48,13,5413,0
1.6333333,49,13,5414,0
1.6666666,50,13,5415,0
1.7,51,13,5416,0
1.7333333,52,13,5417,0
1.7666667,53,13,5418,0
1.8,54,13,5419,0
1.8333334,55,13,5420,0
1.8666667,56,13,5421,0
1.9,57,13,5422,0
1.9333333,58,13,5423,0
1.9666667,59,13,5424,0
2.0,60,13,5425,0
2.0333333,61,13,5426,0
2.0666666,62,13,5427,0
2.1,63,13,5428,0
2.1333334,64,13,5429,0
2.1666667,65,13,5430,0
2.2,66,13,5431,0
2.2333333,67,13,5432,0
2.2666667,68,13,5433,0
2.3,69,13,5434,0
2.3333333,70,13,5435,0
2.3666666,71,13,5436,0
2.4,72,13,5437,0
2.4333334,73,13,5438,0
2.4666667,74,13,5439,0
2.5,75,13,5440,0
2.5333333,76,13,5441,0
2.5666666,77,13,5442,0
2.6,78,13,5443,0
2.6333334,79,13,5444,0
2.6666667,80,13,5445,0
2.7,81,13,5446,0
2.7333333,82,13,5447,0
2.7666667,83,13,5448,0
2.8,84,13,5449,0
2.8333333,85,13,5450,0
2.8666666,86,13,5451,0
2.9,87,13,5452,0
2.9333334,88,13,5453,0
2.9666667,89,13,5454,0
3.0,90,13,5455,0
3.0333333,91,13,5456,0
3.0666666,92,13,5457,0
3.1,93,13,5458,0
3.1333334,94,13,5459,0
3.1666667,95,13,5460,0
3.2,96,13,5461,0
3.2333333,97,13,5462,0
3.2666667,98,13,5463,0
3.3,99,13,5464,0
3.3333333,100,13,5465,0
3.3666666,101,13,5466,0
3.4,102,13,5467,0
3.4333334,103,13,5468,0
3.4666667,104,13,5469,0
3.5,105,13,5470,0
3.5333333,106,13,5471,0
3.5666666,107,13,5472,0
3.6,108,13,5473,0
3.6333334,109,13,5474,0
3.6666667,110,13,5475,0
3.7,111,13,5476,0
3.7333333,112,13,5477,0
3.7666667,113,13,5478,0
3.8,114,13,5479,0
3.8333333,115,13,5480,0
3.8666666,116,13,5481,0
3.9,117,13,5482,0
3.9333334,118,13,5483,0
3.9666667,119,13,5484,0
4.0,120,13,5485,0
4.0333333,121,13,5486,0
4.0666666,122,13,5487,0
4.1,123,13,5488,0
4.133333,124,13,5489,0
4.1666665,125,13,5490,0
4.2,126,13,5491,0
4.233333,127,13,5492,0
4.266667,128,13,5493,0
4.3,129,13,5494,0
4.3333335,130,13,5495,0
4.366667,131,13,5496,0
4.4,132,13,5497,0
4.4333334,133,13,5498,0
4.4666667,134,13,5499,0
4.5,135,13,5500,0
4.5333333,136,13,5501,0
4.5666666,137,13,5502,0
4.6,138,13,5503,0
4.633333,139,13,5504,0
4.6666665,140,13,5505,0
4.7,141,13,5506,0
4.733333,142,13,5507,0
4.766667,143,13,5508,0
4.8,144,13,5509,0
4.8333335,145,13,5510,0
4.866667,146,13,5511,0
4.9,147,13,5512,0
4.9333334,148,13,5513,0
4.9666667,149,13,5514,0
5.0,150,13,5515,0
5.0333333,151,13,5516,0
5.0666666,152,13,5517,0
5.1,153,13,5518,0
5.133333,154,13,5519,0
5.1666665,155,13,5520,0
5.2,156,13,5521,0
5.233333,157,13,5522,0
5.266667,158,13,5523,0
5.3,159,13,5524,0
5.3333335,160,13,5525,0
5.366667,161,13,5526,0
5.4,162,13,5527,0
5.4333334,163,13,5528,0
5.4666667,164,13,5529,0
5.5,165,13,5530,0
5.5333333,166,13,5531,0
5.5666666,167,13,5532,0
5.6,168,13,5533,0
5.633333,169,13,5534,0
5.6666665,170,13,5535,0
5.7,171,13,5536,0
5.733333,172,13,5537,0
5.766667,173,13,5538,0
5.8,174,13,5539,0
5.8333335,175,13,5540,0
5.866667,176,13,5541,0
5.9,177,13,5542,0
5.9333334,178,13,5543,0
5.9666667,179,13,5544,0
6.0,180,13,5545,0
6.0333333,181,13,5546,0
6.0666666,182,13,5547,0
6.1,183,13,5548,0
6.133333,184,13,5549,0
6.1666665,185,13,5550,0
6.2,186,13,5551,0
6.233333,187,13,5552,0
6.266667,188,13,5553,0
6.3,189,13,5554,0
6.3333335,190,13,5555,0
6.366667,191,13,5556,0
6.4,192,13,5557,0
6.4333334,193,13,5558,0
6.4666667,194,13,5559,0
6.5,195,13,5560,0
6.5333333,196,13,5561,0
6.5666666,197,13,5562,0
6.6,198,13,5563,0
6.633333,199,13,5564,0
6.6666665,200,13,5565,0
6.7,201,13,5566,0
6.733333,202,13,5567,0
6.766667,203,13,5568,0
6.8,204,13,5569,0
6.8333335,205,13,5570,0
6.866667,206,13,5571,0
6.9,207,13,5572,0
6.9333334,208,13,5573,0
6.9666667,209,13,5574,0
7.0,210,13,5575,0
7.0333333,211,13,5576,0
7.0666666,212,13,5577,0
7.1,213,13,5578,0
7.133333,214,13,5579,0
7.1666665,215,13,5580,0
7.2,216,13,5581,0
7.233333,217,13,5582,0
7.266667,218,13,5583,0
7.3,219,13,5584,0
7.3333335,220,13,5585,0
7.366667,221,13,5586,0
7.4,222,13,5587,0
7.4333334,223,13,5588,0
7.4666667,224,13,5589,0
7.5,225,13,5590,0
7.5333333,226,13,5591,0
7.5666666,227,13,5592,0
7.6,228,13,5593,0
7.633333,229,13,5594,0
7.6666665,230,13,5595,0
7.7,231,13,5596,0
7.733333,232,13,5597,0
7.766667,233,13,5598,0
7.8,234,13,5599,0
7.8333335,235,13,5600,0
7.866667,236,13,5601,0
7.9,237,13,5602,0
7.9333334,238,13,5603,0
7.9666667,239,13,5604,0
8.0,240,13,5605,0
8.033334,241,13,5606,0
8.066667,242,13,5607,0
8.1,243,13,5608,0
8.133333,244,13,5609,0
8.166667,245,13,5610,0
8.2,246,13,5611,0
8.233334,247,13,5612,0
8.266666,248,13,5613,0
8.3,249,13,5614,0
8.333333,250,13,5615,0
8.366667,251,13,5616,0
8.4,252,13,5617,0
8.433333,253,13,5618,0
8.466666,254,13,5619,0
8.5,255,13,5620,0
8.533334,256,13,5621,0
8.566667,257,13,5622,0
8.6,258,13,5623,0
8.633333,259,13,5624,0
8.666667,260,13,5625,0
8.7,261,13,5626,0
8.733334,262,13,5627,0
8.766666,263,13,5628,0
8.8,264,13,5629,0
8.833333,265,13,5630,0
8.866667,266,13,5631,0
8.9,267,13,5632,0
8.933333,268,13,5633,0
8.966666,269,13,5634,0
9.0,270,13,5635,0
9.033334,271,13,5636,0
9.066667,272,13,5637,0
9.1,273,13,5638,0
9.133333,274,13,5639,0
9.166667,275,13,5640,0
9.2,276,13,5641,0
9.233334,277,13,5642,0
9.266666,278,13,5643,0
9.3,279,13,5644,0
9.333333,280,13,5645,0
9.366667,281,13,5646,0
9.4,282,13,5647,0
9.433333,283,13,5648,0
9.466666,284,13,5649,0
9.5,285,13,5650,0
9.533334,286,13,5651,0
9.566667,287,13,5652,0
9.6,288,13,5653,0
9.633333,289,13,5654,0
9.666667,290,13,5655,0
9.7,291,13,5656,0
9.733334,292,13,5657,0
9.766666,293,13,5658,0
9.8,294,13,5659,0
9.833333,295,13,5660,0
9.866667,296,13,5661,0
9.9,297,13,5662,0
9.933333,298,13,5663,0
9.966666,299,13,5664,0
10.0,300,13,5665,0
10.033334,301,13,5666,0
10.066667,302,13,5667,0
10.1,303,13,5668,0
10.133333,304,13,5669,0
10.166667,305,13,5670,0
10.2,306,13,5671,0
10.233334,307,13,5672,0
10.266666,308,13,5673,0
10.3,309,13,5674,0
10.333333,310,13,5675,0
10.366667,311,13,5676,0
10.4,312,13,5677,0
10.433333,313,13,5678,0
10.466666,314,13,5679,0
10.5,315,13,5680,0
10.533334,316,13,5681,0
10.566667,317,13,5682,0
10.6,318,13,5683,0
10.633333,319,13,5684,0
10.666667,320,13,5685,0
10.7,321,13,5686,0
10.733334,322,13,5687,0
10.766666,323,13,5688,0
10.8,324,13,5689,0
10.833333,325,13,5690,0
10.866667,326,13,5691,0
10.9,327,13,5692,0
10.933333,328,13,5693,0
10.966666,329,13,5694,0
11.0,330,13,5695,0
11.033334,331,13,5696,0
11.066667,332,13,5697,0
11.1,333,13,5698,0
11.133333,334,13,5699,0
11.166667,335,13,5700,0
11.2,336,13,5701,0
11.233334,337,13,5702,0
11.266666,338,13,5703,0
11.3,339,13,5704,0
11.333333,340,13,5705,0
11.366667,341,13,5706,0
11.4,342,13,5707,0
11.433333,343,13,5708,0
11.466666,344,13,5709,0
11.5,345,13,5710,0
11.533334,346,13,5711,0
11.566667,347,13,5712,0
11.6,348,13,5713,0
11.633333,349,13,5714,0
11.666667,350,13,5715,0
11.7,351,13,5716,0
11.733334,352,13,5717,0
11.766666,353,13,5718,0
11.8,354,13,5719,0
11.833333,355,13,5720,0
11.866667,356,13,5721,0
11.9,357,13,5722,0
11.933333,358,13,5723,0
11.966666,359,13,5724,0
12.0,360,13,5725,0
12.033334,361,13,5726,0
12.066667,362,13,5727,0
12.1,363,13,5728,0
12.133333,364,13,5729,0
12.166667,365,13,5730,0
12.2,366,13,5731,0
12.233334,367,13,5732,0
12.266666,368,13,5733,0
12.3,369,13,5734,0
12.333333,370,13,5735,0
12.366667,371,13,5736,0
12.4,372,13,5737,0
12.433333,373,13,5738,0
12.466666,374,13,5739,0
12.5,375,13,5740,0
12.533334,376,13,5741,0
12.566667,377,13,5742,0
12.6,378,13,5743,0
12.633333,379,13,5744,0
12.666667,380,13,5745,0
12.7,381,13,5746,0
12.733334,382,13,5747,0
12.766666,383,13,5748,0
12.8,384,13,5749,0
12.833333,385,13,5750,0
12.866667,386,13,5751,0
12.9,387,13,5752,0
12.933333,388,13,5753,0
12.966666,389,13,5754,0
13.0,390,13,5755,0
13.033334,391,13,5756,0
13.066667,392,13,5757,0
13.1,393,13,5758,0
13.133333,394,13,5759,0
13.166667,395,13,5760,0
13.2,396,13,5761,0
13.233334,397,13,5762,0
13.266666,398,13,5763,0
13.3,399,13,5764,0
13.333333,400,13,5765,0
13.366667,401,13,5766,0
13.4,402,13,5767,0
13.433333,403,13,5768,0
13.466666,404,13,5769,0
13.5,405,13,5770,0
13.533334,406,13,5771,0
13.566667,407,13,5772,0
13.6,408,13,5773,0
13.633333,409,13,5774,0
13.666667,410,13,5775,0
13.7,411,13,5776,0
13.733334,412,13,5777,0
13.766666,413,13,5778,0
13.8,414,13,5779,0
13.833333,415,13,5780,0
13.866667,416,13,5781,0
13.9,417,13,5782,0
13.933333,418,13,5783,0
0.0,0,14,5784,0
0.033333335,1,14,5785,0
0.06666667,2,14,5786,0
0.1,3,14,5787,0
0.13333334,4,14,5788,0
0.16666667,5,14,5789,0
0.2,6,14,5790,0
0.23333333,7,14,5791,0
0.26666668,8,14,5792,0
0.3,9,14,5793,0
0.33333334,10,14,5794,0
0.36666667,11,14,5795,0
0.4,12,14,5796,0
0.43333334,13,14,5797,0
0.46666667,14,14,5798,0
0.5,15,14,5799,0
0.53333336,16,14,5800,0
0.56666666,17,14,5801,0
0.6,18,14,5802,0
0.6333333,19,14,5803,0
0.6666667,20,14,5804,0
0.7,21,14,5805,0
0.73333335,22,14,5806,0
0.76666665,23,14,5807,0
0.8,24,14,5808,0
0.8333333,25,14,5809,0
0.8666667,26,14,5810,0
0.9,27,14,5811,0
0.93333334,28,14,5812,0
0.96666664,29,14,5813,0
1.0,30,14,5814,0
1.0333333,31,14,5815,0
1.0666667,32,14,5816,0
1.1,33,14,5817,0
1.1333333,34,14,5818,0
1.1666666,35,14,5819,0
1.2,36,14,5820,0
1.2333333,37,14,5821,0
1.2666667,38,14,5822,0
1.3,39,14,5823,0
1.3333334,40,14,5824,0
1.3666667,41,14,5825,0
1.4,42,14,5826,0
1.4333333,43,14,5827,0
1.4666667,44,14,5828,0
1.5,45,14,5829,0
1.5333333,46,14,5830,0
1.5666667,47,14,5831,0
1.6,48,14,5832,0
1.6333333,49,14,5833,0
1.6666666,50,14,5834,0
1.7,51,14,5835,0
1.7333333,52,14,5836,0
1.7666667,53,14,5837,0
1.8,54,14,5838,0
1.8333334,55,14,5839,0
1.8666667,56,14,5840,0
1.9,57,14,5841,0
1.9333333,58,14,5842,0
1.9666667,59,14,5843,0
2.0,60,14,5844,0
2.0333333,61,14,5845,0
2.0666666,62,14,5846,0
2.1,63,14,5847,0
2.1333334,64,14,5848,0
2.1666667,65,14,5849,0
2.2,66,14,5850,0
2.2333333,67,14,5851,0
2.2666667,68,14,5852,0
2.3,69,14,5853,0
2.3333333,70,14,5854,0
2.3666666,71,14,5855,0
2.4,72,14,5856,0
2.4333334,73,14,5857,0
2.4666667,74,14,5858,0
2.5,75,14,5859,0
2.5333333,76,14,5860,0
2.5666666,77,14,5861,0
2.6,78,14,5862,0
2.6333334,79,14,5863,0
2.6666667,80,14,5864,0
2.7,81,14,5865,0
2.7333333,82,14,5866,0
2.7666667,83,14,5867,0
2.8,84,14,5868,0
2.8333333,85,14,5869,0
2.8666666,86,14,5870,0
2.9,87,14,5871,0
2.9333334,88,14,5872,0
2.9666667,89,14,5873,0
3.0,90,14,5874,0
3.0333333,91,14,5875,0
3.0666666,92,14,5876,0
3.1,93,14,5877,0
3.1333334,94,14,5878,0
3.1666667,95,14,5879,0
3.2,96,14,5880,0
3.2333333,97,14,5881,0
3.2666667,98,14,5882,0
3.3,99,14,5883,0
3.3333333,100,14,5884,0
3.3666666,101,14,5885,0
3.4,102,14,5886,0
3.4333334,103,14,5887,0
3.4666667,104,14,5888,0
3.5,105,14,5889,0
3.5333333,106,14,5890,0
3.5666666,107,14,5891,0
3.6,108,14,5892,0
3.6333334,109,14,5893,0
3.6666667,110,14,5894,0
3.7,111,14,5895,0
3.7333333,112,14,5896,0
3.7666667,113,14,5897,0
3.8,114,14,5898,0
3.8333333,115,14,5899,0
3.8666666,116,14,5900,0
3.9,117,14,5901,0
3.9333334,118,14,5902,0
3.9666667,119,14,5903,0
4.0,120,14,5904,0
4.0333333,121,14,5905,0
4.0666666,122,14,5906,0
4.1,123,14,5907,0
4.133333,124,14,5908,0
4.1666665,125,14,5909,0
4.2,126,14,5910,0
4.233333,127,14,5911,0
4.266667,128,14,5912,0
4.3,129,14,5913,0
4.3333335,130,14,5914,0
4.366667,131,14,5915,0
4.4,132,14,5916,0
4.4333334,133,14,5917,0
4.4666667,134,14,5918,0
4.5,135,14,5919,0
4.5333333,136,14,5920,0
4.5666666,137,14,5921,0
4.6,138,14,5922,0
4.633333,139,14,5923,0
4.6666665,140,14,5924,0
4.7,141,14,5925,0
4.733333,142,14,5926,0
4.766667,143,14,5927,0
4.8,144,14,5928,0
4.8333335,145,14,5929,0
4.866667,146,14,5930,0
4.9,147,14,5931,0
4.9333334,148,14,5932,0
4.9666667,149,14,5933,0
5.0,150,14,5934,0
5.0333333,151,14,5935,0
5.0666666,152,14,5936,0
5.1,153,14,5937,0
5.133333,154,14,5938,0
5.1666665,155,14,5939,0
5.2,156,14,5940,0
5.233333,157,14,5941,0
5.266667,158,14,5942,0
5.3,159,14,5943,0
5.3333335,160,14,5944,0
5.366667,161,14,5945,0
5.4,162,14,5946,0
5.4333334,163,14,5947,0
5.4666667,164,14,5948,0
5.5,165,14,5949,0
5.5333333,166,14,5950,0
5.5666666,167,14,5951,0
5.6,168,14,5952,0
5.633333,169,14,5953,0
5.6666665,170,14,5954,0
5.7,171,14,5955,0
5.733333,172,14,5956,0
5.766667,173,14,5957,0
5.8,174,14,5958,0
5.8333335,175,14,5959,0
5.866667,176,14,5960,0
5.9,177,14,5961,0
5.9333334,178,14,5962,0
5.9666667,179,14,5963,0
6.0,180,14,5964,0
6.0333333,181,14,5965,0
6.0666666,182,14,5966,0
6.1,183,14,5967,0
6.133333,184,14,5968,0
6.1666665,185,14,5969,0
6.2,186,14,5970,0
6.233333,187,14,5971,0
6.266667,188,14,5972,0
6.3,189,14,5973,0
6.3333335,190,14,5974,0
6.366667,191,14,5975,0
6.4,192,14,5976,0
6.4333334,193,14,5977,0
6.4666667,194,14,5978,0
6.5,195,14,5979,0
6.5333333,196,14,5980,0
6.5666666,197,14,5981,0
6.6,198,14,5982,0
6.633333,199,14,5983,0
6.6666665,200,14,5984,0
6.7,201,14,5985,0
6.733333,202,14,5986,0
6.766667,203,14,5987,0
6.8,204,14,5988,0
6.8333335,205,14,5989,0
6.866667,206,14,5990,0
6.9,207,14,5991,0
6.9333334,208,14,5992,0
6.9666667,209,14,5993,0
7.0,210,14,5994,0
7.0333333,211,14,5995,0
7.0666666,212,14,5996,0
7.1,213,14,5997,0
7.133333,214,14,5998,0
7.1666665,215,14,5999,0
7.2,216,14,6000,0
7.233333,217,14,6001,0
7.266667,218,14,6002,0
7.3,219,14,6003,0
7.3333335,220,14,6004,0
7.366667,221,14,6005,0
7.4,222,14,6006,0
7.4333334,223,14,6007,0
7.4666667,224,14,6008,0
7.5,225,14,6009,0
7.5333333,226,14,6010,0
7.5666666,227,14,6011,0
7.6,228,14,6012,0
7.633333,229,14,6013,0
7.6666665,230,14,6014,0
7.7,231,14,6015,0
7.733333,232,14,6016,0
7.766667,233,14,6017,0
7.8,234,14,6018,0
7.8333335,235,14,6019,0
7.866667,236,14,6020,0
7.9,237,14,6021,0
7.9333334,238,14,6022,0
7.9666667,239,14,6023,0
8.0,240,14,6024,0
8.033334,241,14,6025,0
8.066667,242,14,6026,0
8.1,243,14,6027,0
8.133333,244,14,6028,0
8.166667,245,14,6029,0
8.2,246,14,6030,0
8.233334,247,14,6031,0
8.266666,248,14,6032,0
8.3,249,14,6033,0
8.333333,250,14,6034,0
8.366667,251,14,6035,0
8.4,252,14,6036,0
8.433333,253,14,6037,0
8.466666,254,14,6038,0
8.5,255,14,6039,0
8.533334,256,14,6040,0
8.566667,257,14,6041,0
8.6,258,14,6042,0
8.633333,259,14,6043,0
8.666667,260,14,6044,0
8.7,261,14,6045,0
8.733334,262,14,6046,0
8.766666,263,14,6047,0
8.8,264,14,6048,0
8.833333,265,14,6049,0
8.866667,266,14,6050,0
8.9,267,14,6051,0
8.933333,268,14,6052,0
8.966666,269,14,6053,0
9.0,270,14,6054,0
9.033334,271,14,6055,0
9.066667,272,14,6056,0
9.1,273,14,6057,0
9.133333,274,14,6058,0
9.166667,275,14,6059,0
9.2,276,14,6060,0
9.233334,277,14,6061,0
9.266666,278,14,6062,0
9.3,279,14,6063,0
9.333333,280,14,6064,0
9.366667,281,14,6065,0
9.4,282,14,6066,0
9.433333,283,14,6067,0
9.466666,284,14,6068,0
9.5,285,14,6069,0
9.533334,286,14,6070,0
9.566667,287,14,6071,0
9.6,288,14,6072,0
9.633333,289,14,6073,0
9.666667,290,14,6074,0
9.7,291,14,6075,0
9.733334,292,14,6076,0
9.766666,293,14,6077,0
9.8,294,14,6078,0
9.833333,295,14,6079,0
9.866667,296,14,6080,0
9.9,297,14,6081,0
9.933333,298,14,6082,0
9.966666,299,14,6083,0
10.0,300,14,6084,0
10.033334,301,14,6085,0
10.066667,302,14,6086,0
10.1,303,14,6087,0
10.133333,304,14,6088,0
10.166667,305,14,6089,0
10.2,306,14,6090,0
10.233334,307,14,6091,0
10.266666,308,14,6092,0
10.3,309,14,6093,0
10.333333,310,14,6094,0
10.366667,311,14,6095,0
10.4,312,14,6096,0
10.433333,313,14,6097,0
10.466666,314,14,6098,0
10.5,315,14,6099,0
10.533334,316,14,6100,0
10.566667,317,14,6101,0
10.6,318,14,6102,0
10.633333,319,14,6103,0
10.666667,320,14,6104,0
10.7,321,14,6105,0
10.733334,322,14,6106,0
10.766666,323,14,6107,0
10.8,324,14,6108,0
10.833333,325,14,6109,0
10.866667,326,14,6110,0
10.9,327,14,6111,0
10.933333,328,14,6112,0
10.966666,329,14,6113,0
11.0,330,14,6114,0
11.033334,331,14,6115,0
11.066667,332,14,6116,0
11.1,333,14,6117,0
11.133333,334,14,6118,0
11.166667,335,14,6119,0
11.2,336,14,6120,0
11.233334,337,14,6121,0
11.266666,338,14,6122,0
11.3,339,14,6123,0
11.333333,340,14,6124,0
11.366667,341,14,6125,0
11.4,342,14,6126,0
11.433333,343,14,6127,0
11.466666,344,14,6128,0
11.5,345,14,6129,0
11.533334,346,14,6130,0
11.566667,347,14,6131,0
11.6,348,14,6132,0
11.633333,349,14,6133,0
11.666667,350,14,6134,0
11.7,351,14,6135,0
11.733334,352,14,6136,0
11.766666,353,14,6137,0
11.8,354,14,6138,0
11.833333,355,14,6139,0
11.866667,356,14,6140,0
11.9,357,14,6141,0
11.933333,358,14,6142,0
11.966666,359,14,6143,0
12.0,360,14,6144,0
12.033334,361,14,6145,0
12.066667,362,14,6146,0
12.1,363,14,6147,0
12.133333,364,14,6148,0
12.166667,365,14,6149,0
12.2,366,14,6150,0
12.233334,367,14,6151,0
12.266666,368,14,6152,0
12.3,369,14,6153,0
12.333333,370,14,6154,0
12.366667,371,14,6155,0
12.4,372,14,6156,0
12.433333,373,14,6157,0
12.466666,374,14,6158,0
12.5,375,14,6159,0
12.533334,376,14,6160,0
12.566667,377,14,6161,0
12.6,378,14,6162,0
12.633333,379,14,6163,0
12.666667,380,14,6164,0
12.7,381,14,6165,0
12.733334,382,14,6166,0
12.766666,383,14,6167,0
12.8,384,14,6168,0
12.833333,385,14,6169,0
12.866667,386,14,6170,0
12.9,387,14,6171,0
0.0,0,15,6172,0
0.033333335,1,15,6173,0
0.06666667,2,15,6174,0
0.1,3,15,6175,0
0.13333334,4,15,6176,0
0.16666667,5,15,6177,0
0.2,6,15,6178,0
0.23333333,7,15,6179,0
0.26666668,8,15,6180,0
0.3,9,15,6181,0
0.33333334,10,15,6182,0
0.36666667,11,15,6183,0
0.4,12,15,6184,0
0.43333334,13,15,6185,0
0.46666667,14,15,6186,0
0.5,15,15,6187,0
0.53333336,16,15,6188,0
0.56666666,17,15,6189,0
0.6,18,15,6190,0
0.6333333,19,15,6191,0
0.6666667,20,15,6192,0
0.7,21,15,6193,0
0.73333335,22,15,6194,0
0.76666665,23,15,6195,0
0.8,24,15,6196,0
0.8333333,25,15,6197,0
0.8666667,26,15,6198,0
0.9,27,15,6199,0
0.93333334,28,15,6200,0
0.96666664,29,15,6201,0
1.0,30,15,6202,0
1.0333333,31,15,6203,0
1.0666667,32,15,6204,0
1.1,33,15,6205,0
1.1333333,34,15,6206,0
1.1666666,35,15,6207,0
1.2,36,15,6208,0
1.2333333,37,15,6209,0
1.2666667,38,15,6210,0
1.3,39,15,6211,0
1.3333334,40,15,6212,0
1.3666667,41,15,6213,0
1.4,42,15,6214,0
1.4333333,43,15,6215,0
1.4666667,44,15,6216,0
1.5,45,15,6217,0
1.5333333,46,15,6218,0
1.5666667,47,15,6219,0
1.6,48,15,6220,0
1.6333333,49,15,6221,0
1.6666666,50,15,6222,0
1.7,51,15,6223,0
1.7333333,52,15,6224,0
1.7666667,53,15,6225,0
1.8,54,15,6226,0
1.8333334,55,15,6227,0
1.8666667,56,15,6228,0
1.9,57,15,6229,0
1.9333333,58,15,6230,0
1.9666667,59,15,6231,0
2.0,60,15,6232,0
2.0333333,61,15,6233,0
2.0666666,62,15,6234,0
2.1,63,15,6235,0
2.1333334,64,15,6236,0
2.1666667,65,15,6237,0
2.2,66,15,6238,0
2.2333333,67,15,6239,0
2.2666667,68,15,6240,0
2.3,69,15,6241,0
2.3333333,70,15,6242,0
2.3666666,71,15,6243,0
2.4,72,15,6244,0
2.4333334,73,15,6245,0
2.4666667,74,15,6246,0
2.5,75,15,6247,0
2.5333333,76,15,6248,0
2.5666666,77,15,6249,0
2.6,78,15,6250,0
2.6333334,79,15,6251,0
2.6666667,80,15,6252,0
2.7,81,15,6253,0
2.7333333,82,15,6254,0
2.7666667,83,15,6255,0
2.8,84,15,6256,0
2.8333333,85,15,6257,0
2.8666666,86,15,6258,0
2.9,87,15,6259,0
2.9333334,88,15,6260,0
2.9666667,89,15,6261,0
3.0,90,15,6262,0
3.0333333,91,15,6263,0
3.0666666,92,15,6264,0
3.1,93,15,6265,0
3.1333334,94,15,6266,0
3.1666667,95,15,6267,0
3.2,96,15,6268,0
3.2333333,97,15,6269,0
3.2666667,98,15,6270,0
3.3,99,15,6271,0
3.3333333,100,15,6272,0
3.3666666,101,15,6273,0
3.4,102,15,6274,0
3.4333334,103,15,6275,0
3.4666667,104,15,6276,0
3.5,105,15,6277,0
3.5333333,106,15,6278,0
3.5666666,107,15,6279,0
3.6,108,15,6280,0
3.6333334,109,15,6281,0
3.6666667,110,15,6282,0
3.7,111,15,6283,0
3.7333333,112,15,6284,0
3.7666667,113,15,6285,0
3.8,114,15,6286,0
3.8333333,115,15,6287,0
3.8666666,116,15,6288,0
3.9,117,15,6289,0
3.9333334,118,15,6290,0
3.9666667,119,15,6291,0
4.0,120,15,6292,0
4.0333333,121,15,6293,0
4.0666666,122,15,6294,0
4.1,123,15,6295,0
4.133333,124,15,6296,0
4.1666665,125,15,6297,0
4.2,126,15,6298,0
4.233333,127,15,6299,0
4.266667,128,15,6300,0
4.3,129,15,6301,0
4.3333335,130,15,6302,0
4.366667,131,15,6303,0
4.4,132,15,6304,0
4.4333334,133,15,6305,0
4.4666667,134,15,6306,0
4.5,135,15,6307,0
4.5333333,136,15,6308,0
4.5666666,137,15,6309,0
4.6,138,15,6310,0
4.633333,139,15,6311,0
4.6666665,140,15,6312,0
4.7,141,15,6313,0
4.733333,142,15,6314,0
4.766667,143,15,6315,0
4.8,144,15,6316,0
4.8333335,145,15,6317,0
4.866667,146,15,6318,0
4.9,147,15,6319,0
4.9333334,148,15,6320,0
4.9666667,149,15,6321,0
5.0,150,15,6322,0
5.0333333,151,15,6323,0
5.0666666,152,15,6324,0
5.1,153,15,6325,0
5.133333,154,15,6326,0
5.1666665,155,15,6327,0
5.2,156,15,6328,0
5.233333,157,15,6329,0
5.266667,158,15,6330,0
5.3,159,15,6331,0
5.3333335,160,15,6332,0
5.366667,161,15,6333,0
5.4,162,15,6334,0
5.4333334,163,15,6335,0
5.4666667,164,15,6336,0
5.5,165,15,6337,0
5.5333333,166,15,6338,0
5.5666666,167,15,6339,0
5.6,168,15,6340,0
5.633333,169,15,6341,0
5.6666665,170,15,6342,0
5.7,171,15,6343,0
5.733333,172,15,6344,0
5.766667,173,15,6345,0
5.8,174,15,6346,0
5.8333335,175,15,6347,0
5.866667,176,15,6348,0
5.9,177,15,6349,0
5.9333334,178,15,6350,0
5.9666667,179,15,6351,0
6.0,180,15,6352,0
6.0333333,181,15,6353,0
6.0666666,182,15,6354,0
6.1,183,15,6355,0
6.133333,184,15,6356,0
6.1666665,185,15,6357,0
6.2,186,15,6358,0
6.233333,187,15,6359,0
6.266667,188,15,6360,0
6.3,189,15,6361,0
6.3333335,190,15,6362,0
6.366667,191,15,6363,0
6.4,192,15,6364,0
6.4333334,193,15,6365,0
6.4666667,194,15,6366,0
6.5,195,15,6367,0
6.5333333,196,15,6368,0
6.5666666,197,15,6369,0
6.6,198,15,6370,0
6.633333,199,15,6371,0
6.6666665,200,15,6372,0
6.7,201,15,6373,0
6.733333,202,15,6374,0
6.766667,203,15,6375,0
6.8,204,15,6376,0
6.8333335,205,15,6377,0
6.866667,206,15,6378,0
6.9,207,15,6379,0
6.9333334,208,15,6380,0
6.9666667,209,15,6381,0
7.0,210,15,6382,0
7.0333333,211,15,6383,0
7.0666666,212,15,6384,0
7.1,213,15,6385,0
7.133333,214,15,6386,0
7.1666665,215,15,6387,0
7.2,216,15,6388,0
7.233333,217,15,6389,0
7.266667,218,15,6390,0
7.3,219,15,6391,0
7.3333335,220,15,6392,0
7.366667,221,15,6393,0
7.4,222,15,6394,0
7.4333334,223,15,6395,0
7.4666667,224,15,6396,0
7.5,225,15,6397,0
7.5333333,226,15,6398,0
7.5666666,227,15,6399,0
7.6,228,15,6400,0
7.633333,229,15,6401,0
7.6666665,230,15,6402,0
7.7,231,15,6403,0
7.733333,232,15,6404,0
7.766667,233,15,6405,0
7.8,234,15,6406,0
7.8333335,235,15,6407,0
7.866667,236,15,6408,0
7.9,237,15,6409,0
7.9333334,238,15,6410,0
7.9666667,239,15,6411,0
8.0,240,15,6412,0
8.033334,241,15,6413,0
8.066667,242,15,6414,0
8.1,243,15,6415,0
8.133333,244,15,6416,0
8.166667,245,15,6417,0
8.2,246,15,6418,0
8.233334,247,15,6419,0
8.266666,248,15,6420,0
8.3,249,15,6421,0
8.333333,250,15,6422,0
8.366667,251,15,6423,0
8.4,252,15,6424,0
8.433333,253,15,6425,0
8.466666,254,15,6426,0
8.5,255,15,6427,0
8.533334,256,15,6428,0
8.566667,257,15,6429,0
8.6,258,15,6430,0
8.633333,259,15,6431,0
8.666667,260,15,6432,0
8.7,261,15,6433,0
8.733334,262,15,6434,0
8.766666,263,15,6435,0
8.8,264,15,6436,0
8.833333,265,15,6437,0
8.866667,266,15,6438,0
8.9,267,15,6439,0
8.933333,268,15,6440,0
8.966666,269,15,6441,0
9.0,270,15,6442,0
9.033334,271,15,6443,0
9.066667,272,15,6444,0
9.1,273,15,6445,0
9.133333,274,15,6446,0
9.166667,275,15,6447,0
9.2,276,15,6448,0
9.233334,277,15,6449,0
9.266666,278,15,6450,0
9.3,279,15,6451,0
9.333333,280,15,6452,0
9.366667,281,15,6453,0
9.4,282,15,6454,0
9.433333,283,15,6455,0
9.466666,284,15,6456,0
9.5,285,15,6457,0
9.533334,286,15,6458,0
9.566667,287,15,6459,0
9.6,288,15,6460,0
9.633333,289,15,6461,0
9.666667,290,15,6462,0
9.7,291,15,6463,0
9.733334,292,15,6464,0
9.766666,293,15,6465,0
9.8,294,15,6466,0
9.833333,295,15,6467,0
9.866667,296,15,6468,0
9.9,297,15,6469,0
9.933333,298,15,6470,0
9.966666,299,15,6471,0
10.0,300,15,6472,0
10.033334,301,15,6473,0
10.066667,302,15,6474,0
10.1,303,15,6475,0
10.133333,304,15,6476,0
10.166667,305,15,6477,0
10.2,306,15,6478,0
10.233334,307,15,6479,0
10.266666,308,15,6480,0
10.3,309,15,6481,0
10.333333,310,15,6482,0
10.366667,311,15,6483,0
10.4,312,15,6484,0
10.433333,313,15,6485,0
10.466666,314,15,6486,0
10.5,315,15,6487,0
10.533334,316,15,6488,0
10.566667,317,15,6489,0
10.6,318,15,6490,0
10.633333,319,15,6491,0
10.666667,320,15,6492,0
10.7,321,15,6493,0
10.733334,322,15,6494,0
10.766666,323,15,6495,0
10.8,324,15,6496,0
10.833333,325,15,6497,0
10.866667,326,15,6498,0
10.9,327,15,6499,0
10.933333,328,15,6500,0
10.966666,329,15,6501,0
11.0,330,15,6502,0
11.033334,331,15,6503,0
11.066667,332,15,6504,0
11.1,333,15,6505,0
11.133333,334,15,6506,0
11.166667,335,15,6507,0
11.2,336,15,6508,0
11.233334,337,15,6509,0
11.266666,338,15,6510,0
11.3,339,15,6511,0
11.333333,340,15,6512,0
11.366667,341,15,6513,0
11.4,342,15,6514,0
11.433333,343,15,6515,0
11.466666,344,15,6516,0
11.5,345,15,6517,0
11.533334,346,15,6518,0
11.566667,347,15,6519,0
11.6,348,15,6520,0
11.633333,349,15,6521,0
11.666667,350,15,6522,0
11.7,351,15,6523,0
11.733334,352,15,6524,0
11.766666,353,15,6525,0
11.8,354,15,6526,0
11.833333,355,15,6527,0
11.866667,356,15,6528,0
11.9,357,15,6529,0
11.933333,358,15,6530,0
11.966666,359,15,6531,0
12.0,360,15,6532,0
12.033334,361,15,6533,0
12.066667,362,15,6534,0
12.1,363,15,6535,0
12.133333,364,15,6536,0
12.166667,365,15,6537,0
12.2,366,15,6538,0
12.233334,367,15,6539,0
12.266666,368,15,6540,0
12.3,369,15,6541,0
12.333333,370,15,6542,0
12.366667,371,15,6543,0
12.4,372,15,6544,0
12.433333,373,15,6545,0
12.466666,374,15,6546,0
12.5,375,15,6547,0
12.533334,376,15,6548,0
12.566667,377,15,6549,0
12.6,378,15,6550,0
12.633333,379,15,6551,0
12.666667,380,15,6552,0
12.7,381,15,6553,0
12.733334,382,15,6554,0
12.766666,383,15,6555,0
12.8,384,15,6556,0
12.833333,385,15,6557,0
0.0,0,16,6558,0
0.033333335,1,16,6559,0
0.06666667,2,16,6560,0
0.1,3,16,6561,0
0.13333334,4,16,6562,0
0.16666667,5,16,6563,0
0.2,6,16,6564,0
0.23333333,7,16,6565,0
0.26666668,8,16,6566,0
0.3,9,16,6567,0
0.33333334,10,16,6568,0
0.36666667,11,16,6569,0
0.4,12,16,6570,0
0.43333334,13,16,6571,0
0.46666667,14,16,6572,0
0.5,15,16,6573,0
0.53333336,16,16,6574,0
0.56666666,17,16,6575,0
0.6,18,16,6576,0
0.6333333,19,16,6577,0
0.6666667,20,16,6578,0
0.7,21,16,6579,0
0.73333335,22,16,6580,0
0.76666665,23,16,6581,0
0.8,24,16,6582,0
0.8333333,25,16,6583,0
0.8666667,26,16,6584,0
0.9,27,16,6585,0
0.93333334,28,16,6586,0
0.96666664,29,16,6587,0
1.0,30,16,6588,0
1.0333333,31,16,6589,0
1.0666667,32,16,6590,0
1.1,33,16,6591,0
1.1333333,34,16,6592,0
1.1666666,35,16,6593,0
1.2,36,16,6594,0
1.2333333,37,16,6595,0
1.2666667,38,16,6596,0
1.3,39,16,6597,0
1.3333334,40,16,6598,0
1.3666667,41,16,6599,0
1.4,42,16,6600,0
1.4333333,43,16,6601,0
1.4666667,44,16,6602,0
1.5,45,16,6603,0
1.5333333,46,16,6604,0
1.5666667,47,16,6605,0
1.6,48,16,6606,0
1.6333333,49,16,6607,0
1.6666666,50,16,6608,0
1.7,51,16,6609,0
1.7333333,52,16,6610,0
1.7666667,53,16,6611,0
1.8,54,16,6612,0
1.8333334,55,16,6613,0
1.8666667,56,16,6614,0
1.9,57,16,6615,0
1.9333333,58,16,6616,0
1.9666667,59,16,6617,0
2.0,60,16,6618,0
2.0333333,61,16,6619,0
2.0666666,62,16,6620,0
2.1,63,16,6621,0
2.1333334,64,16,6622,0
2.1666667,65,16,6623,0
2.2,66,16,6624,0
2.2333333,67,16,6625,0
2.2666667,68,16,6626,0
2.3,69,16,6627,0
2.3333333,70,16,6628,0
2.3666666,71,16,6629,0
2.4,72,16,6630,0
2.4333334,73,16,6631,0
2.4666667,74,16,6632,0
2.5,75,16,6633,0
2.5333333,76,16,6634,0
2.5666666,77,16,6635,0
2.6,78,16,6636,0
2.6333334,79,16,6637,0
2.6666667,80,16,6638,0
2.7,81,16,6639,0
2.7333333,82,16,6640,0
2.7666667,83,16,6641,0
2.8,84,16,6642,0
2.8333333,85,16,6643,0
2.8666666,86,16,6644,0
2.9,87,16,6645,0
2.9333334,88,16,6646,0
2.9666667,89,16,6647,0
3.0,90,16,6648,0
3.0333333,91,16,6649,0
3.0666666,92,16,6650,0
3.1,93,16,6651,0
3.1333334,94,16,6652,0
3.1666667,95,16,6653,0
3.2,96,16,6654,0
3.2333333,97,16,6655,0
3.2666667,98,16,6656,0
3.3,99,16,6657,0
3.3333333,100,16,6658,0
3.3666666,101,16,6659,0
3.4,102,16,6660,0
3.4333334,103,16,6661,0
3.4666667,104,16,6662,0
3.5,105,16,6663,0
3.5333333,106,16,6664,0
3.5666666,107,16,6665,0
3.6,108,16,6666,0
3.6333334,109,16,6667,0
3.6666667,110,16,6668,0
3.7,111,16,6669,0
3.7333333,112,16,6670,0
3.7666667,113,16,6671,0
3.8,114,16,6672,0
3.8333333,115,16,6673,0
3.8666666,116,16,6674,0
3.9,117,16,6675,0
3.9333334,118,16,6676,0
3.9666667,119,16,6677,0
4.0,120,16,6678,0
4.0333333,121,16,6679,0
4.0666666,122,16,6680,0
4.1,123,16,6681,0
4.133333,124,16,6682,0
4.1666665,125,16,6683,0
4.2,126,16,6684,0
4.233333,127,16,6685,0
4.266667,128,16,6686,0
4.3,129,16,6687,0
4.3333335,130,16,6688,0
4.366667,131,16,6689,0
4.4,132,16,6690,0
4.4333334,133,16,6691,0
4.4666667,134,16,6692,0
4.5,135,16,6693,0
4.5333333,136,16,6694,0
4.5666666,137,16,6695,0
4.6,138,16,6696,0
4.633333,139,16,6697,0
4.6666665,140,16,6698,0
4.7,141,16,6699,0
4.733333,142,16,6700,0
4.766667,143,16,6701,0
4.8,144,16,6702,0
4.8333335,145,16,6703,0
4.866667,146,16,6704,0
4.9,147,16,6705,0
4.9333334,148,16,6706,0
4.9666667,149,16,6707,0
5.0,150,16,6708,0
5.0333333,151,16,6709,0
5.0666666,152,16,6710,0
5.1,153,16,6711,0
5.133333,154,16,6712,0
5.1666665,155,16,6713,0
5.2,156,16,6714,0
5.233333,157,16,6715,0
5.266667,158,16,6716,0
5.3,159,16,6717,0
5.3333335,160,16,6718,0
5.366667,161,16,6719,0
5.4,162,16,6720,0
5.4333334,163,16,6721,0
5.4666667,164,16,6722,0
5.5,165,16,6723,0
5.5333333,166,16,6724,0
5.5666666,167,16,6725,0
5.6,168,16,6726,0
5.633333,169,16,6727,0
5.6666665,170,16,6728,0
5.7,171,16,6729,0
5.733333,172,16,6730,0
5.766667,173,16,6731,0
5.8,174,16,6732,0
5.8333335,175,16,6733,0
5.866667,176,16,6734,0
5.9,177,16,6735,0
5.9333334,178,16,6736,0
5.9666667,179,16,6737,0
6.0,180,16,6738,0
6.0333333,181,16,6739,0
6.0666666,182,16,6740,0
6.1,183,16,6741,0
6.133333,184,16,6742,0
6.1666665,185,16,6743,0
6.2,186,16,6744,0
6.233333,187,16,6745,0
6.266667,188,16,6746,0
6.3,189,16,6747,0
6.3333335,190,16,6748,0
6.366667,191,16,6749,0
6.4,192,16,6750,0
6.4333334,193,16,6751,0
6.4666667,194,16,6752,0
6.5,195,16,6753,0
6.5333333,196,16,6754,0
6.5666666,197,16,6755,0
6.6,198,16,6756,0
6.633333,199,16,6757,0
6.6666665,200,16,6758,0
6.7,201,16,6759,0
6.733333,202,16,6760,0
6.766667,203,16,6761,0
6.8,204,16,6762,0
6.8333335,205,16,6763,0
6.866667,206,16,6764,0
6.9,207,16,6765,0
6.9333334,208,16,6766,0
6.9666667,209,16,6767,0
7.0,210,16,6768,0
7.0333333,211,16,6769,0
7.0666666,212,16,6770,0
7.1,213,16,6771,0
7.133333,214,16,6772,0
7.1666665,215,16,6773,0
7.2,216,16,6774,0
7.233333,217,16,6775,0
7.266667,218,16,6776,0
7.3,219,16,6777,0
7.3333335,220,16,6778,0
7.366667,221,16,6779,0
7.4,222,16,6780,0
7.4333334,223,16,6781,0
7.4666667,224,16,6782,0
7.5,225,16,6783,0
7.5333333,226,16,6784,0
7.5666666,227,16,6785,0
7.6,228,16,6786,0
7.633333,229,16,6787,0
7.6666665,230,16,6788,0
7.7,231,16,6789,0
7.733333,232,16,6790,0
7.766667,233,16,6791,0
7.8,234,16,6792,0
7.8333335,235,16,6793,0
7.866667,236,16,6794,0
7.9,237,16,6795,0
7.9333334,238,16,6796,0
7.9666667,239,16,6797,0
8.0,240,16,6798,0
8.033334,241,16,6799,0
8.066667,242,16,6800,0
8.1,243,16,6801,0
8.133333,244,16,6802,0
8.166667,245,16,6803,0
8.2,246,16,6804,0
8.233334,247,16,6805,0
8.266666,248,16,6806,0
8.3,249,16,6807,0
8.333333,250,16,6808,0
8.366667,251,16,6809,0
8.4,252,16,6810,0
8.433333,253,16,6811,0
8.466666,254,16,6812,0
8.5,255,16,6813,0
8.533334,256,16,6814,0
8.566667,257,16,6815,0
8.6,258,16,6816,0
8.633333,259,16,6817,0
8.666667,260,16,6818,0
8.7,261,16,6819,0
8.733334,262,16,6820,0
8.766666,263,16,6821,0
8.8,264,16,6822,0
8.833333,265,16,6823,0
8.866667,266,16,6824,0
8.9,267,16,6825,0
8.933333,268,16,6826,0
8.966666,269,16,6827,0
9.0,270,16,6828,0
9.033334,271,16,6829,0
9.066667,272,16,6830,0
9.1,273,16,6831,0
9.133333,274,16,6832,0
9.166667,275,16,6833,0
9.2,276,16,6834,0
9.233334,277,16,6835,0
9.266666,278,16,6836,0
9.3,279,16,6837,0
9.333333,280,16,6838,0
9.366667,281,16,6839,0
9.4,282,16,6840,0
9.433333,283,16,6841,0
9.466666,284,16,6842,0
9.5,285,16,6843,0
9.533334,286,16,6844,0
9.566667,287,16,6845,0
9.6,288,16,6846,0
9.633333,289,16,6847,0
9.666667,290,16,6848,0
9.7,291,16,6849,0
9.733334,292,16,6850,0
9.766666,293,16,6851,0
9.8,294,16,6852,0
9.833333,295,16,6853,0
9.866667,296,16,6854,0
9.9,297,16,6855,0
9.933333,298,16,6856,0
9.966666,299,16,6857,0
10.0,300,16,6858,0
10.033334,301,16,6859,0
10.066667,302,16,6860,0
10.1,303,16,6861,0
10.133333,304,16,6862,0
10.166667,305,16,6863,0
10.2,306,16,6864,0
10.233334,307,16,6865,0
10.266666,308,16,6866,0
10.3,309,16,6867,0
10.333333,310,16,6868,0
10.366667,311,16,6869,0
10.4,312,16,6870,0
10.433333,313,16,6871,0
10.466666,314,16,6872,0
10.5,315,16,6873,0
10.533334,316,16,6874,0
10.566667,317,16,6875,0
10.6,318,16,6876,0
10.633333,319,16,6877,0
10.666667,320,16,6878,0
10.7,321,16,6879,0
10.733334,322,16,6880,0
10.766666,323,16,6881,0
10.8,324,16,6882,0
10.833333,325,16,6883,0
10.866667,326,16,6884,0
10.9,327,16,6885,0
10.933333,328,16,6886,0
10.966666,329,16,6887,0
11.0,330,16,6888,0
11.033334,331,16,6889,0
11.066667,332,16,6890,0
11.1,333,16,6891,0
11.133333,334,16,6892,0
11.166667,335,16,6893,0
11.2,336,16,6894,0
11.233334,337,16,6895,0
11.266666,338,16,6896,0
11.3,339,16,6897,0
11.333333,340,16,6898,0
11.366667,341,16,6899,0
11.4,342,16,6900,0
11.433333,343,16,6901,0
11.466666,344,16,6902,0
11.5,345,16,6903,0
11.533334,346,16,6904,0
11.566667,347,16,6905,0
11.6,348,16,6906,0
11.633333,349,16,6907,0
11.666667,350,16,6908,0
11.7,351,16,6909,0
11.733334,352,16,6910,0
11.766666,353,16,6911,0
11.8,354,16,6912,0
11.833333,355,16,6913,0
11.866667,356,16,6914,0
11.9,357,16,6915,0
11.933333,358,16,6916,0
11.966666,359,16,6917,0
0.0,0,17,6918,0
0.033333335,1,17,6919,0
0.06666667,2,17,6920,0
0.1,3,17,6921,0
0.13333334,4,17,6922,0
0.16666667,5,17,6923,0
0.2,6,17,6924,0
0.23333333,7,17,6925,0
0.26666668,8,17,6926,0
0.3,9,17,6927,0
0.33333334,10,17,6928,0
0.36666667,11,17,6929,0
0.4,12,17,6930,0
0.43333334,13,17,6931,0
0.46666667,14,17,6932,0
0.5,15,17,6933,0
0.53333336,16,17,6934,0
0.56666666,17,17,6935,0
0.6,18,17,6936,0
0.6333333,19,17,6937,0
0.6666667,20,17,6938,0
0.7,21,17,6939,0
0.73333335,22,17,6940,0
0.76666665,23,17,6941,0
0.8,24,17,6942,0
0.8333333,25,17,6943,0
0.8666667,26,17,6944,0
0.9,27,17,6945,0
0.93333334,28,17,6946,0
0.96666664,29,17,6947,0
1.0,30,17,6948,0
1.0333333,31,17,6949,0
1.0666667,32,17,6950,0
1.1,33,17,6951,0
1.1333333,34,17,6952,0
1.1666666,35,17,6953,0
1.2,36,17,6954,0
1.2333333,37,17,6955,0
1.2666667,38,17,6956,0
1.3,39,17,6957,0
1.3333334,40,17,6958,0
1.3666667,41,17,6959,0
1.4,42,17,6960,0
1.4333333,43,17,6961,0
1.4666667,44,17,6962,0
1.5,45,17,6963,0
1.5333333,46,17,6964,0
1.5666667,47,17,6965,0
1.6,48,17,6966,0
1.6333333,49,17,6967,0
1.6666666,50,17,6968,0
1.7,51,17,6969,0
1.7333333,52,17,6970,0
1.7666667,53,17,6971,0
1.8,54,17,6972,0
1.8333334,55,17,6973,0
1.8666667,56,17,6974,0
1.9,57,17,6975,0
1.9333333,58,17,6976,0
1.9666667,59,17,6977,0
2.0,60,17,6978,0
2.0333333,61,17,6979,0
2.0666666,62,17,6980,0
2.1,63,17,6981,0
2.1333334,64,17,6982,0
2.1666667,65,17,6983,0
2.2,66,17,6984,0
2.2333333,67,17,6985,0
2.2666667,68,17,6986,0
2.3,69,17,6987,0
2.3333333,70,17,6988,0
2.3666666,71,17,6989,0
2.4,72,17,6990,0
2.4333334,73,17,6991,0
2.4666667,74,17,6992,0
2.5,75,17,6993,0
2.5333333,76,17,6994,0
2.5666666,77,17,6995,0
2.6,78,17,6996,0
2.6333334,79,17,6997,0
2.6666667,80,17,6998,0
2.7,81,17,6999,0
2.7333333,82,17,7000,0
2.7666667,83,17,7001,0
2.8,84,17,7002,0
2.8333333,85,17,7003,0
2.8666666,86,17,7004,0
2.9,87,17,7005,0
2.9333334,88,17,7006,0
2.9666667,89,17,7007,0
3.0,90,17,7008,0
3.0333333,91,17,7009,0
3.0666666,92,17,7010,0
3.1,93,17,7011,0
3.1333334,94,17,7012,0
3.1666667,95,17,7013,0
3.2,96,17,7014,0
3.2333333,97,17,7015,0
3.2666667,98,17,7016,0
3.3,99,17,7017,0
3.3333333,100,17,7018,0
3.3666666,101,17,7019,0
3.4,102,17,7020,0
3.4333334,103,17,7021,0
3.4666667,104,17,7022,0
3.5,105,17,7023,0
3.5333333,106,17,7024,0
3.5666666,107,17,7025,0
3.6,108,17,7026,0
3.6333334,109,17,7027,0
3.6666667,110,17,7028,0
3.7,111,17,7029,0
3.7333333,112,17,7030,0
3.7666667,113,17,7031,0
3.8,114,17,7032,0
3.8333333,115,17,7033,0
3.8666666,116,17,7034,0
3.9,117,17,7035,0
3.9333334,118,17,7036,0
3.9666667,119,17,7037,0
4.0,120,17,7038,0
4.0333333,121,17,7039,0
4.0666666,122,17,7040,0
4.1,123,17,7041,0
4.133333,124,17,7042,0
4.1666665,125,17,7043,0
4.2,126,17,7044,0
4.233333,127,17,7045,0
4.266667,128,17,7046,0
4.3,129,17,7047,0
4.3333335,130,17,7048,0
4.366667,131,17,7049,0
4.4,132,17,7050,0
4.4333334,133,17,7051,0
4.4666667,134,17,7052,0
4.5,135,17,7053,0
4.5333333,136,17,7054,0
4.5666666,137,17,7055,0
4.6,138,17,7056,0
4.633333,139,17,7057,0
4.6666665,140,17,7058,0
4.7,141,17,7059,0
4.733333,142,17,7060,0
4.766667,143,17,7061,0
4.8,144,17,7062,0
4.8333335,145,17,7063,0
4.866667,146,17,7064,0
4.9,147,17,7065,0
4.9333334,148,17,7066,0
4.9666667,149,17,7067,0
5.0,150,17,7068,0
5.0333333,151,17,7069,0
5.0666666,152,17,7070,0
5.1,153,17,7071,0
5.133333,154,17,7072,0
5.1666665,155,17,7073,0
5.2,156,17,7074,0
5.233333,157,17,7075,0
5.266667,158,17,7076,0
5.3,159,17,7077,0
5.3333335,160,17,7078,0
5.366667,161,17,7079,0
5.4,162,17,7080,0
5.4333334,163,17,7081,0
5.4666667,164,17,7082,0
5.5,165,17,7083,0
5.5333333,166,17,7084,0
5.5666666,167,17,7085,0
5.6,168,17,7086,0
5.633333,169,17,7087,0
5.6666665,170,17,7088,0
5.7,171,17,7089,0
5.733333,172,17,7090,0
5.766667,173,17,7091,0
5.8,174,17,7092,0
5.8333335,175,17,7093,0
5.866667,176,17,7094,0
5.9,177,17,7095,0
5.9333334,178,17,7096,0
5.9666667,179,17,7097,0
6.0,180,17,7098,0
6.0333333,181,17,7099,0
6.0666666,182,17,7100,0
6.1,183,17,7101,0
6.133333,184,17,7102,0
6.1666665,185,17,7103,0
6.2,186,17,7104,0
6.233333,187,17,7105,0
6.266667,188,17,7106,0
6.3,189,17,7107,0
6.3333335,190,17,7108,0
6.366667,191,17,7109,0
6.4,192,17,7110,0
6.4333334,193,17,7111,0
6.4666667,194,17,7112,0
6.5,195,17,7113,0
6.5333333,196,17,7114,0
6.5666666,197,17,7115,0
6.6,198,17,7116,0
6.633333,199,17,7117,0
6.6666665,200,17,7118,0
6.7,201,17,7119,0
6.733333,202,17,7120,0
6.766667,203,17,7121,0
6.8,204,17,7122,0
6.8333335,205,17,7123,0
6.866667,206,17,7124,0
6.9,207,17,7125,0
6.9333334,208,17,7126,0
6.9666667,209,17,7127,0
7.0,210,17,7128,0
7.0333333,211,17,7129,0
7.0666666,212,17,7130,0
7.1,213,17,7131,0
7.133333,214,17,7132,0
7.1666665,215,17,7133,0
7.2,216,17,7134,0
7.233333,217,17,7135,0
7.266667,218,17,7136,0
7.3,219,17,7137,0
7.3333335,220,17,7138,0
7.366667,221,17,7139,0
7.4,222,17,7140,0
7.4333334,223,17,7141,0
7.4666667,224,17,7142,0
7.5,225,17,7143,0
7.5333333,226,17,7144,0
7.5666666,227,17,7145,0
7.6,228,17,7146,0
7.633333,229,17,7147,0
7.6666665,230,17,7148,0
7.7,231,17,7149,0
7.733333,232,17,7150,0
7.766667,233,17,7151,0
7.8,234,17,7152,0
7.8333335,235,17,7153,0
7.866667,236,17,7154,0
7.9,237,17,7155,0
7.9333334,238,17,7156,0
7.9666667,239,17,7157,0
8.0,240,17,7158,0
8.033334,241,17,7159,0
8.066667,242,17,7160,0
8.1,243,17,7161,0
8.133333,244,17,7162,0
8.166667,245,17,7163,0
8.2,246,17,7164,0
8.233334,247,17,7165,0
8.266666,248,17,7166,0
8.3,249,17,7167,0
8.333333,250,17,7168,0
8.366667,251,17,7169,0
8.4,252,17,7170,0
8.433333,253,17,7171,0
8.466666,254,17,7172,0
8.5,255,17,7173,0
8.533334,256,17,7174,0
8.566667,257,17,7175,0
8.6,258,17,7176,0
8.633333,259,17,7177,0
8.666667,260,17,7178,0
8.7,261,17,7179,0
8.733334,262,17,7180,0
8.766666,263,17,7181,0
8.8,264,17,7182,0
8.833333,265,17,7183,0
8.866667,266,17,7184,0
8.9,267,17,7185,0
8.933333,268,17,7186,0
8.966666,269,17,7187,0
9.0,270,17,7188,0
9.033334,271,17,7189,0
9.066667,272,17,7190,0
9.1,273,17,7191,0
9.133333,274,17,7192,0
9.166667,275,17,7193,0
9.2,276,17,7194,0
9.233334,277,17,7195,0
9.266666,278,17,7196,0
9.3,279,17,7197,0
9.333333,280,17,7198,0
9.366667,281,17,7199,0
9.4,282,17,7200,0
9.433333,283,17,7201,0
9.466666,284,17,7202,0
9.5,285,17,7203,0
9.533334,286,17,7204,0
9.566667,287,17,7205,0
9.6,288,17,7206,0
9.633333,289,17,7207,0
9.666667,290,17,7208,0
9.7,291,17,7209,0
9.733334,292,17,7210,0
9.766666,293,17,7211,0
9.8,294,17,7212,0
9.833333,295,17,7213,0
9.866667,296,17,7214,0
9.9,297,17,7215,0
9.933333,298,17,7216,0
9.966666,299,17,7217,0
10.0,300,17,7218,0
10.033334,301,17,7219,0
10.066667,302,17,7220,0
10.1,303,17,7221,0
10.133333,304,17,7222,0
10.166667,305,17,7223,0
10.2,306,17,7224,0
10.233334,307,17,7225,0
10.266666,308,17,7226,0
10.3,309,17,7227,0
10.333333,310,17,7228,0
10.366667,311,17,7229,0
10.4,312,17,7230,0
10.433333,313,17,7231,0
10.466666,314,17,7232,0
10.5,315,17,7233,0
10.533334,316,17,7234,0
10.566667,317,17,7235,0
10.6,318,17,7236,0
10.633333,319,17,7237,0
10.666667,320,17,7238,0
10.7,321,17,7239,0
10.733334,322,17,7240,0
10.766666,323,17,7241,0
10.8,324,17,7242,0
10.833333,325,17,7243,0
10.866667,326,17,7244,0
10.9,327,17,7245,0
10.933333,328,17,7246,0
10.966666,329,17,7247,0
11.0,330,17,7248,0
11.033334,331,17,7249,0
11.066667,332,17,7250,0
11.1,333,17,7251,0
11.133333,334,17,7252,0
11.166667,335,17,7253,0
11.2,336,17,7254,0
11.233334,337,17,7255,0
11.266666,338,17,7256,0
11.3,339,17,7257,0
11.333333,340,17,7258,0
11.366667,341,17,7259,0
11.4,342,17,7260,0
11.433333,343,17,7261,0
11.466666,344,17,7262,0
11.5,345,17,7263,0
11.533334,346,17,7264,0
11.566667,347,17,7265,0
11.6,348,17,7266,0
11.633333,349,17,7267,0
11.666667,350,17,7268,0
11.7,351,17,7269,0
11.733334,352,17,7270,0
11.766666,353,17,7271,0
11.8,354,17,7272,0
11.833333,355,17,7273,0
11.866667,356,17,7274,0
11.9,357,17,7275,0
11.933333,358,17,7276,0
11.966666,359,17,7277,0
12.0,360,17,7278,0
12.033334,361,17,7279,0
12.066667,362,17,7280,0
12.1,363,17,7281,0
12.133333,364,17,7282,0
12.166667,365,17,7283,0
0.0,0,18,7284,0
0.033333335,1,18,7285,0
0.06666667,2,18,7286,0
0.1,3,18,7287,0
0.13333334,4,18,7288,0
0.16666667,5,18,7289,0
0.2,6,18,7290,0
0.23333333,7,18,7291,0
0.26666668,8,18,7292,0
0.3,9,18,7293,0
0.33333334,10,18,7294,0
0.36666667,11,18,7295,0
0.4,12,18,7296,0
0.43333334,13,18,7297,0
0.46666667,14,18,7298,0
0.5,15,18,7299,0
0.53333336,16,18,7300,0
0.56666666,17,18,7301,0
0.6,18,18,7302,0
0.6333333,19,18,7303,0
0.6666667,20,18,7304,0
0.7,21,18,7305,0
0.73333335,22,18,7306,0
0.76666665,23,18,7307,0
0.8,24,18,7308,0
0.8333333,25,18,7309,0
0.8666667,26,18,7310,0
0.9,27,18,7311,0
0.93333334,28,18,7312,0
0.96666664,29,18,7313,0
1.0,30,18,7314,0
1.0333333,31,18,7315,0
1.0666667,32,18,7316,0
1.1,33,18,7317,0
1.1333333,34,18,7318,0
1.1666666,35,18,7319,0
1.2,36,18,7320,0
1.2333333,37,18,7321,0
1.2666667,38,18,7322,0
1.3,39,18,7323,0
1.3333334,40,18,7324,0
1.3666667,41,18,7325,0
1.4,42,18,7326,0
1.4333333,43,18,7327,0
1.4666667,44,18,7328,0
1.5,45,18,7329,0
1.5333333,46,18,7330,0
1.5666667,47,18,7331,0
1.6,48,18,7332,0
1.6333333,49,18,7333,0
1.6666666,50,18,7334,0
1.7,51,18,7335,0
1.7333333,52,18,7336,0
1.7666667,53,18,7337,0
1.8,54,18,7338,0
1.8333334,55,18,7339,0
1.8666667,56,18,7340,0
1.9,57,18,7341,0
1.9333333,58,18,7342,0
1.9666667,59,18,7343,0
2.0,60,18,7344,0
2.0333333,61,18,7345,0
2.0666666,62,18,7346,0
2.1,63,18,7347,0
2.1333334,64,18,7348,0
2.1666667,65,18,7349,0
2.2,66,18,7350,0
2.2333333,67,18,7351,0
2.2666667,68,18,7352,0
2.3,69,18,7353,0
2.3333333,70,18,7354,0
2.3666666,71,18,7355,0
2.4,72,18,7356,0
2.4333334,73,18,7357,0
2.4666667,74,18,7358,0
2.5,75,18,7359,0
2.5333333,76,18,7360,0
2.5666666,77,18,7361,0
2.6,78,18,7362,0
2.6333334,79,18,7363,0
2.6666667,80,18,7364,0
2.7,81,18,7365,0
2.7333333,82,18,7366,0
2.7666667,83,18,7367,0
2.8,84,18,7368,0
2.8333333,85,18,7369,0
2.8666666,86,18,7370,0
2.9,87,18,7371,0
2.9333334,88,18,7372,0
2.9666667,89,18,7373,0
3.0,90,18,7374,0
3.0333333,91,18,7375,0
3.0666666,92,18,7376,0
3.1,93,18,7377,0
3.1333334,94,18,7378,0
3.1666667,95,18,7379,0
3.2,96,18,7380,0
3.2333333,97,18,7381,0
3.2666667,98,18,7382,0
3.3,99,18,7383,0
3.3333333,100,18,7384,0
3.3666666,101,18,7385,0
3.4,102,18,7386,0
3.4333334,103,18,7387,0
3.4666667,104,18,7388,0
3.5,105,18,7389,0
3.5333333,106,18,7390,0
3.5666666,107,18,7391,0
3.6,108,18,7392,0
3.6333334,109,18,7393,0
3.6666667,110,18,7394,0
3.7,111,18,7395,0
3.7333333,112,18,7396,0
3.7666667,113,18,7397,0
3.8,114,18,7398,0
3.8333333,115,18,7399,0
3.8666666,116,18,7400,0
3.9,117,18,7401,0
3.9333334,118,18,7402,0
3.9666667,119,18,7403,0
4.0,120,18,7404,0
4.0333333,121,18,7405,0
4.0666666,122,18,7406,0
4.1,123,18,7407,0
4.133333,124,18,7408,0
4.1666665,125,18,7409,0
4.2,126,18,7410,0
4.233333,127,18,7411,0
4.266667,128,18,7412,0
4.3,129,18,7413,0
4.3333335,130,18,7414,0
4.366667,131,18,7415,0
4.4,132,18,7416,0
4.4333334,133,18,7417,0
4.4666667,134,18,7418,0
4.5,135,18,7419,0
4.5333333,136,18,7420,0
4.5666666,137,18,7421,0
4.6,138,18,7422,0
4.633333,139,18,7423,0
4.6666665,140,18,7424,0
4.7,141,18,7425,0
4.733333,142,18,7426,0
4.766667,143,18,7427,0
4.8,144,18,7428,0
4.8333335,145,18,7429,0
4.866667,146,18,7430,0
4.9,147,18,7431,0
4.9333334,148,18,7432,0
4.9666667,149,18,7433,0
5.0,150,18,7434,0
5.0333333,151,18,7435,0
5.0666666,152,18,7436,0
5.1,153,18,7437,0
5.133333,154,18,7438,0
5.1666665,155,18,7439,0
5.2,156,18,7440,0
5.233333,157,18,7441,0
5.266667,158,18,7442,0
5.3,159,18,7443,0
5.3333335,160,18,7444,0
5.366667,161,18,7445,0
5.4,162,18,7446,0
5.4333334,163,18,7447,0
5.4666667,164,18,7448,0
5.5,165,18,7449,0
5.5333333,166,18,7450,0
5.5666666,167,18,7451,0
5.6,168,18,7452,0
5.633333,169,18,7453,0
5.6666665,170,18,7454,0
5.7,171,18,7455,0
5.733333,172,18,7456,0
5.766667,173,18,7457,0
5.8,174,18,7458,0
5.8333335,175,18,7459,0
5.866667,176,18,7460,0
5.9,177,18,7461,0
5.9333334,178,18,7462,0
5.9666667,179,18,7463,0
6.0,180,18,7464,0
6.0333333,181,18,7465,0
6.0666666,182,18,7466,0
6.1,183,18,7467,0
6.133333,184,18,7468,0
6.1666665,185,18,7469,0
6.2,186,18,7470,0
6.233333,187,18,7471,0
6.266667,188,18,7472,0
6.3,189,18,7473,0
6.3333335,190,18,7474,0
6.366667,191,18,7475,0
6.4,192,18,7476,0
6.4333334,193,18,7477,0
6.4666667,194,18,7478,0
6.5,195,18,7479,0
6.5333333,196,18,7480,0
6.5666666,197,18,7481,0
6.6,198,18,7482,0
6.633333,199,18,7483,0
6.6666665,200,18,7484,0
6.7,201,18,7485,0
6.733333,202,18,7486,0
6.766667,203,18,7487,0
6.8,204,18,7488,0
6.8333335,205,18,7489,0
6.866667,206,18,7490,0
6.9,207,18,7491,0
6.9333334,208,18,7492,0
6.9666667,209,18,7493,0
7.0,210,18,7494,0
7.0333333,211,18,7495,0
7.0666666,212,18,7496,0
7.1,213,18,7497,0
7.133333,214,18,7498,0
7.1666665,215,18,7499,0
7.2,216,18,7500,0
7.233333,217,18,7501,0
7.266667,218,18,7502,0
7.3,219,18,7503,0
7.3333335,220,18,7504,0
7.366667,221,18,7505,0
7.4,222,18,7506,0
7.4333334,223,18,7507,0
7.4666667,224,18,7508,0
7.5,225,18,7509,0
7.5333333,226,18,7510,0
7.5666666,227,18,7511,0
7.6,228,18,7512,0
7.633333,229,18,7513,0
7.6666665,230,18,7514,0
7.7,231,18,7515,0
7.733333,232,18,7516,0
7.766667,233,18,7517,0
7.8,234,18,7518,0
7.8333335,235,18,7519,0
7.866667,236,18,7520,0
7.9,237,18,7521,0
7.9333334,238,18,7522,0
7.9666667,239,18,7523,0
8.0,240,18,7524,0
8.033334,241,18,7525,0
8.066667,242,18,7526,0
8.1,243,18,7527,0
8.133333,244,18,7528,0
8.166667,245,18,7529,0
8.2,246,18,7530,0
8.233334,247,18,7531,0
8.266666,248,18,7532,0
8.3,249,18,7533,0
8.333333,250,18,7534,0
8.366667,251,18,7535,0
8.4,252,18,7536,0
8.433333,253,18,7537,0
8.466666,254,18,7538,0
8.5,255,18,7539,0
8.533334,256,18,7540,0
8.566667,257,18,7541,0
8.6,258,18,7542,0
8.633333,259,18,7543,0
8.666667,260,18,7544,0
8.7,261,18,7545,0
8.733334,262,18,7546,0
8.766666,263,18,7547,0
8.8,264,18,7548,0
8.833333,265,18,7549,0
8.866667,266,18,7550,0
8.9,267,18,7551,0
8.933333,268,18,7552,0
8.966666,269,18,7553,0
9.0,270,18,7554,0
9.033334,271,18,7555,0
9.066667,272,18,7556,0
9.1,273,18,7557,0
9.133333,274,18,7558,0
9.166667,275,18,7559,0
9.2,276,18,7560,0
9.233334,277,18,7561,0
9.266666,278,18,7562,0
9.3,279,18,7563,0
9.333333,280,18,7564,0
9.366667,281,18,7565,0
9.4,282,18,7566,0
9.433333,283,18,7567,0
9.466666,284,18,7568,0
9.5,285,18,7569,0
9.533334,286,18,7570,0
9.566667,287,18,7571,0
9.6,288,18,7572,0
9.633333,289,18,7573,0
9.666667,290,18,7574,0
9.7,291,18,7575,0
9.733334,292,18,7576,0
9.766666,293,18,7577,0
9.8,294,18,7578,0
9.833333,295,18,7579,0
9.866667,296,18,7580,0
9.9,297,18,7581,0
9.933333,298,18,7582,0
9.966666,299,18,7583,0
10.0,300,18,7584,0
10.033334,301,18,7585,0
10.066667,302,18,7586,0
10.1,303,18,7587,0
10.133333,304,18,7588,0
10.166667,305,18,7589,0
10.2,306,18,7590,0
10.233334,307,18,7591,0
10.266666,308,18,7592,0
10.3,309,18,7593,0
10.333333,310,18,7594,0
10.366667,311,18,7595,0
10.4,312,18,7596,0
10.433333,313,18,7597,0
10.466666,314,18,7598,0
10.5,315,18,7599,0
10.533334,316,18,7600,0
10.566667,317,18,7601,0
10.6,318,18,7602,0
10.633333,319,18,7603,0
10.666667,320,18,7604,0
10.7,321,18,7605,0
10.733334,322,18,7606,0
10.766666,323,18,7607,0
10.8,324,18,7608,0
10.833333,325,18,7609,0
10.866667,326,18,7610,0
10.9,327,18,7611,0
10.933333,328,18,7612,0
10.966666,329,18,7613,0
11.0,330,18,7614,0
11.033334,331,18,7615,0
11.066667,332,18,7616,0
11.1,333,18,7617,0
11.133333,334,18,7618,0
11.166667,335,18,7619,0
11.2,336,18,7620,0
11.233334,337,18,7621,0
11.266666,338,18,7622,0
11.3,339,18,7623,0
11.333333,340,18,7624,0
11.366667,341,18,7625,0
11.4,342,18,7626,0
11.433333,343,18,7627,0
11.466666,344,18,7628,0
11.5,345,18,7629,0
11.533334,346,18,7630,0
11.566667,347,18,7631,0
11.6,348,18,7632,0
11.633333,349,18,7633,0
11.666667,350,18,7634,0
11.7,351,18,7635,0
11.733334,352,18,7636,0
11.766666,353,18,7637,0
11.8,354,18,7638,0
11.833333,355,18,7639,0
11.866667,356,18,7640,0
11.9,357,18,7641,0
11.933333,358,18,7642,0
11.966666,359,18,7643,0
12.0,360,18,7644,0
12.033334,361,18,7645,0
12.066667,362,18,7646,0
12.1,363,18,7647,0
12.133333,364,18,7648,0
12.166667,365,18,7649,0
12.2,366,18,7650,0
12.233334,367,18,7651,0
12.266666,368,18,7652,0
12.3,369,18,7653,0
12.333333,370,18,7654,0
12.366667,371,18,7655,0
12.4,372,18,7656,0
12.433333,373,18,7657,0
12.466666,374,18,7658,0
12.5,375,18,7659,0
12.533334,376,18,7660,0
12.566667,377,18,7661,0
12.6,378,18,7662,0
12.633333,379,18,7663,0
12.666667,380,18,7664,0
12.7,381,18,7665,0
12.733334,382,18,7666,0
12.766666,383,18,7667,0
12.8,384,18,7668,0
12.833333,385,18,7669,0
12.866667,386,18,7670,0
12.9,387,18,7671,0
12.933333,388,18,7672,0
12.966666,389,18,7673,0
13.0,390,18,7674,0
13.033334,391,18,7675,0
13.066667,392,18,7676,0
13.1,393,18,7677,0
13.133333,394,18,7678,0
13.166667,395,18,7679,0
13.2,396,18,7680,0
13.233334,397,18,7681,0
13.266666,398,18,7682,0
13.3,399,18,7683,0
13.333333,400,18,7684,0
13.366667,401,18,7685,0
13.4,402,18,7686,0
13.433333,403,18,7687,0
0.0,0,19,7688,0
0.033333335,1,19,7689,0
0.06666667,2,19,7690,0
0.1,3,19,7691,0
0.13333334,4,19,7692,0
0.16666667,5,19,7693,0
0.2,6,19,7694,0
0.23333333,7,19,7695,0
0.26666668,8,19,7696,0
0.3,9,19,7697,0
0.33333334,10,19,7698,0
0.36666667,11,19,7699,0
0.4,12,19,7700,0
0.43333334,13,19,7701,0
0.46666667,14,19,7702,0
0.5,15,19,7703,0
0.53333336,16,19,7704,0
0.56666666,17,19,7705,0
0.6,18,19,7706,0
0.6333333,19,19,7707,0
0.6666667,20,19,7708,0
0.7,21,19,7709,0
0.73333335,22,19,7710,0
0.76666665,23,19,7711,0
0.8,24,19,7712,0
0.8333333,25,19,7713,0
0.8666667,26,19,7714,0
0.9,27,19,7715,0
0.93333334,28,19,7716,0
0.96666664,29,19,7717,0
1.0,30,19,7718,0
1.0333333,31,19,7719,0
1.0666667,32,19,7720,0
1.1,33,19,7721,0
1.1333333,34,19,7722,0
1.1666666,35,19,7723,0
1.2,36,19,7724,0
1.2333333,37,19,7725,0
1.2666667,38,19,7726,0
1.3,39,19,7727,0
1.3333334,40,19,7728,0
1.3666667,41,19,7729,0
1.4,42,19,7730,0
1.4333333,43,19,7731,0
1.4666667,44,19,7732,0
1.5,45,19,7733,0
1.5333333,46,19,7734,0
1.5666667,47,19,7735,0
1.6,48,19,7736,0
1.6333333,49,19,7737,0
1.6666666,50,19,7738,0
1.7,51,19,7739,0
1.7333333,52,19,7740,0
1.7666667,53,19,7741,0
1.8,54,19,7742,0
1.8333334,55,19,7743,0
1.8666667,56,19,7744,0
1.9,57,19,7745,0
1.9333333,58,19,7746,0
1.9666667,59,19,7747,0
2.0,60,19,7748,0
2.0333333,61,19,7749,0
2.0666666,62,19,7750,0
2.1,63,19,7751,0
2.1333334,64,19,7752,0
2.1666667,65,19,7753,0
2.2,66,19,7754,0
2.2333333,67,19,7755,0
2.2666667,68,19,7756,0
2.3,69,19,7757,0
2.3333333,70,19,7758,0
2.3666666,71,19,7759,0
2.4,72,19,7760,0
2.4333334,73,19,7761,0
2.4666667,74,19,7762,0
2.5,75,19,7763,0
2.5333333,76,19,7764,0
2.5666666,77,19,7765,0
2.6,78,19,7766,0
2.6333334,79,19,7767,0
2.6666667,80,19,7768,0
2.7,81,19,7769,0
2.7333333,82,19,7770,0
2.7666667,83,19,7771,0
2.8,84,19,7772,0
2.8333333,85,19,7773,0
2.8666666,86,19,7774,0
2.9,87,19,7775,0
2.9333334,88,19,7776,0
2.9666667,89,19,7777,0
3.0,90,19,7778,0
3.0333333,91,19,7779,0
3.0666666,92,19,7780,0
3.1,93,19,7781,0
3.1333334,94,19,7782,0
3.1666667,95,19,7783,0
3.2,96,19,7784,0
3.2333333,97,19,7785,0
3.2666667,98,19,7786,0
3.3,99,19,7787,0
3.3333333,100,19,7788,0
3.3666666,101,19,7789,0
3.4,102,19,7790,0
3.4333334,103,19,7791,0
3.4666667,104,19,7792,0
3.5,105,19,7793,0
3.5333333,106,19,7794,0
3.5666666,107,19,7795,0
3.6,108,19,7796,0
3.6333334,109,19,7797,0
3.6666667,110,19,7798,0
3.7,111,19,7799,0
3.7333333,112,19,7800,0
3.7666667,113,19,7801,0
3.8,114,19,7802,0
3.8333333,115,19,7803,0
3.8666666,116,19,7804,0
3.9,117,19,7805,0
3.9333334,118,19,7806,0
3.9666667,119,19,7807,0
4.0,120,19,7808,0
4.0333333,121,19,7809,0
4.0666666,122,19,7810,0
4.1,123,19,7811,0
4.133333,124,19,7812,0
4.1666665,125,19,7813,0
4.2,126,19,7814,0
4.233333,127,19,7815,0
4.266667,128,19,7816,0
4.3,129,19,7817,0
4.3333335,130,19,7818,0
4.366667,131,19,7819,0
4.4,132,19,7820,0
4.4333334,133,19,7821,0
4.4666667,134,19,7822,0
4.5,135,19,7823,0
4.5333333,136,19,7824,0
4.5666666,137,19,7825,0
4.6,138,19,7826,0
4.633333,139,19,7827,0
4.6666665,140,19,7828,0
4.7,141,19,7829,0
4.733333,142,19,7830,0
4.766667,143,19,7831,0
4.8,144,19,7832,0
4.8333335,145,19,7833,0
4.866667,146,19,7834,0
4.9,147,19,7835,0
4.9333334,148,19,7836,0
4.9666667,149,19,7837,0
5.0,150,19,7838,0
5.0333333,151,19,7839,0
5.0666666,152,19,7840,0
5.1,153,19,7841,0
5.133333,154,19,7842,0
5.1666665,155,19,7843,0
5.2,156,19,7844,0
5.233333,157,19,7845,0
5.266667,158,19,7846,0
5.3,159,19,7847,0
5.3333335,160,19,7848,0
5.366667,161,19,7849,0
5.4,162,19,7850,0
5.4333334,163,19,7851,0
5.4666667,164,19,7852,0
5.5,165,19,7853,0
5.5333333,166,19,7854,0
5.5666666,167,19,7855,0
5.6,168,19,7856,0
5.633333,169,19,7857,0
5.6666665,170,19,7858,0
5.7,171,19,7859,0
5.733333,172,19,7860,0
5.766667,173,19,7861,0
5.8,174,19,7862,0
5.8333335,175,19,7863,0
5.866667,176,19,7864,0
5.9,177,19,7865,0
5.9333334,178,19,7866,0
5.9666667,179,19,7867,0
6.0,180,19,7868,0
6.0333333,181,19,7869,0
6.0666666,182,19,7870,0
6.1,183,19,7871,0
6.133333,184,19,7872,0
6.1666665,185,19,7873,0
6.2,186,19,7874,0
6.233333,187,19,7875,0
6.266667,188,19,7876,0
6.3,189,19,7877,0
6.3333335,190,19,7878,0
6.366667,191,19,7879,0
6.4,192,19,7880,0
6.4333334,193,19,7881,0
6.4666667,194,19,7882,0
6.5,195,19,7883,0
6.5333333,196,19,7884,0
6.5666666,197,19,7885,0
6.6,198,19,7886,0
6.633333,199,19,7887,0
6.6666665,200,19,7888,0
6.7,201,19,7889,0
6.733333,202,19,7890,0
6.766667,203,19,7891,0
6.8,204,19,7892,0
6.8333335,205,19,7893,0
6.866667,206,19,7894,0
6.9,207,19,7895,0
6.9333334,208,19,7896,0
6.9666667,209,19,7897,0
7.0,210,19,7898,0
7.0333333,211,19,7899,0
7.0666666,212,19,7900,0
7.1,213,19,7901,0
7.133333,214,19,7902,0
7.1666665,215,19,7903,0
7.2,216,19,7904,0
7.233333,217,19,7905,0
7.266667,218,19,7906,0
7.3,219,19,7907,0
7.3333335,220,19,7908,0
7.366667,221,19,7909,0
7.4,222,19,7910,0
7.4333334,223,19,7911,0
7.4666667,224,19,7912,0
7.5,225,19,7913,0
7.5333333,226,19,7914,0
7.5666666,227,19,7915,0
7.6,228,19,7916,0
7.633333,229,19,7917,0
7.6666665,230,19,7918,0
7.7,231,19,7919,0
7.733333,232,19,7920,0
7.766667,233,19,7921,0
7.8,234,19,7922,0
7.8333335,235,19,7923,0
7.866667,236,19,7924,0
7.9,237,19,7925,0
7.9333334,238,19,7926,0
7.9666667,239,19,7927,0
8.0,240,19,7928,0
8.033334,241,19,7929,0
8.066667,242,19,7930,0
8.1,243,19,7931,0
8.133333,244,19,7932,0
8.166667,245,19,7933,0
8.2,246,19,7934,0
8.233334,247,19,7935,0
8.266666,248,19,7936,0
8.3,249,19,7937,0
8.333333,250,19,7938,0
8.366667,251,19,7939,0
8.4,252,19,7940,0
8.433333,253,19,7941,0
8.466666,254,19,7942,0
8.5,255,19,7943,0
8.533334,256,19,7944,0
8.566667,257,19,7945,0
8.6,258,19,7946,0
8.633333,259,19,7947,0
8.666667,260,19,7948,0
8.7,261,19,7949,0
8.733334,262,19,7950,0
8.766666,263,19,7951,0
8.8,264,19,7952,0
8.833333,265,19,7953,0
8.866667,266,19,7954,0
8.9,267,19,7955,0
8.933333,268,19,7956,0
8.966666,269,19,7957,0
9.0,270,19,7958,0
9.033334,271,19,7959,0
9.066667,272,19,7960,0
9.1,273,19,7961,0
9.133333,274,19,7962,0
9.166667,275,19,7963,0
9.2,276,19,7964,0
9.233334,277,19,7965,0
9.266666,278,19,7966,0
9.3,279,19,7967,0
9.333333,280,19,7968,0
9.366667,281,19,7969,0
9.4,282,19,7970,0
9.433333,283,19,7971,0
9.466666,284,19,7972,0
9.5,285,19,7973,0
9.533334,286,19,7974,0
9.566667,287,19,7975,0
9.6,288,19,7976,0
9.633333,289,19,7977,0
9.666667,290,19,7978,0
9.7,291,19,7979,0
9.733334,292,19,7980,0
9.766666,293,19,7981,0
9.8,294,19,7982,0
9.833333,295,19,7983,0
9.866667,296,19,7984,0
9.9,297,19,7985,0
9.933333,298,19,7986,0
9.966666,299,19,7987,0
10.0,300,19,7988,0
10.033334,301,19,7989,0
10.066667,302,19,7990,0
10.1,303,19,7991,0
10.133333,304,19,7992,0
10.166667,305,19,7993,0
10.2,306,19,7994,0
10.233334,307,19,7995,0
10.266666,308,19,7996,0
10.3,309,19,7997,0
10.333333,310,19,7998,0
10.366667,311,19,7999,0
10.4,312,19,8000,0
10.433333,313,19,8001,0
10.466666,314,19,8002,0
10.5,315,19,8003,0
10.533334,316,19,8004,0
10.566667,317,19,8005,0
10.6,318,19,8006,0
10.633333,319,19,8007,0
10.666667,320,19,8008,0
10.7,321,19,8009,0
10.733334,322,19,8010,0
10.766666,323,19,8011,0
10.8,324,19,8012,0
10.833333,325,19,8013,0
10.866667,326,19,8014,0
10.9,327,19,8015,0
10.933333,328,19,8016,0
10.966666,329,19,8017,0
11.0,330,19,8018,0
11.033334,331,19,8019,0
11.066667,332,19,8020,0
11.1,333,19,8021,0
11.133333,334,19,8022,0
11.166667,335,19,8023,0
11.2,336,19,8024,0
11.233334,337,19,8025,0
11.266666,338,19,8026,0
11.3,339,19,8027,0
11.333333,340,19,8028,0
11.366667,341,19,8029,0
11.4,342,19,8030,0
11.433333,343,19,8031,0
11.466666,344,19,8032,0
11.5,345,19,8033,0
11.533334,346,19,8034,0
11.566667,347,19,8035,0
11.6,348,19,8036,0
11.633333,349,19,8037,0
11.666667,350,19,8038,0
11.7,351,19,8039,0
11.733334,352,19,8040,0
11.766666,353,19,8041,0
11.8,354,19,8042,0
11.833333,355,19,8043,0
11.866667,356,19,8044,0
11.9,357,19,8045,0
11.933333,358,19,8046,0
11.966666,359,19,8047,0
12.0,360,19,8048,0
12.033334,361,19,8049,0
12.066667,362,19,8050,0
12.1,363,19,8051,0
12.133333,364,19,8052,0
12.166667,365,19,8053,0
12.2,366,19,8054,0
12.233334,367,19,8055,0
12.266666,368,19,8056,0
12.3,369,19,8057,0
12.333333,370,19,8058,0
12.366667,371,19,8059,0
12.4,372,19,8060,0
12.433333,373,19,8061,0
12.466666,374,19,8062,0
12.5,375,19,8063,0
12.533334,376,19,8064,0
12.566667,377,19,8065,0
12.6,378,19,8066,0
12.633333,379,19,8067,0
12.666667,380,19,8068,0
12.7,381,19,8069,0
12.733334,382,19,8070,0
12.766666,383,19,8071,0
12.8,384,19,8072,0
12.833333,385,19,8073,0
12.866667,386,19,8074,0
12.9,387,19,8075,0
12.933333,388,19,8076,0
12.966666,389,19,8077,0
13.0,390,19,8078,0
13.033334,391,19,8079,0
13.066667,392,19,8080,0
13.1,393,19,8081,0
13.133333,394,19,8082,0
13.166667,395,19,8083,0
13.2,396,19,8084,0
13.233334,397,19,8085,0
13.266666,398,19,8086,0
13.3,399,19,8087,0
13.333333,400,19,8088,0
13.366667,401,19,8089,0
13.4,402,19,8090,0
13.433333,403,19,8091,0
0.0,0,20,8092,0
0.033333335,1,20,8093,0
0.06666667,2,20,8094,0
0.1,3,20,8095,0
0.13333334,4,20,8096,0
0.16666667,5,20,8097,0
0.2,6,20,8098,0
0.23333333,7,20,8099,0
0.26666668,8,20,8100,0
0.3,9,20,8101,0
0.33333334,10,20,8102,0
0.36666667,11,20,8103,0
0.4,12,20,8104,0
0.43333334,13,20,8105,0
0.46666667,14,20,8106,0
0.5,15,20,8107,0
0.53333336,16,20,8108,0
0.56666666,17,20,8109,0
0.6,18,20,8110,0
0.6333333,19,20,8111,0
0.6666667,20,20,8112,0
0.7,21,20,8113,0
0.73333335,22,20,8114,0
0.76666665,23,20,8115,0
0.8,24,20,8116,0
0.8333333,25,20,8117,0
0.8666667,26,20,8118,0
0.9,27,20,8119,0
0.93333334,28,20,8120,0
0.96666664,29,20,8121,0
1.0,30,20,8122,0
1.0333333,31,20,8123,0
1.0666667,32,20,8124,0
1.1,33,20,8125,0
1.1333333,34,20,8126,0
1.1666666,35,20,8127,0
1.2,36,20,8128,0
1.2333333,37,20,8129,0
1.2666667,38,20,8130,0
1.3,39,20,8131,0
1.3333334,40,20,8132,0
1.3666667,41,20,8133,0
1.4,42,20,8134,0
1.4333333,43,20,8135,0
1.4666667,44,20,8136,0
1.5,45,20,8137,0
1.5333333,46,20,8138,0
1.5666667,47,20,8139,0
1.6,48,20,8140,0
1.6333333,49,20,8141,0
1.6666666,50,20,8142,0
1.7,51,20,8143,0
1.7333333,52,20,8144,0
1.7666667,53,20,8145,0
1.8,54,20,8146,0
1.8333334,55,20,8147,0
1.8666667,56,20,8148,0
1.9,57,20,8149,0
1.9333333,58,20,8150,0
1.9666667,59,20,8151,0
2.0,60,20,8152,0
2.0333333,61,20,8153,0
2.0666666,62,20,8154,0
2.1,63,20,8155,0
2.1333334,64,20,8156,0
2.1666667,65,20,8157,0
2.2,66,20,8158,0
2.2333333,67,20,8159,0
2.2666667,68,20,8160,0
2.3,69,20,8161,0
2.3333333,70,20,8162,0
2.3666666,71,20,8163,0
2.4,72,20,8164,0
2.4333334,73,20,8165,0
2.4666667,74,20,8166,0
2.5,75,20,8167,0
2.5333333,76,20,8168,0
2.5666666,77,20,8169,0
2.6,78,20,8170,0
2.6333334,79,20,8171,0
2.6666667,80,20,8172,0
2.7,81,20,8173,0
2.7333333,82,20,8174,0
2.7666667,83,20,8175,0
2.8,84,20,8176,0
2.8333333,85,20,8177,0
2.8666666,86,20,8178,0
2.9,87,20,8179,0
2.9333334,88,20,8180,0
2.9666667,89,20,8181,0
3.0,90,20,8182,0
3.0333333,91,20,8183,0
3.0666666,92,20,8184,0
3.1,93,20,8185,0
3.1333334,94,20,8186,0
3.1666667,95,20,8187,0
3.2,96,20,8188,0
3.2333333,97,20,8189,0
3.2666667,98,20,8190,0
3.3,99,20,8191,0
3.3333333,100,20,8192,0
3.3666666,101,20,8193,0
3.4,102,20,8194,0
3.4333334,103,20,8195,0
3.4666667,104,20,8196,0
3.5,105,20,8197,0
3.5333333,106,20,8198,0
3.5666666,107,20,8199,0
3.6,108,20,8200,0
3.6333334,109,20,8201,0
3.6666667,110,20,8202,0
3.7,111,20,8203,0
3.7333333,112,20,8204,0
3.7666667,113,20,8205,0
3.8,114,20,8206,0
3.8333333,115,20,8207,0
3.8666666,116,20,8208,0
3.9,117,20,8209,0
3.9333334,118,20,8210,0
3.9666667,119,20,8211,0
4.0,120,20,8212,0
4.0333333,121,20,8213,0
4.0666666,122,20,8214,0
4.1,123,20,8215,0
4.133333,124,20,8216,0
4.1666665,125,20,8217,0
4.2,126,20,8218,0
4.233333,127,20,8219,0
4.266667,128,20,8220,0
4.3,129,20,8221,0
4.3333335,130,20,8222,0
4.366667,131,20,8223,0
4.4,132,20,8224,0
4.4333334,133,20,8225,0
4.4666667,134,20,8226,0
4.5,135,20,8227,0
4.5333333,136,20,8228,0
4.5666666,137,20,8229,0
4.6,138,20,8230,0
4.633333,139,20,8231,0
4.6666665,140,20,8232,0
4.7,141,20,8233,0
4.733333,142,20,8234,0
4.766667,143,20,8235,0
4.8,144,20,8236,0
4.8333335,145,20,8237,0
4.866667,146,20,8238,0
4.9,147,20,8239,0
4.9333334,148,20,8240,0
4.9666667,149,20,8241,0
5.0,150,20,8242,0
5.0333333,151,20,8243,0
5.0666666,152,20,8244,0
5.1,153,20,8245,0
5.133333,154,20,8246,0
5.1666665,155,20,8247,0
5.2,156,20,8248,0
5.233333,157,20,8249,0
5.266667,158,20,8250,0
5.3,159,20,8251,0
5.3333335,160,20,8252,0
5.366667,161,20,8253,0
5.4,162,20,8254,0
5.4333334,163,20,8255,0
5.4666667,164,20,8256,0
5.5,165,20,8257,0
5.5333333,166,20,8258,0
5.5666666,167,20,8259,0
5.6,168,20,8260,0
5.633333,169,20,8261,0
5.6666665,170,20,8262,0
5.7,171,20,8263,0
5.733333,172,20,8264,0
5.766667,173,20,8265,0
5.8,174,20,8266,0
5.8333335,175,20,8267,0
5.866667,176,20,8268,0
5.9,177,20,8269,0
5.9333334,178,20,8270,0
5.9666667,179,20,8271,0
6.0,180,20,8272,0
6.0333333,181,20,8273,0
6.0666666,182,20,8274,0
6.1,183,20,8275,0
6.133333,184,20,8276,0
6.1666665,185,20,8277,0
6.2,186,20,8278,0
6.233333,187,20,8279,0
6.266667,188,20,8280,0
6.3,189,20,8281,0
6.3333335,190,20,8282,0
6.366667,191,20,8283,0
6.4,192,20,8284,0
6.4333334,193,20,8285,0
6.4666667,194,20,8286,0
6.5,195,20,8287,0
6.5333333,196,20,8288,0
6.5666666,197,20,8289,0
6.6,198,20,8290,0
6.633333,199,20,8291,0
6.6666665,200,20,8292,0
6.7,201,20,8293,0
6.733333,202,20,8294,0
6.766667,203,20,8295,0
6.8,204,20,8296,0
6.8333335,205,20,8297,0
6.866667,206,20,8298,0
6.9,207,20,8299,0
6.9333334,208,20,8300,0
6.9666667,209,20,8301,0
7.0,210,20,8302,0
7.0333333,211,20,8303,0
7.0666666,212,20,8304,0
7.1,213,20,8305,0
7.133333,214,20,8306,0
7.1666665,215,20,8307,0
7.2,216,20,8308,0
7.233333,217,20,8309,0
7.266667,218,20,8310,0
7.3,219,20,8311,0
7.3333335,220,20,8312,0
7.366667,221,20,8313,0
7.4,222,20,8314,0
7.4333334,223,20,8315,0
7.4666667,224,20,8316,0
7.5,225,20,8317,0
7.5333333,226,20,8318,0
7.5666666,227,20,8319,0
7.6,228,20,8320,0
7.633333,229,20,8321,0
7.6666665,230,20,8322,0
7.7,231,20,8323,0
7.733333,232,20,8324,0
7.766667,233,20,8325,0
7.8,234,20,8326,0
7.8333335,235,20,8327,0
7.866667,236,20,8328,0
7.9,237,20,8329,0
7.9333334,238,20,8330,0
7.9666667,239,20,8331,0
8.0,240,20,8332,0
8.033334,241,20,8333,0
8.066667,242,20,8334,0
8.1,243,20,8335,0
8.133333,244,20,8336,0
8.166667,245,20,8337,0
8.2,246,20,8338,0
8.233334,247,20,8339,0
8.266666,248,20,8340,0
8.3,249,20,8341,0
8.333333,250,20,8342,0
8.366667,251,20,8343,0
8.4,252,20,8344,0
8.433333,253,20,8345,0
8.466666,254,20,8346,0
8.5,255,20,8347,0
8.533334,256,20,8348,0
8.566667,257,20,8349,0
8.6,258,20,8350,0
8.633333,259,20,8351,0
8.666667,260,20,8352,0
8.7,261,20,8353,0
8.733334,262,20,8354,0
8.766666,263,20,8355,0
8.8,264,20,8356,0
8.833333,265,20,8357,0
8.866667,266,20,8358,0
8.9,267,20,8359,0
8.933333,268,20,8360,0
8.966666,269,20,8361,0
9.0,270,20,8362,0
9.033334,271,20,8363,0
9.066667,272,20,8364,0
9.1,273,20,8365,0
9.133333,274,20,8366,0
9.166667,275,20,8367,0
9.2,276,20,8368,0
9.233334,277,20,8369,0
9.266666,278,20,8370,0
9.3,279,20,8371,0
9.333333,280,20,8372,0
9.366667,281,20,8373,0
9.4,282,20,8374,0
9.433333,283,20,8375,0
9.466666,284,20,8376,0
9.5,285,20,8377,0
9.533334,286,20,8378,0
9.566667,287,20,8379,0
9.6,288,20,8380,0
9.633333,289,20,8381,0
9.666667,290,20,8382,0
9.7,291,20,8383,0
9.733334,292,20,8384,0
9.766666,293,20,8385,0
9.8,294,20,8386,0
9.833333,295,20,8387,0
9.866667,296,20,8388,0
9.9,297,20,8389,0
9.933333,298,20,8390,0
9.966666,299,20,8391,0
10.0,300,20,8392,0
10.033334,301,20,8393,0
10.066667,302,20,8394,0
10.1,303,20,8395,0
10.133333,304,20,8396,0
10.166667,305,20,8397,0
10.2,306,20,8398,0
10.233334,307,20,8399,0
10.266666,308,20,8400,0
10.3,309,20,8401,0
10.333333,310,20,8402,0
10.366667,311,20,8403,0
10.4,312,20,8404,0
10.433333,313,20,8405,0
10.466666,314,20,8406,0
10.5,315,20,8407,0
10.533334,316,20,8408,0
10.566667,317,20,8409,0
10.6,318,20,8410,0
10.633333,319,20,8411,0
10.666667,320,20,8412,0
10.7,321,20,8413,0
10.733334,322,20,8414,0
10.766666,323,20,8415,0
10.8,324,20,8416,0
10.833333,325,20,8417,0
10.866667,326,20,8418,0
10.9,327,20,8419,0
10.933333,328,20,8420,0
10.966666,329,20,8421,0
11.0,330,20,8422,0
11.033334,331,20,8423,0
11.066667,332,20,8424,0
11.1,333,20,8425,0
11.133333,334,20,8426,0
11.166667,335,20,8427,0
11.2,336,20,8428,0
11.233334,337,20,8429,0
11.266666,338,20,8430,0
11.3,339,20,8431,0
11.333333,340,20,8432,0
11.366667,341,20,8433,0
11.4,342,20,8434,0
11.433333,343,20,8435,0
11.466666,344,20,8436,0
11.5,345,20,8437,0
11.533334,346,20,8438,0
11.566667,347,20,8439,0
11.6,348,20,8440,0
11.633333,349,20,8441,0
11.666667,350,20,8442,0
11.7,351,20,8443,0
11.733334,352,20,8444,0
11.766666,353,20,8445,0
11.8,354,20,8446,0
11.833333,355,20,8447,0
11.866667,356,20,8448,0
11.9,357,20,8449,0
11.933333,358,20,8450,0
11.966666,359,20,8451,0
12.0,360,20,8452,0
12.033334,361,20,8453,0
12.066667,362,20,8454,0
12.1,363,20,8455,0
12.133333,364,20,8456,0
12.166667,365,20,8457,0
12.2,366,20,8458,0
12.233334,367,20,8459,0
12.266666,368,20,8460,0
12.3,369,20,8461,0
12.333333,370,20,8462,0
12.366667,371,20,8463,0
12.4,372,20,8464,0
12.433333,373,20,8465,0
12.466666,374,20,8466,0
12.5,375,20,8467,0
12.533334,376,20,8468,0
12.566667,377,20,8469,0
12.6,378,20,8470,0
12.633333,379,20,8471,0
12.666667,380,20,8472,0
0.0,0,21,8473,0
0.033333335,1,21,8474,0
0.06666667,2,21,8475,0
0.1,3,21,8476,0
0.13333334,4,21,8477,0
0.16666667,5,21,8478,0
0.2,6,21,8479,0
0.23333333,7,21,8480,0
0.26666668,8,21,8481,0
0.3,9,21,8482,0
0.33333334,10,21,8483,0
0.36666667,11,21,8484,0
0.4,12,21,8485,0
0.43333334,13,21,8486,0
0.46666667,14,21,8487,0
0.5,15,21,8488,0
0.53333336,16,21,8489,0
0.56666666,17,21,8490,0
0.6,18,21,8491,0
0.6333333,19,21,8492,0
0.6666667,20,21,8493,0
0.7,21,21,8494,0
0.73333335,22,21,8495,0
0.76666665,23,21,8496,0
0.8,24,21,8497,0
0.8333333,25,21,8498,0
0.8666667,26,21,8499,0
0.9,27,21,8500,0
0.93333334,28,21,8501,0
0.96666664,29,21,8502,0
1.0,30,21,8503,0
1.0333333,31,21,8504,0
1.0666667,32,21,8505,0
1.1,33,21,8506,0
1.1333333,34,21,8507,0
1.1666666,35,21,8508,0
1.2,36,21,8509,0
1.2333333,37,21,8510,0
1.2666667,38,21,8511,0
1.3,39,21,8512,0
1.3333334,40,21,8513,0
1.3666667,41,21,8514,0
1.4,42,21,8515,0
1.4333333,43,21,8516,0
1.4666667,44,21,8517,0
1.5,45,21,8518,0
1.5333333,46,21,8519,0
1.5666667,47,21,8520,0
1.6,48,21,8521,0
1.6333333,49,21,8522,0
1.6666666,50,21,8523,0
1.7,51,21,8524,0
1.7333333,52,21,8525,0
1.7666667,53,21,8526,0
1.8,54,21,8527,0
1.8333334,55,21,8528,0
1.8666667,56,21,8529,0
1.9,57,21,8530,0
1.9333333,58,21,8531,0
1.9666667,59,21,8532,0
2.0,60,21,8533,0
2.0333333,61,21,8534,0
2.0666666,62,21,8535,0
2.1,63,21,8536,0
2.1333334,64,21,8537,0
2.1666667,65,21,8538,0
2.2,66,21,8539,0
2.2333333,67,21,8540,0
2.2666667,68,21,8541,0
2.3,69,21,8542,0
2.3333333,70,21,8543,0
2.3666666,71,21,8544,0
2.4,72,21,8545,0
2.4333334,73,21,8546,0
2.4666667,74,21,8547,0
2.5,75,21,8548,0
2.5333333,76,21,8549,0
2.5666666,77,21,8550,0
2.6,78,21,8551,0
2.6333334,79,21,8552,0
2.6666667,80,21,8553,0
2.7,81,21,8554,0
2.7333333,82,21,8555,0
2.7666667,83,21,8556,0
2.8,84,21,8557,0
2.8333333,85,21,8558,0
2.8666666,86,21,8559,0
2.9,87,21,8560,0
2.9333334,88,21,8561,0
2.9666667,89,21,8562,0
3.0,90,21,8563,0
3.0333333,91,21,8564,0
3.0666666,92,21,8565,0
3.1,93,21,8566,0
3.1333334,94,21,8567,0
3.1666667,95,21,8568,0
3.2,96,21,8569,0
3.2333333,97,21,8570,0
3.2666667,98,21,8571,0
3.3,99,21,8572,0
3.3333333,100,21,8573,0
3.3666666,101,21,8574,0
3.4,102,21,8575,0
3.4333334,103,21,8576,0
3.4666667,104,21,8577,0
3.5,105,21,8578,0
3.5333333,106,21,8579,0
3.5666666,107,21,8580,0
3.6,108,21,8581,0
3.6333334,109,21,8582,0
3.6666667,110,21,8583,0
3.7,111,21,8584,0
3.7333333,112,21,8585,0
3.7666667,113,21,8586,0
3.8,114,21,8587,0
3.8333333,115,21,8588,0
3.8666666,116,21,8589,0
3.9,117,21,8590,0
3.9333334,118,21,8591,0
3.9666667,119,21,8592,0
4.0,120,21,8593,0
4.0333333,121,21,8594,0
4.0666666,122,21,8595,0
4.1,123,21,8596,0
4.133333,124,21,8597,0
4.1666665,125,21,8598,0
4.2,126,21,8599,0
4.233333,127,21,8600,0
4.266667,128,21,8601,0
4.3,129,21,8602,0
4.3333335,130,21,8603,0
4.366667,131,21,8604,0
4.4,132,21,8605,0
4.4333334,133,21,8606,0
4.4666667,134,21,8607,0
4.5,135,21,8608,0
4.5333333,136,21,8609,0
4.5666666,137,21,8610,0
4.6,138,21,8611,0
4.633333,139,21,8612,0
4.6666665,140,21,8613,0
4.7,141,21,8614,0
4.733333,142,21,8615,0
4.766667,143,21,8616,0
4.8,144,21,8617,0
4.8333335,145,21,8618,0
4.866667,146,21,8619,0
4.9,147,21,8620,0
4.9333334,148,21,8621,0
4.9666667,149,21,8622,0
5.0,150,21,8623,0
5.0333333,151,21,8624,0
5.0666666,152,21,8625,0
5.1,153,21,8626,0
5.133333,154,21,8627,0
5.1666665,155,21,8628,0
5.2,156,21,8629,0
5.233333,157,21,8630,0
5.266667,158,21,8631,0
5.3,159,21,8632,0
5.3333335,160,21,8633,0
5.366667,161,21,8634,0
5.4,162,21,8635,0
5.4333334,163,21,8636,0
5.4666667,164,21,8637,0
5.5,165,21,8638,0
5.5333333,166,21,8639,0
5.5666666,167,21,8640,0
5.6,168,21,8641,0
5.633333,169,21,8642,0
5.6666665,170,21,8643,0
5.7,171,21,8644,0
5.733333,172,21,8645,0
5.766667,173,21,8646,0
5.8,174,21,8647,0
5.8333335,175,21,8648,0
5.866667,176,21,8649,0
5.9,177,21,8650,0
5.9333334,178,21,8651,0
5.9666667,179,21,8652,0
6.0,180,21,8653,0
6.0333333,181,21,8654,0
6.0666666,182,21,8655,0
6.1,183,21,8656,0
6.133333,184,21,8657,0
6.1666665,185,21,8658,0
6.2,186,21,8659,0
6.233333,187,21,8660,0
6.266667,188,21,8661,0
6.3,189,21,8662,0
6.3333335,190,21,8663,0
6.366667,191,21,8664,0
6.4,192,21,8665,0
6.4333334,193,21,8666,0
6.4666667,194,21,8667,0
6.5,195,21,8668,0
6.5333333,196,21,8669,0
6.5666666,197,21,8670,0
6.6,198,21,8671,0
6.633333,199,21,8672,0
6.6666665,200,21,8673,0
6.7,201,21,8674,0
6.733333,202,21,8675,0
6.766667,203,21,8676,0
6.8,204,21,8677,0
6.8333335,205,21,8678,0
6.866667,206,21,8679,0
6.9,207,21,8680,0
6.9333334,208,21,8681,0
6.9666667,209,21,8682,0
7.0,210,21,8683,0
7.0333333,211,21,8684,0
7.0666666,212,21,8685,0
7.1,213,21,8686,0
7.133333,214,21,8687,0
7.1666665,215,21,8688,0
7.2,216,21,8689,0
7.233333,217,21,8690,0
7.266667,218,21,8691,0
7.3,219,21,8692,0
7.3333335,220,21,8693,0
7.366667,221,21,8694,0
7.4,222,21,8695,0
7.4333334,223,21,8696,0
7.4666667,224,21,8697,0
7.5,225,21,8698,0
7.5333333,226,21,8699,0
7.5666666,227,21,8700,0
7.6,228,21,8701,0
7.633333,229,21,8702,0
7.6666665,230,21,8703,0
7.7,231,21,8704,0
7.733333,232,21,8705,0
7.766667,233,21,8706,0
7.8,234,21,8707,0
7.8333335,235,21,8708,0
7.866667,236,21,8709,0
7.9,237,21,8710,0
7.9333334,238,21,8711,0
7.9666667,239,21,8712,0
8.0,240,21,8713,0
8.033334,241,21,8714,0
8.066667,242,21,8715,0
8.1,243,21,8716,0
8.133333,244,21,8717,0
8.166667,245,21,8718,0
8.2,246,21,8719,0
8.233334,247,21,8720,0
8.266666,248,21,8721,0
8.3,249,21,8722,0
8.333333,250,21,8723,0
8.366667,251,21,8724,0
8.4,252,21,8725,0
8.433333,253,21,8726,0
8.466666,254,21,8727,0
8.5,255,21,8728,0
8.533334,256,21,8729,0
8.566667,257,21,8730,0
8.6,258,21,8731,0
8.633333,259,21,8732,0
8.666667,260,21,8733,0
8.7,261,21,8734,0
8.733334,262,21,8735,0
8.766666,263,21,8736,0
8.8,264,21,8737,0
8.833333,265,21,8738,0
8.866667,266,21,8739,0
8.9,267,21,8740,0
8.933333,268,21,8741,0
8.966666,269,21,8742,0
9.0,270,21,8743,0
9.033334,271,21,8744,0
9.066667,272,21,8745,0
9.1,273,21,8746,0
9.133333,274,21,8747,0
9.166667,275,21,8748,0
9.2,276,21,8749,0
9.233334,277,21,8750,0
9.266666,278,21,8751,0
9.3,279,21,8752,0
9.333333,280,21,8753,0
9.366667,281,21,8754,0
9.4,282,21,8755,0
9.433333,283,21,8756,0
9.466666,284,21,8757,0
9.5,285,21,8758,0
9.533334,286,21,8759,0
9.566667,287,21,8760,0
9.6,288,21,8761,0
9.633333,289,21,8762,0
9.666667,290,21,8763,0
9.7,291,21,8764,0
9.733334,292,21,8765,0
9.766666,293,21,8766,0
9.8,294,21,8767,0
9.833333,295,21,8768,0
9.866667,296,21,8769,0
9.9,297,21,8770,0
9.933333,298,21,8771,0
9.966666,299,21,8772,0
10.0,300,21,8773,0
10.033334,301,21,8774,0
10.066667,302,21,8775,0
10.1,303,21,8776,0
10.133333,304,21,8777,0
10.166667,305,21,8778,0
10.2,306,21,8779,0
10.233334,307,21,8780,0
10.266666,308,21,8781,0
10.3,309,21,8782,0
10.333333,310,21,8783,0
10.366667,311,21,8784,0
10.4,312,21,8785,0
10.433333,313,21,8786,0
10.466666,314,21,8787,0
10.5,315,21,8788,0
10.533334,316,21,8789,0
10.566667,317,21,8790,0
10.6,318,21,8791,0
10.633333,319,21,8792,0
10.666667,320,21,8793,0
10.7,321,21,8794,0
10.733334,322,21,8795,0
10.766666,323,21,8796,0
10.8,324,21,8797,0
10.833333,325,21,8798,0
10.866667,326,21,8799,0
10.9,327,21,8800,0
10.933333,328,21,8801,0
10.966666,329,21,8802,0
11.0,330,21,8803,0
11.033334,331,21,8804,0
11.066667,332,21,8805,0
11.1,333,21,8806,0
11.133333,334,21,8807,0
11.166667,335,21,8808,0
11.2,336,21,8809,0
11.233334,337,21,8810,0
11.266666,338,21,8811,0
11.3,339,21,8812,0
11.333333,340,21,8813,0
11.366667,341,21,8814,0
11.4,342,21,8815,0
11.433333,343,21,8816,0
11.466666,344,21,8817,0
11.5,345,21,8818,0
11.533334,346,21,8819,0
11.566667,347,21,8820,0
11.6,348,21,8821,0
11.633333,349,21,8822,0
11.666667,350,21,8823,0
11.7,351,21,8824,0
11.733334,352,21,8825,0
11.766666,353,21,8826,0
11.8,354,21,8827,0
11.833333,355,21,8828,0
11.866667,356,21,8829,0
11.9,357,21,8830,0
11.933333,358,21,8831,0
11.966666,359,21,8832,0
12.0,360,21,8833,0
12.033334,361,21,8834,0
12.066667,362,21,8835,0
12.1,363,21,8836,0
12.133333,364,21,8837,0
12.166667,365,21,8838,0
12.2,366,21,8839,0
12.233334,367,21,8840,0
12.266666,368,21,8841,0
12.3,369,21,8842,0
12.333333,370,21,8843,0
12.366667,371,21,8844,0
12.4,372,21,8845,0
12.433333,373,21,8846,0
12.466666,374,21,8847,0
12.5,375,21,8848,0
12.533334,376,21,8849,0
12.566667,377,21,8850,0
12.6,378,21,8851,0
12.633333,379,21,8852,0
12.666667,380,21,8853,0
12.7,381,21,8854,0
12.733334,382,21,8855,0
12.766666,383,21,8856,0
12.8,384,21,8857,0
12.833333,385,21,8858,0
12.866667,386,21,8859,0
12.9,387,21,8860,0
12.933333,388,21,8861,0
12.966666,389,21,8862,0
13.0,390,21,8863,0
13.033334,391,21,8864,0
13.066667,392,21,8865,0
13.1,393,21,8866,0
13.133333,394,21,8867,0
13.166667,395,21,8868,0
13.2,396,21,8869,0
13.233334,397,21,8870,0
13.266666,398,21,8871,0
13.3,399,21,8872,0
13.333333,400,21,8873,0
13.366667,401,21,8874,0
13.4,402,21,8875,0
13.433333,403,21,8876,0
13.466666,404,21,8877,0
13.5,405,21,8878,0
13.533334,406,21,8879,0
13.566667,407,21,8880,0
13.6,408,21,8881,0
13.633333,409,21,8882,0
13.666667,410,21,8883,0
13.7,411,21,8884,0
13.733334,412,21,8885,0
13.766666,413,21,8886,0
13.8,414,21,8887,0
13.833333,415,21,8888,0
13.866667,416,21,8889,0
13.9,417,21,8890,0
13.933333,418,21,8891,0
13.966666,419,21,8892,0
14.0,420,21,8893,0
14.033334,421,21,8894,0
14.066667,422,21,8895,0
14.1,423,21,8896,0
14.133333,424,21,8897,0
14.166667,425,21,8898,0
14.2,426,21,8899,0
14.233334,427,21,8900,0
14.266666,428,21,8901,0
0.0,0,22,8902,0
0.033333335,1,22,8903,0
0.06666667,2,22,8904,0
0.1,3,22,8905,0
0.13333334,4,22,8906,0
0.16666667,5,22,8907,0
0.2,6,22,8908,0
0.23333333,7,22,8909,0
0.26666668,8,22,8910,0
0.3,9,22,8911,0
0.33333334,10,22,8912,0
0.36666667,11,22,8913,0
0.4,12,22,8914,0
0.43333334,13,22,8915,0
0.46666667,14,22,8916,0
0.5,15,22,8917,0
0.53333336,16,22,8918,0
0.56666666,17,22,8919,0
0.6,18,22,8920,0
0.6333333,19,22,8921,0
0.6666667,20,22,8922,0
0.7,21,22,8923,0
0.73333335,22,22,8924,0
0.76666665,23,22,8925,0
0.8,24,22,8926,0
0.8333333,25,22,8927,0
0.8666667,26,22,8928,0
0.9,27,22,8929,0
0.93333334,28,22,8930,0
0.96666664,29,22,8931,0
1.0,30,22,8932,0
1.0333333,31,22,8933,0
1.0666667,32,22,8934,0
1.1,33,22,8935,0
1.1333333,34,22,8936,0
1.1666666,35,22,8937,0
1.2,36,22,8938,0
1.2333333,37,22,8939,0
1.2666667,38,22,8940,0
1.3,39,22,8941,0
1.3333334,40,22,8942,0
1.3666667,41,22,8943,0
1.4,42,22,8944,0
1.4333333,43,22,8945,0
1.4666667,44,22,8946,0
1.5,45,22,8947,0
1.5333333,46,22,8948,0
1.5666667,47,22,8949,0
1.6,48,22,8950,0
1.6333333,49,22,8951,0
1.6666666,50,22,8952,0
1.7,51,22,8953,0
1.7333333,52,22,8954,0
1.7666667,53,22,8955,0
1.8,54,22,8956,0
1.8333334,55,22,8957,0
1.8666667,56,22,8958,0
1.9,57,22,8959,0
1.9333333,58,22,8960,0
1.9666667,59,22,8961,0
2.0,60,22,8962,0
2.0333333,61,22,8963,0
2.0666666,62,22,8964,0
2.1,63,22,8965,0
2.1333334,64,22,8966,0
2.1666667,65,22,8967,0
2.2,66,22,8968,0
2.2333333,67,22,8969,0
2.2666667,68,22,8970,0
2.3,69,22,8971,0
2.3333333,70,22,8972,0
2.3666666,71,22,8973,0
2.4,72,22,8974,0
2.4333334,73,22,8975,0
2.4666667,74,22,8976,0
2.5,75,22,8977,0
2.5333333,76,22,8978,0
2.5666666,77,22,8979,0
2.6,78,22,8980,0
2.6333334,79,22,8981,0
2.6666667,80,22,8982,0
2.7,81,22,8983,0
2.7333333,82,22,8984,0
2.7666667,83,22,8985,0
2.8,84,22,8986,0
2.8333333,85,22,8987,0
2.8666666,86,22,8988,0
2.9,87,22,8989,0
2.9333334,88,22,8990,0
2.9666667,89,22,8991,0
3.0,90,22,8992,0
3.0333333,91,22,8993,0
3.0666666,92,22,8994,0
3.1,93,22,8995,0
3.1333334,94,22,8996,0
3.1666667,95,22,8997,0
3.2,96,22,8998,0
3.2333333,97,22,8999,0
3.2666667,98,22,9000,0
3.3,99,22,9001,0
3.3333333,100,22,9002,0
3.3666666,101,22,9003,0
3.4,102,22,9004,0
3.4333334,103,22,9005,0
3.4666667,104,22,9006,0
3.5,105,22,9007,0
3.5333333,106,22,9008,0
3.5666666,107,22,9009,0
3.6,108,22,9010,0
3.6333334,109,22,9011,0
3.6666667,110,22,9012,0
3.7,111,22,9013,0
3.7333333,112,22,9014,0
3.7666667,113,22,9015,0
3.8,114,22,9016,0
3.8333333,115,22,9017,0
3.8666666,116,22,9018,0
3.9,117,22,9019,0
3.9333334,118,22,9020,0
3.9666667,119,22,9021,0
4.0,120,22,9022,0
4.0333333,121,22,9023,0
4.0666666,122,22,9024,0
4.1,123,22,9025,0
4.133333,124,22,9026,0
4.1666665,125,22,9027,0
4.2,126,22,9028,0
4.233333,127,22,9029,0
4.266667,128,22,9030,0
4.3,129,22,9031,0
4.3333335,130,22,9032,0
4.366667,131,22,9033,0
4.4,132,22,9034,0
4.4333334,133,22,9035,0
4.4666667,134,22,9036,0
4.5,135,22,9037,0
4.5333333,136,22,9038,0
4.5666666,137,22,9039,0
4.6,138,22,9040,0
4.633333,139,22,9041,0
4.6666665,140,22,9042,0
4.7,141,22,9043,0
4.733333,142,22,9044,0
4.766667,143,22,9045,0
4.8,144,22,9046,0
4.8333335,145,22,9047,0
4.866667,146,22,9048,0
4.9,147,22,9049,0
4.9333334,148,22,9050,0
4.9666667,149,22,9051,0
5.0,150,22,9052,0
5.0333333,151,22,9053,0
5.0666666,152,22,9054,0
5.1,153,22,9055,0
5.133333,154,22,9056,0
5.1666665,155,22,9057,0
5.2,156,22,9058,0
5.233333,157,22,9059,0
5.266667,158,22,9060,0
5.3,159,22,9061,0
5.3333335,160,22,9062,0
5.366667,161,22,9063,0
5.4,162,22,9064,0
5.4333334,163,22,9065,0
5.4666667,164,22,9066,0
5.5,165,22,9067,0
5.5333333,166,22,9068,0
5.5666666,167,22,9069,0
5.6,168,22,9070,0
5.633333,169,22,9071,0
5.6666665,170,22,9072,0
5.7,171,22,9073,0
5.733333,172,22,9074,0
5.766667,173,22,9075,0
5.8,174,22,9076,0
5.8333335,175,22,9077,0
5.866667,176,22,9078,0
5.9,177,22,9079,0
5.9333334,178,22,9080,0
5.9666667,179,22,9081,0
6.0,180,22,9082,0
6.0333333,181,22,9083,0
6.0666666,182,22,9084,0
6.1,183,22,9085,0
6.133333,184,22,9086,0
6.1666665,185,22,9087,0
6.2,186,22,9088,0
6.233333,187,22,9089,0
6.266667,188,22,9090,0
6.3,189,22,9091,0
6.3333335,190,22,9092,0
6.366667,191,22,9093,0
6.4,192,22,9094,0
6.4333334,193,22,9095,0
6.4666667,194,22,9096,0
6.5,195,22,9097,0
6.5333333,196,22,9098,0
6.5666666,197,22,9099,0
6.6,198,22,9100,0
6.633333,199,22,9101,0
6.6666665,200,22,9102,0
6.7,201,22,9103,0
6.733333,202,22,9104,0
6.766667,203,22,9105,0
6.8,204,22,9106,0
6.8333335,205,22,9107,0
6.866667,206,22,9108,0
6.9,207,22,9109,0
6.9333334,208,22,9110,0
6.9666667,209,22,9111,0
7.0,210,22,9112,0
7.0333333,211,22,9113,0
7.0666666,212,22,9114,0
7.1,213,22,9115,0
7.133333,214,22,9116,0
7.1666665,215,22,9117,0
7.2,216,22,9118,0
7.233333,217,22,9119,0
7.266667,218,22,9120,0
7.3,219,22,9121,0
7.3333335,220,22,9122,0
7.366667,221,22,9123,0
7.4,222,22,9124,0
7.4333334,223,22,9125,0
7.4666667,224,22,9126,0
7.5,225,22,9127,0
7.5333333,226,22,9128,0
7.5666666,227,22,9129,0
7.6,228,22,9130,0
7.633333,229,22,9131,0
7.6666665,230,22,9132,0
7.7,231,22,9133,0
7.733333,232,22,9134,0
7.766667,233,22,9135,0
7.8,234,22,9136,0
7.8333335,235,22,9137,0
7.866667,236,22,9138,0
7.9,237,22,9139,0
7.9333334,238,22,9140,0
7.9666667,239,22,9141,0
8.0,240,22,9142,0
8.033334,241,22,9143,0
8.066667,242,22,9144,0
8.1,243,22,9145,0
8.133333,244,22,9146,0
8.166667,245,22,9147,0
8.2,246,22,9148,0
8.233334,247,22,9149,0
8.266666,248,22,9150,0
8.3,249,22,9151,0
8.333333,250,22,9152,0
8.366667,251,22,9153,0
8.4,252,22,9154,0
8.433333,253,22,9155,0
8.466666,254,22,9156,0
8.5,255,22,9157,0
8.533334,256,22,9158,0
8.566667,257,22,9159,0
8.6,258,22,9160,0
8.633333,259,22,9161,0
8.666667,260,22,9162,0
8.7,261,22,9163,0
8.733334,262,22,9164,0
8.766666,263,22,9165,0
8.8,264,22,9166,0
8.833333,265,22,9167,0
8.866667,266,22,9168,0
8.9,267,22,9169,0
8.933333,268,22,9170,0
8.966666,269,22,9171,0
9.0,270,22,9172,0
9.033334,271,22,9173,0
9.066667,272,22,9174,0
9.1,273,22,9175,0
9.133333,274,22,9176,0
9.166667,275,22,9177,0
9.2,276,22,9178,0
9.233334,277,22,9179,0
9.266666,278,22,9180,0
9.3,279,22,9181,0
9.333333,280,22,9182,0
9.366667,281,22,9183,0
9.4,282,22,9184,0
9.433333,283,22,9185,0
9.466666,284,22,9186,0
9.5,285,22,9187,0
9.533334,286,22,9188,0
9.566667,287,22,9189,0
9.6,288,22,9190,0
9.633333,289,22,9191,0
9.666667,290,22,9192,0
9.7,291,22,9193,0
9.733334,292,22,9194,0
9.766666,293,22,9195,0
9.8,294,22,9196,0
9.833333,295,22,9197,0
9.866667,296,22,9198,0
9.9,297,22,9199,0
9.933333,298,22,9200,0
9.966666,299,22,9201,0
10.0,300,22,9202,0
10.033334,301,22,9203,0
10.066667,302,22,9204,0
10.1,303,22,9205,0
10.133333,304,22,9206,0
10.166667,305,22,9207,0
10.2,306,22,9208,0
10.233334,307,22,9209,0
10.266666,308,22,9210,0
10.3,309,22,9211,0
10.333333,310,22,9212,0
10.366667,311,22,9213,0
10.4,312,22,9214,0
10.433333,313,22,9215,0
10.466666,314,22,9216,0
10.5,315,22,9217,0
10.533334,316,22,9218,0
10.566667,317,22,9219,0
10.6,318,22,9220,0
10.633333,319,22,9221,0
10.666667,320,22,9222,0
10.7,321,22,9223,0
10.733334,322,22,9224,0
10.766666,323,22,9225,0
10.8,324,22,9226,0
10.833333,325,22,9227,0
10.866667,326,22,9228,0
10.9,327,22,9229,0
10.933333,328,22,9230,0
10.966666,329,22,9231,0
11.0,330,22,9232,0
11.033334,331,22,9233,0
11.066667,332,22,9234,0
11.1,333,22,9235,0
11.133333,334,22,9236,0
11.166667,335,22,9237,0
11.2,336,22,9238,0
11.233334,337,22,9239,0
11.266666,338,22,9240,0
11.3,339,22,9241,0
11.333333,340,22,9242,0
11.366667,341,22,9243,0
11.4,342,22,9244,0
11.433333,343,22,9245,0
11.466666,344,22,9246,0
11.5,345,22,9247,0
11.533334,346,22,9248,0
11.566667,347,22,9249,0
11.6,348,22,9250,0
11.633333,349,22,9251,0
11.666667,350,22,9252,0
11.7,351,22,9253,0
11.733334,352,22,9254,0
11.766666,353,22,9255,0
11.8,354,22,9256,0
11.833333,355,22,9257,0
11.866667,356,22,9258,0
11.9,357,22,9259,0
11.933333,358,22,9260,0
11.966666,359,22,9261,0
12.0,360,22,9262,0
12.033334,361,22,9263,0
12.066667,362,22,9264,0
12.1,363,22,9265,0
12.133333,364,22,9266,0
12.166667,365,22,9267,0
12.2,366,22,9268,0
12.233334,367,22,9269,0
12.266666,368,22,9270,0
12.3,369,22,9271,0
12.333333,370,22,9272,0
12.366667,371,22,9273,0
12.4,372,22,9274,0
12.433333,373,22,9275,0
12.466666,374,22,9276,0
12.5,375,22,9277,0
12.533334,376,22,9278,0
12.566667,377,22,9279,0
12.6,378,22,9280,0
12.633333,379,22,9281,0
12.666667,380,22,9282,0
12.7,381,22,9283,0
12.733334,382,22,9284,0
12.766666,383,22,9285,0
12.8,384,22,9286,0
12.833333,385,22,9287,0
12.866667,386,22,9288,0
12.9,387,22,9289,0
0.0,0,23,9290,0
0.033333335,1,23,9291,0
0.06666667,2,23,9292,0
0.1,3,23,9293,0
0.13333334,4,23,9294,0
0.16666667,5,23,9295,0
0.2,6,23,9296,0
0.23333333,7,23,9297,0
0.26666668,8,23,9298,0
0.3,9,23,9299,0
0.33333334,10,23,9300,0
0.36666667,11,23,9301,0
0.4,12,23,9302,0
0.43333334,13,23,9303,0
0.46666667,14,23,9304,0
0.5,15,23,9305,0
0.53333336,16,23,9306,0
0.56666666,17,23,9307,0
0.6,18,23,9308,0
0.6333333,19,23,9309,0
0.6666667,20,23,9310,0
0.7,21,23,9311,0
0.73333335,22,23,9312,0
0.76666665,23,23,9313,0
0.8,24,23,9314,0
0.8333333,25,23,9315,0
0.8666667,26,23,9316,0
0.9,27,23,9317,0
0.93333334,28,23,9318,0
0.96666664,29,23,9319,0
1.0,30,23,9320,0
1.0333333,31,23,9321,0
1.0666667,32,23,9322,0
1.1,33,23,9323,0
1.1333333,34,23,9324,0
1.1666666,35,23,9325,0
1.2,36,23,9326,0
1.2333333,37,23,9327,0
1.2666667,38,23,9328,0
1.3,39,23,9329,0
1.3333334,40,23,9330,0
1.3666667,41,23,9331,0
1.4,42,23,9332,0
1.4333333,43,23,9333,0
1.4666667,44,23,9334,0
1.5,45,23,9335,0
1.5333333,46,23,9336,0
1.5666667,47,23,9337,0
1.6,48,23,9338,0
1.6333333,49,23,9339,0
1.6666666,50,23,9340,0
1.7,51,23,9341,0
1.7333333,52,23,9342,0
1.7666667,53,23,9343,0
1.8,54,23,9344,0
1.8333334,55,23,9345,0
1.8666667,56,23,9346,0
1.9,57,23,9347,0
1.9333333,58,23,9348,0
1.9666667,59,23,9349,0
2.0,60,23,9350,0
2.0333333,61,23,9351,0
2.0666666,62,23,9352,0
2.1,63,23,9353,0
2.1333334,64,23,9354,0
2.1666667,65,23,9355,0
2.2,66,23,9356,0
2.2333333,67,23,9357,0
2.2666667,68,23,9358,0
2.3,69,23,9359,0
2.3333333,70,23,9360,0
2.3666666,71,23,9361,0
2.4,72,23,9362,0
2.4333334,73,23,9363,0
2.4666667,74,23,9364,0
2.5,75,23,9365,0
2.5333333,76,23,9366,0
2.5666666,77,23,9367,0
2.6,78,23,9368,0
2.6333334,79,23,9369,0
2.6666667,80,23,9370,0
2.7,81,23,9371,0
2.7333333,82,23,9372,0
2.7666667,83,23,9373,0
2.8,84,23,9374,0
2.8333333,85,23,9375,0
2.8666666,86,23,9376,0
2.9,87,23,9377,0
2.9333334,88,23,9378,0
2.9666667,89,23,9379,0
3.0,90,23,9380,0
3.0333333,91,23,9381,0
3.0666666,92,23,9382,0
3.1,93,23,9383,0
3.1333334,94,23,9384,0
3.1666667,95,23,9385,0
3.2,96,23,9386,0
3.2333333,97,23,9387,0
3.2666667,98,23,9388,0
3.3,99,23,9389,0
3.3333333,100,23,9390,0
3.3666666,101,23,9391,0
3.4,102,23,9392,0
3.4333334,103,23,9393,0
3.4666667,104,23,9394,0
3.5,105,23,9395,0
3.5333333,106,23,9396,0
3.5666666,107,23,9397,0
3.6,108,23,9398,0
3.6333334,109,23,9399,0
3.6666667,110,23,9400,0
3.7,111,23,9401,0
3.7333333,112,23,9402,0
3.7666667,113,23,9403,0
3.8,114,23,9404,0
3.8333333,115,23,9405,0
3.8666666,116,23,9406,0
3.9,117,23,9407,0
3.9333334,118,23,9408,0
3.9666667,119,23,9409,0
4.0,120,23,9410,0
4.0333333,121,23,9411,0
4.0666666,122,23,9412,0
4.1,123,23,9413,0
4.133333,124,23,9414,0
4.1666665,125,23,9415,0
4.2,126,23,9416,0
4.233333,127,23,9417,0
4.266667,128,23,9418,0
4.3,129,23,9419,0
4.3333335,130,23,9420,0
4.366667,131,23,9421,0
4.4,132,23,9422,0
4.4333334,133,23,9423,0
4.4666667,134,23,9424,0
4.5,135,23,9425,0
4.5333333,136,23,9426,0
4.5666666,137,23,9427,0
4.6,138,23,9428,0
4.633333,139,23,9429,0
4.6666665,140,23,9430,0
4.7,141,23,9431,0
4.733333,142,23,9432,0
4.766667,143,23,9433,0
4.8,144,23,9434,0
4.8333335,145,23,9435,0
4.866667,146,23,9436,0
4.9,147,23,9437,0
4.9333334,148,23,9438,0
4.9666667,149,23,9439,0
5.0,150,23,9440,0
5.0333333,151,23,9441,0
5.0666666,152,23,9442,0
5.1,153,23,9443,0
5.133333,154,23,9444,0
5.1666665,155,23,9445,0
5.2,156,23,9446,0
5.233333,157,23,9447,0
5.266667,158,23,9448,0
5.3,159,23,9449,0
5.3333335,160,23,9450,0
5.366667,161,23,9451,0
5.4,162,23,9452,0
5.4333334,163,23,9453,0
5.4666667,164,23,9454,0
5.5,165,23,9455,0
5.5333333,166,23,9456,0
5.5666666,167,23,9457,0
5.6,168,23,9458,0
5.633333,169,23,9459,0
5.6666665,170,23,9460,0
5.7,171,23,9461,0
5.733333,172,23,9462,0
5.766667,173,23,9463,0
5.8,174,23,9464,0
5.8333335,175,23,9465,0
5.866667,176,23,9466,0
5.9,177,23,9467,0
5.9333334,178,23,9468,0
5.9666667,179,23,9469,0
6.0,180,23,9470,0
6.0333333,181,23,9471,0
6.0666666,182,23,9472,0
6.1,183,23,9473,0
6.133333,184,23,9474,0
6.1666665,185,23,9475,0
6.2,186,23,9476,0
6.233333,187,23,9477,0
6.266667,188,23,9478,0
6.3,189,23,9479,0
6.3333335,190,23,9480,0
6.366667,191,23,9481,0
6.4,192,23,9482,0
6.4333334,193,23,9483,0
6.4666667,194,23,9484,0
6.5,195,23,9485,0
6.5333333,196,23,9486,0
6.5666666,197,23,9487,0
6.6,198,23,9488,0
6.633333,199,23,9489,0
6.6666665,200,23,9490,0
6.7,201,23,9491,0
6.733333,202,23,9492,0
6.766667,203,23,9493,0
6.8,204,23,9494,0
6.8333335,205,23,9495,0
6.866667,206,23,9496,0
6.9,207,23,9497,0
6.9333334,208,23,9498,0
6.9666667,209,23,9499,0
7.0,210,23,9500,0
7.0333333,211,23,9501,0
7.0666666,212,23,9502,0
7.1,213,23,9503,0
7.133333,214,23,9504,0
7.1666665,215,23,9505,0
7.2,216,23,9506,0
7.233333,217,23,9507,0
7.266667,218,23,9508,0
7.3,219,23,9509,0
7.3333335,220,23,9510,0
7.366667,221,23,9511,0
7.4,222,23,9512,0
7.4333334,223,23,9513,0
7.4666667,224,23,9514,0
7.5,225,23,9515,0
7.5333333,226,23,9516,0
7.5666666,227,23,9517,0
7.6,228,23,9518,0
7.633333,229,23,9519,0
7.6666665,230,23,9520,0
7.7,231,23,9521,0
7.733333,232,23,9522,0
7.766667,233,23,9523,0
7.8,234,23,9524,0
7.8333335,235,23,9525,0
7.866667,236,23,9526,0
7.9,237,23,9527,0
7.9333334,238,23,9528,0
7.9666667,239,23,9529,0
8.0,240,23,9530,0
8.033334,241,23,9531,0
8.066667,242,23,9532,0
8.1,243,23,9533,0
8.133333,244,23,9534,0
8.166667,245,23,9535,0
8.2,246,23,9536,0
8.233334,247,23,9537,0
8.266666,248,23,9538,0
8.3,249,23,9539,0
8.333333,250,23,9540,0
8.366667,251,23,9541,0
8.4,252,23,9542,0
8.433333,253,23,9543,0
8.466666,254,23,9544,0
8.5,255,23,9545,0
8.533334,256,23,9546,0
8.566667,257,23,9547,0
8.6,258,23,9548,0
8.633333,259,23,9549,0
8.666667,260,23,9550,0
8.7,261,23,9551,0
8.733334,262,23,9552,0
8.766666,263,23,9553,0
8.8,264,23,9554,0
8.833333,265,23,9555,0
8.866667,266,23,9556,0
8.9,267,23,9557,0
8.933333,268,23,9558,0
8.966666,269,23,9559,0
9.0,270,23,9560,0
9.033334,271,23,9561,0
9.066667,272,23,9562,0
9.1,273,23,9563,0
9.133333,274,23,9564,0
9.166667,275,23,9565,0
9.2,276,23,9566,0
9.233334,277,23,9567,0
9.266666,278,23,9568,0
9.3,279,23,9569,0
9.333333,280,23,9570,0
9.366667,281,23,9571,0
9.4,282,23,9572,0
9.433333,283,23,9573,0
9.466666,284,23,9574,0
9.5,285,23,9575,0
9.533334,286,23,9576,0
9.566667,287,23,9577,0
9.6,288,23,9578,0
9.633333,289,23,9579,0
9.666667,290,23,9580,0
9.7,291,23,9581,0
9.733334,292,23,9582,0
9.766666,293,23,9583,0
9.8,294,23,9584,0
9.833333,295,23,9585,0
9.866667,296,23,9586,0
9.9,297,23,9587,0
9.933333,298,23,9588,0
9.966666,299,23,9589,0
10.0,300,23,9590,0
10.033334,301,23,9591,0
10.066667,302,23,9592,0
10.1,303,23,9593,0
10.133333,304,23,9594,0
10.166667,305,23,9595,0
10.2,306,23,9596,0
10.233334,307,23,9597,0
10.266666,308,23,9598,0
10.3,309,23,9599,0
10.333333,310,23,9600,0
10.366667,311,23,9601,0
10.4,312,23,9602,0
10.433333,313,23,9603,0
10.466666,314,23,9604,0
10.5,315,23,9605,0
10.533334,316,23,9606,0
10.566667,317,23,9607,0
10.6,318,23,9608,0
10.633333,319,23,9609,0
10.666667,320,23,9610,0
10.7,321,23,9611,0
10.733334,322,23,9612,0
10.766666,323,23,9613,0
10.8,324,23,9614,0
10.833333,325,23,9615,0
10.866667,326,23,9616,0
10.9,327,23,9617,0
10.933333,328,23,9618,0
10.966666,329,23,9619,0
11.0,330,23,9620,0
11.033334,331,23,9621,0
11.066667,332,23,9622,0
11.1,333,23,9623,0
11.133333,334,23,9624,0
11.166667,335,23,9625,0
11.2,336,23,9626,0
11.233334,337,23,9627,0
11.266666,338,23,9628,0
11.3,339,23,9629,0
11.333333,340,23,9630,0
11.366667,341,23,9631,0
11.4,342,23,9632,0
11.433333,343,23,9633,0
11.466666,344,23,9634,0
11.5,345,23,9635,0
11.533334,346,23,9636,0
11.566667,347,23,9637,0
11.6,348,23,9638,0
11.633333,349,23,9639,0
11.666667,350,23,9640,0
11.7,351,23,9641,0
11.733334,352,23,9642,0
11.766666,353,23,9643,0
11.8,354,23,9644,0
11.833333,355,23,9645,0
11.866667,356,23,9646,0
11.9,357,23,9647,0
11.933333,358,23,9648,0
11.966666,359,23,9649,0
0.0,0,24,9650,0
0.033333335,1,24,9651,0
0.06666667,2,24,9652,0
0.1,3,24,9653,0
0.13333334,4,24,9654,0
0.16666667,5,24,9655,0
0.2,6,24,9656,0
0.23333333,7,24,9657,0
0.26666668,8,24,9658,0
0.3,9,24,9659,0
0.33333334,10,24,9660,0
0.36666667,11,24,9661,0
0.4,12,24,9662,0
0.43333334,13,24,9663,0
0.46666667,14,24,9664,0
0.5,15,24,9665,0
0.53333336,16,24,9666,0
0.56666666,17,24,9667,0
0.6,18,24,9668,0
0.6333333,19,24,9669,0
0.6666667,20,24,9670,0
0.7,21,24,9671,0
0.73333335,22,24,9672,0
0.76666665,23,24,9673,0
0.8,24,24,9674,0
0.8333333,25,24,9675,0
0.8666667,26,24,9676,0
0.9,27,24,9677,0
0.93333334,28,24,9678,0
0.96666664,29,24,9679,0
1.0,30,24,9680,0
1.0333333,31,24,9681,0
1.0666667,32,24,9682,0
1.1,33,24,9683,0
1.1333333,34,24,9684,0
1.1666666,35,24,9685,0
1.2,36,24,9686,0
1.2333333,37,24,9687,0
1.2666667,38,24,9688,0
1.3,39,24,9689,0
1.3333334,40,24,9690,0
1.3666667,41,24,9691,0
1.4,42,24,9692,0
1.4333333,43,24,9693,0
1.4666667,44,24,9694,0
1.5,45,24,9695,0
1.5333333,46,24,9696,0
1.5666667,47,24,9697,0
1.6,48,24,9698,0
1.6333333,49,24,9699,0
1.6666666,50,24,9700,0
1.7,51,24,9701,0
1.7333333,52,24,9702,0
1.7666667,53,24,9703,0
1.8,54,24,9704,0
1.8333334,55,24,9705,0
1.8666667,56,24,9706,0
1.9,57,24,9707,0
1.9333333,58,24,9708,0
1.9666667,59,24,9709,0
2.0,60,24,9710,0
2.0333333,61,24,9711,0
2.0666666,62,24,9712,0
2.1,63,24,9713,0
2.1333334,64,24,9714,0
2.1666667,65,24,9715,0
2.2,66,24,9716,0
2.2333333,67,24,9717,0
2.2666667,68,24,9718,0
2.3,69,24,9719,0
2.3333333,70,24,9720,0
2.3666666,71,24,9721,0
2.4,72,24,9722,0
2.4333334,73,24,9723,0
2.4666667,74,24,9724,0
2.5,75,24,9725,0
2.5333333,76,24,9726,0
2.5666666,77,24,9727,0
2.6,78,24,9728,0
2.6333334,79,24,9729,0
2.6666667,80,24,9730,0
2.7,81,24,9731,0
2.7333333,82,24,9732,0
2.7666667,83,24,9733,0
2.8,84,24,9734,0
2.8333333,85,24,9735,0
2.8666666,86,24,9736,0
2.9,87,24,9737,0
2.9333334,88,24,9738,0
2.9666667,89,24,9739,0
3.0,90,24,9740,0
3.0333333,91,24,9741,0
3.0666666,92,24,9742,0
3.1,93,24,9743,0
3.1333334,94,24,9744,0
3.1666667,95,24,9745,0
3.2,96,24,9746,0
3.2333333,97,24,9747,0
3.2666667,98,24,9748,0
3.3,99,24,9749,0
3.3333333,100,24,9750,0
3.3666666,101,24,9751,0
3.4,102,24,9752,0
3.4333334,103,24,9753,0
3.4666667,104,24,9754,0
3.5,105,24,9755,0
3.5333333,106,24,9756,0
3.5666666,107,24,9757,0
3.6,108,24,9758,0
3.6333334,109,24,9759,0
3.6666667,110,24,9760,0
3.7,111,24,9761,0
3.7333333,112,24,9762,0
3.7666667,113,24,9763,0
3.8,114,24,9764,0
3.8333333,115,24,9765,0
3.8666666,116,24,9766,0
3.9,117,24,9767,0
3.9333334,118,24,9768,0
3.9666667,119,24,9769,0
4.0,120,24,9770,0
4.0333333,121,24,9771,0
4.0666666,122,24,9772,0
4.1,123,24,9773,0
4.133333,124,24,9774,0
4.1666665,125,24,9775,0
4.2,126,24,9776,0
4.233333,127,24,9777,0
4.266667,128,24,9778,0
4.3,129,24,9779,0
4.3333335,130,24,9780,0
4.366667,131,24,9781,0
4.4,132,24,9782,0
4.4333334,133,24,9783,0
4.4666667,134,24,9784,0
4.5,135,24,9785,0
4.5333333,136,24,9786,0
4.5666666,137,24,9787,0
4.6,138,24,9788,0
4.633333,139,24,9789,0
4.6666665,140,24,9790,0
4.7,141,24,9791,0
4.733333,142,24,9792,0
4.766667,143,24,9793,0
4.8,144,24,9794,0
4.8333335,145,24,9795,0
4.866667,146,24,9796,0
4.9,147,24,9797,0
4.9333334,148,24,9798,0
4.9666667,149,24,9799,0
5.0,150,24,9800,0
5.0333333,151,24,9801,0
5.0666666,152,24,9802,0
5.1,153,24,9803,0
5.133333,154,24,9804,0
5.1666665,155,24,9805,0
5.2,156,24,9806,0
5.233333,157,24,9807,0
5.266667,158,24,9808,0
5.3,159,24,9809,0
5.3333335,160,24,9810,0
5.366667,161,24,9811,0
5.4,162,24,9812,0
5.4333334,163,24,9813,0
5.4666667,164,24,9814,0
5.5,165,24,9815,0
5.5333333,166,24,9816,0
5.5666666,167,24,9817,0
5.6,168,24,9818,0
5.633333,169,24,9819,0
5.6666665,170,24,9820,0
5.7,171,24,9821,0
5.733333,172,24,9822,0
5.766667,173,24,9823,0
5.8,174,24,9824,0
5.8333335,175,24,9825,0
5.866667,176,24,9826,0
5.9,177,24,9827,0
5.9333334,178,24,9828,0
5.9666667,179,24,9829,0
6.0,180,24,9830,0
6.0333333,181,24,9831,0
6.0666666,182,24,9832,0
6.1,183,24,9833,0
6.133333,184,24,9834,0
6.1666665,185,24,9835,0
6.2,186,24,9836,0
6.233333,187,24,9837,0
6.266667,188,24,9838,0
6.3,189,24,9839,0
6.3333335,190,24,9840,0
6.366667,191,24,9841,0
6.4,192,24,9842,0
6.4333334,193,24,9843,0
6.4666667,194,24,9844,0
6.5,195,24,9845,0
6.5333333,196,24,9846,0
6.5666666,197,24,9847,0
6.6,198,24,9848,0
6.633333,199,24,9849,0
6.6666665,200,24,9850,0
6.7,201,24,9851,0
6.733333,202,24,9852,0
6.766667,203,24,9853,0
6.8,204,24,9854,0
6.8333335,205,24,9855,0
6.866667,206,24,9856,0
6.9,207,24,9857,0
6.9333334,208,24,9858,0
6.9666667,209,24,9859,0
7.0,210,24,9860,0
7.0333333,211,24,9861,0
7.0666666,212,24,9862,0
7.1,213,24,9863,0
7.133333,214,24,9864,0
7.1666665,215,24,9865,0
7.2,216,24,9866,0
7.233333,217,24,9867,0
7.266667,218,24,9868,0
7.3,219,24,9869,0
7.3333335,220,24,9870,0
7.366667,221,24,9871,0
7.4,222,24,9872,0
7.4333334,223,24,9873,0
7.4666667,224,24,9874,0
7.5,225,24,9875,0
7.5333333,226,24,9876,0
7.5666666,227,24,9877,0
7.6,228,24,9878,0
7.633333,229,24,9879,0
7.6666665,230,24,9880,0
7.7,231,24,9881,0
7.733333,232,24,9882,0
7.766667,233,24,9883,0
7.8,234,24,9884,0
7.8333335,235,24,9885,0
7.866667,236,24,9886,0
7.9,237,24,9887,0
7.9333334,238,24,9888,0
7.9666667,239,24,9889,0
8.0,240,24,9890,0
8.033334,241,24,9891,0
8.066667,242,24,9892,0
8.1,243,24,9893,0
8.133333,244,24,9894,0
8.166667,245,24,9895,0
8.2,246,24,9896,0
8.233334,247,24,9897,0
8.266666,248,24,9898,0
8.3,249,24,9899,0
8.333333,250,24,9900,0
8.366667,251,24,9901,0
8.4,252,24,9902,0
8.433333,253,24,9903,0
8.466666,254,24,9904,0
8.5,255,24,9905,0
8.533334,256,24,9906,0
8.566667,257,24,9907,0
8.6,258,24,9908,0
8.633333,259,24,9909,0
8.666667,260,24,9910,0
8.7,261,24,9911,0
8.733334,262,24,9912,0
8.766666,263,24,9913,0
8.8,264,24,9914,0
8.833333,265,24,9915,0
8.866667,266,24,9916,0
8.9,267,24,9917,0
8.933333,268,24,9918,0
8.966666,269,24,9919,0
9.0,270,24,9920,0
9.033334,271,24,9921,0
9.066667,272,24,9922,0
9.1,273,24,9923,0
9.133333,274,24,9924,0
9.166667,275,24,9925,0
9.2,276,24,9926,0
9.233334,277,24,9927,0
9.266666,278,24,9928,0
9.3,279,24,9929,0
9.333333,280,24,9930,0
9.366667,281,24,9931,0
9.4,282,24,9932,0
9.433333,283,24,9933,0
9.466666,284,24,9934,0
9.5,285,24,9935,0
9.533334,286,24,9936,0
9.566667,287,24,9937,0
9.6,288,24,9938,0
9.633333,289,24,9939,0
9.666667,290,24,9940,0
9.7,291,24,9941,0
9.733334,292,24,9942,0
9.766666,293,24,9943,0
9.8,294,24,9944,0
9.833333,295,24,9945,0
9.866667,296,24,9946,0
9.9,297,24,9947,0
9.933333,298,24,9948,0
9.966666,299,24,9949,0
10.0,300,24,9950,0
10.033334,301,24,9951,0
10.066667,302,24,9952,0
10.1,303,24,9953,0
10.133333,304,24,9954,0
10.166667,305,24,9955,0
10.2,306,24,9956,0
10.233334,307,24,9957,0
10.266666,308,24,9958,0
10.3,309,24,9959,0
10.333333,310,24,9960,0
10.366667,311,24,9961,0
10.4,312,24,9962,0
10.433333,313,24,9963,0
10.466666,314,24,9964,0
10.5,315,24,9965,0
10.533334,316,24,9966,0
10.566667,317,24,9967,0
10.6,318,24,9968,0
10.633333,319,24,9969,0
10.666667,320,24,9970,0
10.7,321,24,9971,0
10.733334,322,24,9972,0
10.766666,323,24,9973,0
10.8,324,24,9974,0
10.833333,325,24,9975,0
10.866667,326,24,9976,0
10.9,327,24,9977,0
10.933333,328,24,9978,0
10.966666,329,24,9979,0
11.0,330,24,9980,0
11.033334,331,24,9981,0
11.066667,332,24,9982,0
11.1,333,24,9983,0
11.133333,334,24,9984,0
11.166667,335,24,9985,0
11.2,336,24,9986,0
11.233334,337,24,9987,0
11.266666,338,24,9988,0
11.3,339,24,9989,0
11.333333,340,24,9990,0
11.366667,341,24,9991,0
11.4,342,24,9992,0
11.433333,343,24,9993,0
11.466666,344,24,9994,0
11.5,345,24,9995,0
11.533334,346,24,9996,0
11.566667,347,24,9997,0
11.6,348,24,9998,0
11.633333,349,24,9999,0
11.666667,350,24,10000,0
11.7,351,24,10001,0
11.733334,352,24,10002,0
11.766666,353,24,10003,0
11.8,354,24,10004,0
11.833333,355,24,10005,0
11.866667,356,24,10006,0
11.9,357,24,10007,0
11.933333,358,24,10008,0
11.966666,359,24,10009,0
12.0,360,24,10010,0
12.033334,361,24,10011,0
12.066667,362,24,10012,0
12.1,363,24,10013,0
12.133333,364,24,10014,0
12.166667,365,24,10015,0
12.2,366,24,10016,0
12.233334,367,24,10017,0
12.266666,368,24,10018,0
12.3,369,24,10019,0
12.333333,370,24,10020,0
12.366667,371,24,10021,0
12.4,372,24,10022,0
12.433333,373,24,10023,0
12.466666,374,24,10024,0
12.5,375,24,10025,0
12.533334,376,24,10026,0
12.566667,377,24,10027,0
12.6,378,24,10028,0
12.633333,379,24,10029,0
12.666667,380,24,10030,0
12.7,381,24,10031,0
12.733334,382,24,10032,0
12.766666,383,24,10033,0
12.8,384,24,10034,0
12.833333,385,24,10035,0
0.0,0,25,10036,0
0.033333335,1,25,10037,0
0.06666667,2,25,10038,0
0.1,3,25,10039,0
0.13333334,4,25,10040,0
0.16666667,5,25,10041,0
0.2,6,25,10042,0
0.23333333,7,25,10043,0
0.26666668,8,25,10044,0
0.3,9,25,10045,0
0.33333334,10,25,10046,0
0.36666667,11,25,10047,0
0.4,12,25,10048,0
0.43333334,13,25,10049,0
0.46666667,14,25,10050,0
0.5,15,25,10051,0
0.53333336,16,25,10052,0
0.56666666,17,25,10053,0
0.6,18,25,10054,0
0.6333333,19,25,10055,0
0.6666667,20,25,10056,0
0.7,21,25,10057,0
0.73333335,22,25,10058,0
0.76666665,23,25,10059,0
0.8,24,25,10060,0
0.8333333,25,25,10061,0
0.8666667,26,25,10062,0
0.9,27,25,10063,0
0.93333334,28,25,10064,0
0.96666664,29,25,10065,0
1.0,30,25,10066,0
1.0333333,31,25,10067,0
1.0666667,32,25,10068,0
1.1,33,25,10069,0
1.1333333,34,25,10070,0
1.1666666,35,25,10071,0
1.2,36,25,10072,0
1.2333333,37,25,10073,0
1.2666667,38,25,10074,0
1.3,39,25,10075,0
1.3333334,40,25,10076,0
1.3666667,41,25,10077,0
1.4,42,25,10078,0
1.4333333,43,25,10079,0
1.4666667,44,25,10080,0
1.5,45,25,10081,0
1.5333333,46,25,10082,0
1.5666667,47,25,10083,0
1.6,48,25,10084,0
1.6333333,49,25,10085,0
1.6666666,50,25,10086,0
1.7,51,25,10087,0
1.7333333,52,25,10088,0
1.7666667,53,25,10089,0
1.8,54,25,10090,0
1.8333334,55,25,10091,0
1.8666667,56,25,10092,0
1.9,57,25,10093,0
1.9333333,58,25,10094,0
1.9666667,59,25,10095,0
2.0,60,25,10096,0
2.0333333,61,25,10097,0
2.0666666,62,25,10098,0
2.1,63,25,10099,0
2.1333334,64,25,10100,0
2.1666667,65,25,10101,0
2.2,66,25,10102,0
2.2333333,67,25,10103,0
2.2666667,68,25,10104,0
2.3,69,25,10105,0
2.3333333,70,25,10106,0
2.3666666,71,25,10107,0
2.4,72,25,10108,0
2.4333334,73,25,10109,0
2.4666667,74,25,10110,0
2.5,75,25,10111,0
2.5333333,76,25,10112,0
2.5666666,77,25,10113,0
2.6,78,25,10114,0
2.6333334,79,25,10115,0
2.6666667,80,25,10116,0
2.7,81,25,10117,0
2.7333333,82,25,10118,0
2.7666667,83,25,10119,0
2.8,84,25,10120,0
2.8333333,85,25,10121,0
2.8666666,86,25,10122,0
2.9,87,25,10123,0
2.9333334,88,25,10124,0
2.9666667,89,25,10125,0
3.0,90,25,10126,0
3.0333333,91,25,10127,0
3.0666666,92,25,10128,0
3.1,93,25,10129,0
3.1333334,94,25,10130,0
3.1666667,95,25,10131,0
3.2,96,25,10132,0
3.2333333,97,25,10133,0
3.2666667,98,25,10134,0
3.3,99,25,10135,0
3.3333333,100,25,10136,0
3.3666666,101,25,10137,0
3.4,102,25,10138,0
3.4333334,103,25,10139,0
3.4666667,104,25,10140,0
3.5,105,25,10141,0
3.5333333,106,25,10142,0
3.5666666,107,25,10143,0
3.6,108,25,10144,0
3.6333334,109,25,10145,0
3.6666667,110,25,10146,0
3.7,111,25,10147,0
3.7333333,112,25,10148,0
3.7666667,113,25,10149,0
3.8,114,25,10150,0
3.8333333,115,25,10151,0
3.8666666,116,25,10152,0
3.9,117,25,10153,0
3.9333334,118,25,10154,0
3.9666667,119,25,10155,0
4.0,120,25,10156,0
4.0333333,121,25,10157,0
4.0666666,122,25,10158,0
4.1,123,25,10159,0
4.133333,124,25,10160,0
4.1666665,125,25,10161,0
4.2,126,25,10162,0
4.233333,127,25,10163,0
4.266667,128,25,10164,0
4.3,129,25,10165,0
4.3333335,130,25,10166,0
4.366667,131,25,10167,0
4.4,132,25,10168,0
4.4333334,133,25,10169,0
4.4666667,134,25,10170,0
4.5,135,25,10171,0
4.5333333,136,25,10172,0
4.5666666,137,25,10173,0
4.6,138,25,10174,0
4.633333,139,25,10175,0
4.6666665,140,25,10176,0
4.7,141,25,10177,0
4.733333,142,25,10178,0
4.766667,143,25,10179,0
4.8,144,25,10180,0
4.8333335,145,25,10181,0
4.866667,146,25,10182,0
4.9,147,25,10183,0
4.9333334,148,25,10184,0
4.9666667,149,25,10185,0
5.0,150,25,10186,0
5.0333333,151,25,10187,0
5.0666666,152,25,10188,0
5.1,153,25,10189,0
5.133333,154,25,10190,0
5.1666665,155,25,10191,0
5.2,156,25,10192,0
5.233333,157,25,10193,0
5.266667,158,25,10194,0
5.3,159,25,10195,0
5.3333335,160,25,10196,0
5.366667,161,25,10197,0
5.4,162,25,10198,0
5.4333334,163,25,10199,0
5.4666667,164,25,10200,0
5.5,165,25,10201,0
5.5333333,166,25,10202,0
5.5666666,167,25,10203,0
5.6,168,25,10204,0
5.633333,169,25,10205,0
5.6666665,170,25,10206,0
5.7,171,25,10207,0
5.733333,172,25,10208,0
5.766667,173,25,10209,0
5.8,174,25,10210,0
5.8333335,175,25,10211,0
5.866667,176,25,10212,0
5.9,177,25,10213,0
5.9333334,178,25,10214,0
5.9666667,179,25,10215,0
6.0,180,25,10216,0
6.0333333,181,25,10217,0
6.0666666,182,25,10218,0
6.1,183,25,10219,0
6.133333,184,25,10220,0
6.1666665,185,25,10221,0
6.2,186,25,10222,0
6.233333,187,25,10223,0
6.266667,188,25,10224,0
6.3,189,25,10225,0
6.3333335,190,25,10226,0
6.366667,191,25,10227,0
6.4,192,25,10228,0
6.4333334,193,25,10229,0
6.4666667,194,25,10230,0
6.5,195,25,10231,0
6.5333333,196,25,10232,0
6.5666666,197,25,10233,0
6.6,198,25,10234,0
6.633333,199,25,10235,0
6.6666665,200,25,10236,0
6.7,201,25,10237,0
6.733333,202,25,10238,0
6.766667,203,25,10239,0
6.8,204,25,10240,0
6.8333335,205,25,10241,0
6.866667,206,25,10242,0
6.9,207,25,10243,0
6.9333334,208,25,10244,0
6.9666667,209,25,10245,0
7.0,210,25,10246,0
7.0333333,211,25,10247,0
7.0666666,212,25,10248,0
7.1,213,25,10249,0
7.133333,214,25,10250,0
7.1666665,215,25,10251,0
7.2,216,25,10252,0
7.233333,217,25,10253,0
7.266667,218,25,10254,0
7.3,219,25,10255,0
7.3333335,220,25,10256,0
7.366667,221,25,10257,0
7.4,222,25,10258,0
7.4333334,223,25,10259,0
7.4666667,224,25,10260,0
7.5,225,25,10261,0
7.5333333,226,25,10262,0
7.5666666,227,25,10263,0
7.6,228,25,10264,0
7.633333,229,25,10265,0
7.6666665,230,25,10266,0
7.7,231,25,10267,0
7.733333,232,25,10268,0
7.766667,233,25,10269,0
7.8,234,25,10270,0
7.8333335,235,25,10271,0
7.866667,236,25,10272,0
7.9,237,25,10273,0
7.9333334,238,25,10274,0
7.9666667,239,25,10275,0
8.0,240,25,10276,0
8.033334,241,25,10277,0
8.066667,242,25,10278,0
8.1,243,25,10279,0
8.133333,244,25,10280,0
8.166667,245,25,10281,0
8.2,246,25,10282,0
8.233334,247,25,10283,0
8.266666,248,25,10284,0
8.3,249,25,10285,0
8.333333,250,25,10286,0
8.366667,251,25,10287,0
8.4,252,25,10288,0
8.433333,253,25,10289,0
8.466666,254,25,10290,0
8.5,255,25,10291,0
8.533334,256,25,10292,0
8.566667,257,25,10293,0
8.6,258,25,10294,0
8.633333,259,25,10295,0
8.666667,260,25,10296,0
8.7,261,25,10297,0
8.733334,262,25,10298,0
8.766666,263,25,10299,0
8.8,264,25,10300,0
8.833333,265,25,10301,0
8.866667,266,25,10302,0
8.9,267,25,10303,0
8.933333,268,25,10304,0
8.966666,269,25,10305,0
9.0,270,25,10306,0
9.033334,271,25,10307,0
9.066667,272,25,10308,0
9.1,273,25,10309,0
9.133333,274,25,10310,0
9.166667,275,25,10311,0
9.2,276,25,10312,0
9.233334,277,25,10313,0
9.266666,278,25,10314,0
9.3,279,25,10315,0
9.333333,280,25,10316,0
9.366667,281,25,10317,0
9.4,282,25,10318,0
9.433333,283,25,10319,0
9.466666,284,25,10320,0
9.5,285,25,10321,0
9.533334,286,25,10322,0
9.566667,287,25,10323,0
9.6,288,25,10324,0
9.633333,289,25,10325,0
9.666667,290,25,10326,0
9.7,291,25,10327,0
9.733334,292,25,10328,0
9.766666,293,25,10329,0
9.8,294,25,10330,0
9.833333,295,25,10331,0
9.866667,296,25,10332,0
9.9,297,25,10333,0
9.933333,298,25,10334,0
9.966666,299,25,10335,0
10.0,300,25,10336,0
10.033334,301,25,10337,0
10.066667,302,25,10338,0
10.1,303,25,10339,0
10.133333,304,25,10340,0
10.166667,305,25,10341,0
10.2,306,25,10342,0
10.233334,307,25,10343,0
10.266666,308,25,10344,0
10.3,309,25,10345,0
10.333333,310,25,10346,0
10.366667,311,25,10347,0
10.4,312,25,10348,0
10.433333,313,25,10349,0
10.466666,314,25,10350,0
10.5,315,25,10351,0
10.533334,316,25,10352,0
10.566667,317,25,10353,0
10.6,318,25,10354,0
10.633333,319,25,10355,0
10.666667,320,25,10356,0
10.7,321,25,10357,0
10.733334,322,25,10358,0
10.766666,323,25,10359,0
10.8,324,25,10360,0
10.833333,325,25,10361,0
10.866667,326,25,10362,0
10.9,327,25,10363,0
10.933333,328,25,10364,0
10.966666,329,25,10365,0
11.0,330,25,10366,0
11.033334,331,25,10367,0
11.066667,332,25,10368,0
11.1,333,25,10369,0
11.133333,334,25,10370,0
11.166667,335,25,10371,0
11.2,336,25,10372,0
11.233334,337,25,10373,0
11.266666,338,25,10374,0
11.3,339,25,10375,0
11.333333,340,25,10376,0
11.366667,341,25,10377,0
11.4,342,25,10378,0
11.433333,343,25,10379,0
11.466666,344,25,10380,0
11.5,345,25,10381,0
11.533334,346,25,10382,0
11.566667,347,25,10383,0
11.6,348,25,10384,0
11.633333,349,25,10385,0
11.666667,350,25,10386,0
11.7,351,25,10387,0
11.733334,352,25,10388,0
11.766666,353,25,10389,0
11.8,354,25,10390,0
11.833333,355,25,10391,0
11.866667,356,25,10392,0
11.9,357,25,10393,0
11.933333,358,25,10394,0
11.966666,359,25,10395,0
12.0,360,25,10396,0
12.033334,361,25,10397,0
12.066667,362,25,10398,0
12.1,363,25,10399,0
12.133333,364,25,10400,0
12.166667,365,25,10401,0
12.2,366,25,10402,0
12.233334,367,25,10403,0
12.266666,368,25,10404,0
12.3,369,25,10405,0
12.333333,370,25,10406,0
12.366667,371,25,10407,0
12.4,372,25,10408,0
12.433333,373,25,10409,0
12.466666,374,25,10410,0
12.5,375,25,10411,0
12.533334,376,25,10412,0
12.566667,377,25,10413,0
12.6,378,25,10414,0
12.633333,379,25,10415,0
12.666667,380,25,10416,0
12.7,381,25,10417,0
12.733334,382,25,10418,0
12.766666,383,25,10419,0
12.8,384,25,10420,0
12.833333,385,25,10421,0
12.866667,386,25,10422,0
12.9,387,25,10423,0
12.933333,388,25,10424,0
12.966666,389,25,10425,0
13.0,390,25,10426,0
13.033334,391,25,10427,0
13.066667,392,25,10428,0
13.1,393,25,10429,0
13.133333,394,25,10430,0
13.166667,395,25,10431,0
13.2,396,25,10432,0
13.233334,397,25,10433,0
13.266666,398,25,10434,0
13.3,399,25,10435,0
13.333333,400,25,10436,0
13.366667,401,25,10437,0
13.4,402,25,10438,0
13.433333,403,25,10439,0
13.466666,404,25,10440,0
0.0,0,26,10441,0
0.033333335,1,26,10442,0
0.06666667,2,26,10443,0
0.1,3,26,10444,0
0.13333334,4,26,10445,0
0.16666667,5,26,10446,0
0.2,6,26,10447,0
0.23333333,7,26,10448,0
0.26666668,8,26,10449,0
0.3,9,26,10450,0
0.33333334,10,26,10451,0
0.36666667,11,26,10452,0
0.4,12,26,10453,0
0.43333334,13,26,10454,0
0.46666667,14,26,10455,0
0.5,15,26,10456,0
0.53333336,16,26,10457,0
0.56666666,17,26,10458,0
0.6,18,26,10459,0
0.6333333,19,26,10460,0
0.6666667,20,26,10461,0
0.7,21,26,10462,0
0.73333335,22,26,10463,0
0.76666665,23,26,10464,0
0.8,24,26,10465,0
0.8333333,25,26,10466,0
0.8666667,26,26,10467,0
0.9,27,26,10468,0
0.93333334,28,26,10469,0
0.96666664,29,26,10470,0
1.0,30,26,10471,0
1.0333333,31,26,10472,0
1.0666667,32,26,10473,0
1.1,33,26,10474,0
1.1333333,34,26,10475,0
1.1666666,35,26,10476,0
1.2,36,26,10477,0
1.2333333,37,26,10478,0
1.2666667,38,26,10479,0
1.3,39,26,10480,0
1.3333334,40,26,10481,0
1.3666667,41,26,10482,0
1.4,42,26,10483,0
1.4333333,43,26,10484,0
1.4666667,44,26,10485,0
1.5,45,26,10486,0
1.5333333,46,26,10487,0
1.5666667,47,26,10488,0
1.6,48,26,10489,0
1.6333333,49,26,10490,0
1.6666666,50,26,10491,0
1.7,51,26,10492,0
1.7333333,52,26,10493,0
1.7666667,53,26,10494,0
1.8,54,26,10495,0
1.8333334,55,26,10496,0
1.8666667,56,26,10497,0
1.9,57,26,10498,0
1.9333333,58,26,10499,0
1.9666667,59,26,10500,0
2.0,60,26,10501,0
2.0333333,61,26,10502,0
2.0666666,62,26,10503,0
2.1,63,26,10504,0
2.1333334,64,26,10505,0
2.1666667,65,26,10506,0
2.2,66,26,10507,0
2.2333333,67,26,10508,0
2.2666667,68,26,10509,0
2.3,69,26,10510,0
2.3333333,70,26,10511,0
2.3666666,71,26,10512,0
2.4,72,26,10513,0
2.4333334,73,26,10514,0
2.4666667,74,26,10515,0
2.5,75,26,10516,0
2.5333333,76,26,10517,0
2.5666666,77,26,10518,0
2.6,78,26,10519,0
2.6333334,79,26,10520,0
2.6666667,80,26,10521,0
2.7,81,26,10522,0
2.7333333,82,26,10523,0
2.7666667,83,26,10524,0
2.8,84,26,10525,0
2.8333333,85,26,10526,0
2.8666666,86,26,10527,0
2.9,87,26,10528,0
2.9333334,88,26,10529,0
2.9666667,89,26,10530,0
3.0,90,26,10531,0
3.0333333,91,26,10532,0
3.0666666,92,26,10533,0
3.1,93,26,10534,0
3.1333334,94,26,10535,0
3.1666667,95,26,10536,0
3.2,96,26,10537,0
3.2333333,97,26,10538,0
3.2666667,98,26,10539,0
3.3,99,26,10540,0
3.3333333,100,26,10541,0
3.3666666,101,26,10542,0
3.4,102,26,10543,0
3.4333334,103,26,10544,0
3.4666667,104,26,10545,0
3.5,105,26,10546,0
3.5333333,106,26,10547,0
3.5666666,107,26,10548,0
3.6,108,26,10549,0
3.6333334,109,26,10550,0
3.6666667,110,26,10551,0
3.7,111,26,10552,0
3.7333333,112,26,10553,0
3.7666667,113,26,10554,0
3.8,114,26,10555,0
3.8333333,115,26,10556,0
3.8666666,116,26,10557,0
3.9,117,26,10558,0
3.9333334,118,26,10559,0
3.9666667,119,26,10560,0
4.0,120,26,10561,0
4.0333333,121,26,10562,0
4.0666666,122,26,10563,0
4.1,123,26,10564,0
4.133333,124,26,10565,0
4.1666665,125,26,10566,0
4.2,126,26,10567,0
4.233333,127,26,10568,0
4.266667,128,26,10569,0
4.3,129,26,10570,0
4.3333335,130,26,10571,0
4.366667,131,26,10572,0
4.4,132,26,10573,0
4.4333334,133,26,10574,0
4.4666667,134,26,10575,0
4.5,135,26,10576,0
4.5333333,136,26,10577,0
4.5666666,137,26,10578,0
4.6,138,26,10579,0
4.633333,139,26,10580,0
4.6666665,140,26,10581,0
4.7,141,26,10582,0
4.733333,142,26,10583,0
4.766667,143,26,10584,0
4.8,144,26,10585,0
4.8333335,145,26,10586,0
4.866667,146,26,10587,0
4.9,147,26,10588,0
4.9333334,148,26,10589,0
4.9666667,149,26,10590,0
5.0,150,26,10591,0
5.0333333,151,26,10592,0
5.0666666,152,26,10593,0
5.1,153,26,10594,0
5.133333,154,26,10595,0
5.1666665,155,26,10596,0
5.2,156,26,10597,0
5.233333,157,26,10598,0
5.266667,158,26,10599,0
5.3,159,26,10600,0
5.3333335,160,26,10601,0
5.366667,161,26,10602,0
5.4,162,26,10603,0
5.4333334,163,26,10604,0
5.4666667,164,26,10605,0
5.5,165,26,10606,0
5.5333333,166,26,10607,0
5.5666666,167,26,10608,0
5.6,168,26,10609,0
5.633333,169,26,10610,0
5.6666665,170,26,10611,0
5.7,171,26,10612,0
5.733333,172,26,10613,0
5.766667,173,26,10614,0
5.8,174,26,10615,0
5.8333335,175,26,10616,0
5.866667,176,26,10617,0
5.9,177,26,10618,0
5.9333334,178,26,10619,0
5.9666667,179,26,10620,0
6.0,180,26,10621,0
6.0333333,181,26,10622,0
6.0666666,182,26,10623,0
6.1,183,26,10624,0
6.133333,184,26,10625,0
6.1666665,185,26,10626,0
6.2,186,26,10627,0
6.233333,187,26,10628,0
6.266667,188,26,10629,0
6.3,189,26,10630,0
6.3333335,190,26,10631,0
6.366667,191,26,10632,0
6.4,192,26,10633,0
6.4333334,193,26,10634,0
6.4666667,194,26,10635,0
6.5,195,26,10636,0
6.5333333,196,26,10637,0
6.5666666,197,26,10638,0
6.6,198,26,10639,0
6.633333,199,26,10640,0
6.6666665,200,26,10641,0
6.7,201,26,10642,0
6.733333,202,26,10643,0
6.766667,203,26,10644,0
6.8,204,26,10645,0
6.8333335,205,26,10646,0
6.866667,206,26,10647,0
6.9,207,26,10648,0
6.9333334,208,26,10649,0
6.9666667,209,26,10650,0
7.0,210,26,10651,0
7.0333333,211,26,10652,0
7.0666666,212,26,10653,0
7.1,213,26,10654,0
7.133333,214,26,10655,0
7.1666665,215,26,10656,0
7.2,216,26,10657,0
7.233333,217,26,10658,0
7.266667,218,26,10659,0
7.3,219,26,10660,0
7.3333335,220,26,10661,0
7.366667,221,26,10662,0
7.4,222,26,10663,0
7.4333334,223,26,10664,0
7.4666667,224,26,10665,0
7.5,225,26,10666,0
7.5333333,226,26,10667,0
7.5666666,227,26,10668,0
7.6,228,26,10669,0
7.633333,229,26,10670,0
7.6666665,230,26,10671,0
7.7,231,26,10672,0
7.733333,232,26,10673,0
7.766667,233,26,10674,0
7.8,234,26,10675,0
7.8333335,235,26,10676,0
7.866667,236,26,10677,0
7.9,237,26,10678,0
7.9333334,238,26,10679,0
7.9666667,239,26,10680,0
8.0,240,26,10681,0
8.033334,241,26,10682,0
8.066667,242,26,10683,0
8.1,243,26,10684,0
8.133333,244,26,10685,0
8.166667,245,26,10686,0
8.2,246,26,10687,0
8.233334,247,26,10688,0
8.266666,248,26,10689,0
8.3,249,26,10690,0
8.333333,250,26,10691,0
8.366667,251,26,10692,0
8.4,252,26,10693,0
8.433333,253,26,10694,0
8.466666,254,26,10695,0
8.5,255,26,10696,0
8.533334,256,26,10697,0
8.566667,257,26,10698,0
8.6,258,26,10699,0
8.633333,259,26,10700,0
8.666667,260,26,10701,0
8.7,261,26,10702,0
8.733334,262,26,10703,0
8.766666,263,26,10704,0
8.8,264,26,10705,0
8.833333,265,26,10706,0
8.866667,266,26,10707,0
8.9,267,26,10708,0
8.933333,268,26,10709,0
8.966666,269,26,10710,0
9.0,270,26,10711,0
9.033334,271,26,10712,0
9.066667,272,26,10713,0
9.1,273,26,10714,0
9.133333,274,26,10715,0
9.166667,275,26,10716,0
9.2,276,26,10717,0
9.233334,277,26,10718,0
9.266666,278,26,10719,0
9.3,279,26,10720,0
9.333333,280,26,10721,0
9.366667,281,26,10722,0
9.4,282,26,10723,0
9.433333,283,26,10724,0
9.466666,284,26,10725,0
9.5,285,26,10726,0
9.533334,286,26,10727,0
9.566667,287,26,10728,0
9.6,288,26,10729,0
9.633333,289,26,10730,0
9.666667,290,26,10731,0
9.7,291,26,10732,0
9.733334,292,26,10733,0
9.766666,293,26,10734,0
9.8,294,26,10735,0
9.833333,295,26,10736,0
9.866667,296,26,10737,0
9.9,297,26,10738,0
9.933333,298,26,10739,0
9.966666,299,26,10740,0
10.0,300,26,10741,0
10.033334,301,26,10742,0
10.066667,302,26,10743,0
10.1,303,26,10744,0
10.133333,304,26,10745,0
10.166667,305,26,10746,0
10.2,306,26,10747,0
10.233334,307,26,10748,0
10.266666,308,26,10749,0
10.3,309,26,10750,0
10.333333,310,26,10751,0
10.366667,311,26,10752,0
10.4,312,26,10753,0
10.433333,313,26,10754,0
10.466666,314,26,10755,0
10.5,315,26,10756,0
10.533334,316,26,10757,0
10.566667,317,26,10758,0
10.6,318,26,10759,0
10.633333,319,26,10760,0
10.666667,320,26,10761,0
10.7,321,26,10762,0
10.733334,322,26,10763,0
10.766666,323,26,10764,0
10.8,324,26,10765,0
10.833333,325,26,10766,0
10.866667,326,26,10767,0
10.9,327,26,10768,0
10.933333,328,26,10769,0
10.966666,329,26,10770,0
11.0,330,26,10771,0
11.033334,331,26,10772,0
11.066667,332,26,10773,0
11.1,333,26,10774,0
11.133333,334,26,10775,0
11.166667,335,26,10776,0
11.2,336,26,10777,0
11.233334,337,26,10778,0
11.266666,338,26,10779,0
11.3,339,26,10780,0
11.333333,340,26,10781,0
11.366667,341,26,10782,0
11.4,342,26,10783,0
11.433333,343,26,10784,0
11.466666,344,26,10785,0
11.5,345,26,10786,0
11.533334,346,26,10787,0
11.566667,347,26,10788,0
11.6,348,26,10789,0
11.633333,349,26,10790,0
11.666667,350,26,10791,0
11.7,351,26,10792,0
11.733334,352,26,10793,0
11.766666,353,26,10794,0
11.8,354,26,10795,0
11.833333,355,26,10796,0
11.866667,356,26,10797,0
11.9,357,26,10798,0
11.933333,358,26,10799,0
11.966666,359,26,10800,0
12.0,360,26,10801,0
12.033334,361,26,10802,0
12.066667,362,26,10803,0
12.1,363,26,10804,0
12.133333,364,26,10805,0
12.166667,365,26,10806,0
12.2,366,26,10807,0
12.233334,367,26,10808,0
12.266666,368,26,10809,0
12.3,369,26,10810,0
12.333333,370,26,10811,0
12.366667,371,26,10812,0
12.4,372,26,10813,0
12.433333,373,26,10814,0
12.466666,374,26,10815,0
12.5,375,26,10816,0
12.533334,376,26,10817,0
12.566667,377,26,10818,0
12.6,378,26,10819,0
12.633333,379,26,10820,0
12.666667,380,26,10821,0
12.7,381,26,10822,0
12.733334,382,26,10823,0
12.766666,383,26,10824,0
12.8,384,26,10825,0
12.833333,385,26,10826,0
12.866667,386,26,10827,0
12.9,387,26,10828,0
12.933333,388,26,10829,0
12.966666,389,26,10830,0
13.0,390,26,10831,0
13.033334,391,26,10832,0
13.066667,392,26,10833,0
13.1,393,26,10834,0
13.133333,394,26,10835,0
13.166667,395,26,10836,0
13.2,396,26,10837,0
13.233334,397,26,10838,0
13.266666,398,26,10839,0
13.3,399,26,10840,0
13.333333,400,26,10841,0
13.366667,401,26,10842,0
13.4,402,26,10843,0
13.433333,403,26,10844,0
13.466666,404,26,10845,0
13.5,405,26,10846,0
13.533334,406,26,10847,0
13.566667,407,26,10848,0
13.6,408,26,10849,0
0.0,0,27,10850,0
0.033333335,1,27,10851,0
0.06666667,2,27,10852,0
0.1,3,27,10853,0
0.13333334,4,27,10854,0
0.16666667,5,27,10855,0
0.2,6,27,10856,0
0.23333333,7,27,10857,0
0.26666668,8,27,10858,0
0.3,9,27,10859,0
0.33333334,10,27,10860,0
0.36666667,11,27,10861,0
0.4,12,27,10862,0
0.43333334,13,27,10863,0
0.46666667,14,27,10864,0
0.5,15,27,10865,0
0.53333336,16,27,10866,0
0.56666666,17,27,10867,0
0.6,18,27,10868,0
0.6333333,19,27,10869,0
0.6666667,20,27,10870,0
0.7,21,27,10871,0
0.73333335,22,27,10872,0
0.76666665,23,27,10873,0
0.8,24,27,10874,0
0.8333333,25,27,10875,0
0.8666667,26,27,10876,0
0.9,27,27,10877,0
0.93333334,28,27,10878,0
0.96666664,29,27,10879,0
1.0,30,27,10880,0
1.0333333,31,27,10881,0
1.0666667,32,27,10882,0
1.1,33,27,10883,0
1.1333333,34,27,10884,0
1.1666666,35,27,10885,0
1.2,36,27,10886,0
1.2333333,37,27,10887,0
1.2666667,38,27,10888,0
1.3,39,27,10889,0
1.3333334,40,27,10890,0
1.3666667,41,27,10891,0
1.4,42,27,10892,0
1.4333333,43,27,10893,0
1.4666667,44,27,10894,0
1.5,45,27,10895,0
1.5333333,46,27,10896,0
1.5666667,47,27,10897,0
1.6,48,27,10898,0
1.6333333,49,27,10899,0
1.6666666,50,27,10900,0
1.7,51,27,10901,0
1.7333333,52,27,10902,0
1.7666667,53,27,10903,0
1.8,54,27,10904,0
1.8333334,55,27,10905,0
1.8666667,56,27,10906,0
1.9,57,27,10907,0
1.9333333,58,27,10908,0
1.9666667,59,27,10909,0
2.0,60,27,10910,0
2.0333333,61,27,10911,0
2.0666666,62,27,10912,0
2.1,63,27,10913,0
2.1333334,64,27,10914,0
2.1666667,65,27,10915,0
2.2,66,27,10916,0
2.2333333,67,27,10917,0
2.2666667,68,27,10918,0
2.3,69,27,10919,0
2.3333333,70,27,10920,0
2.3666666,71,27,10921,0
2.4,72,27,10922,0
2.4333334,73,27,10923,0
2.4666667,74,27,10924,0
2.5,75,27,10925,0
2.5333333,76,27,10926,0
2.5666666,77,27,10927,0
2.6,78,27,10928,0
2.6333334,79,27,10929,0
2.6666667,80,27,10930,0
2.7,81,27,10931,0
2.7333333,82,27,10932,0
2.7666667,83,27,10933,0
2.8,84,27,10934,0
2.8333333,85,27,10935,0
2.8666666,86,27,10936,0
2.9,87,27,10937,0
2.9333334,88,27,10938,0
2.9666667,89,27,10939,0
3.0,90,27,10940,0
3.0333333,91,27,10941,0
3.0666666,92,27,10942,0
3.1,93,27,10943,0
3.1333334,94,27,10944,0
3.1666667,95,27,10945,0
3.2,96,27,10946,0
3.2333333,97,27,10947,0
3.2666667,98,27,10948,0
3.3,99,27,10949,0
3.3333333,100,27,10950,0
3.3666666,101,27,10951,0
3.4,102,27,10952,0
3.4333334,103,27,10953,0
3.4666667,104,27,10954,0
3.5,105,27,10955,0
3.5333333,106,27,10956,0
3.5666666,107,27,10957,0
3.6,108,27,10958,0
3.6333334,109,27,10959,0
3.6666667,110,27,10960,0
3.7,111,27,10961,0
3.7333333,112,27,10962,0
3.7666667,113,27,10963,0
3.8,114,27,10964,0
3.8333333,115,27,10965,0
3.8666666,116,27,10966,0
3.9,117,27,10967,0
3.9333334,118,27,10968,0
3.9666667,119,27,10969,0
4.0,120,27,10970,0
4.0333333,121,27,10971,0
4.0666666,122,27,10972,0
4.1,123,27,10973,0
4.133333,124,27,10974,0
4.1666665,125,27,10975,0
4.2,126,27,10976,0
4.233333,127,27,10977,0
4.266667,128,27,10978,0
4.3,129,27,10979,0
4.3333335,130,27,10980,0
4.366667,131,27,10981,0
4.4,132,27,10982,0
4.4333334,133,27,10983,0
4.4666667,134,27,10984,0
4.5,135,27,10985,0
4.5333333,136,27,10986,0
4.5666666,137,27,10987,0
4.6,138,27,10988,0
4.633333,139,27,10989,0
4.6666665,140,27,10990,0
4.7,141,27,10991,0
4.733333,142,27,10992,0
4.766667,143,27,10993,0
4.8,144,27,10994,0
4.8333335,145,27,10995,0
4.866667,146,27,10996,0
4.9,147,27,10997,0
4.9333334,148,27,10998,0
4.9666667,149,27,10999,0
5.0,150,27,11000,0
5.0333333,151,27,11001,0
5.0666666,152,27,11002,0
5.1,153,27,11003,0
5.133333,154,27,11004,0
5.1666665,155,27,11005,0
5.2,156,27,11006,0
5.233333,157,27,11007,0
5.266667,158,27,11008,0
5.3,159,27,11009,0
5.3333335,160,27,11010,0
5.366667,161,27,11011,0
5.4,162,27,11012,0
5.4333334,163,27,11013,0
5.4666667,164,27,11014,0
5.5,165,27,11015,0
5.5333333,166,27,11016,0
5.5666666,167,27,11017,0
5.6,168,27,11018,0
5.633333,169,27,11019,0
5.6666665,170,27,11020,0
5.7,171,27,11021,0
5.733333,172,27,11022,0
5.766667,173,27,11023,0
5.8,174,27,11024,0
5.8333335,175,27,11025,0
5.866667,176,27,11026,0
5.9,177,27,11027,0
5.9333334,178,27,11028,0
5.9666667,179,27,11029,0
6.0,180,27,11030,0
6.0333333,181,27,11031,0
6.0666666,182,27,11032,0
6.1,183,27,11033,0
6.133333,184,27,11034,0
6.1666665,185,27,11035,0
6.2,186,27,11036,0
6.233333,187,27,11037,0
6.266667,188,27,11038,0
6.3,189,27,11039,0
6.3333335,190,27,11040,0
6.366667,191,27,11041,0
6.4,192,27,11042,0
6.4333334,193,27,11043,0
6.4666667,194,27,11044,0
6.5,195,27,11045,0
6.5333333,196,27,11046,0
6.5666666,197,27,11047,0
6.6,198,27,11048,0
6.633333,199,27,11049,0
6.6666665,200,27,11050,0
6.7,201,27,11051,0
6.733333,202,27,11052,0
6.766667,203,27,11053,0
6.8,204,27,11054,0
6.8333335,205,27,11055,0
6.866667,206,27,11056,0
6.9,207,27,11057,0
6.9333334,208,27,11058,0
6.9666667,209,27,11059,0
7.0,210,27,11060,0
7.0333333,211,27,11061,0
7.0666666,212,27,11062,0
7.1,213,27,11063,0
7.133333,214,27,11064,0
7.1666665,215,27,11065,0
7.2,216,27,11066,0
7.233333,217,27,11067,0
7.266667,218,27,11068,0
7.3,219,27,11069,0
7.3333335,220,27,11070,0
7.366667,221,27,11071,0
7.4,222,27,11072,0
7.4333334,223,27,11073,0
7.4666667,224,27,11074,0
7.5,225,27,11075,0
7.5333333,226,27,11076,0
7.5666666,227,27,11077,0
7.6,228,27,11078,0
7.633333,229,27,11079,0
7.6666665,230,27,11080,0
7.7,231,27,11081,0
7.733333,232,27,11082,0
7.766667,233,27,11083,0
7.8,234,27,11084,0
7.8333335,235,27,11085,0
7.866667,236,27,11086,0
7.9,237,27,11087,0
7.9333334,238,27,11088,0
7.9666667,239,27,11089,0
8.0,240,27,11090,0
8.033334,241,27,11091,0
8.066667,242,27,11092,0
8.1,243,27,11093,0
8.133333,244,27,11094,0
8.166667,245,27,11095,0
8.2,246,27,11096,0
8.233334,247,27,11097,0
8.266666,248,27,11098,0
8.3,249,27,11099,0
8.333333,250,27,11100,0
8.366667,251,27,11101,0
8.4,252,27,11102,0
8.433333,253,27,11103,0
8.466666,254,27,11104,0
8.5,255,27,11105,0
8.533334,256,27,11106,0
8.566667,257,27,11107,0
8.6,258,27,11108,0
8.633333,259,27,11109,0
8.666667,260,27,11110,0
8.7,261,27,11111,0
8.733334,262,27,11112,0
8.766666,263,27,11113,0
8.8,264,27,11114,0
8.833333,265,27,11115,0
8.866667,266,27,11116,0
8.9,267,27,11117,0
8.933333,268,27,11118,0
8.966666,269,27,11119,0
9.0,270,27,11120,0
9.033334,271,27,11121,0
9.066667,272,27,11122,0
9.1,273,27,11123,0
9.133333,274,27,11124,0
9.166667,275,27,11125,0
9.2,276,27,11126,0
9.233334,277,27,11127,0
9.266666,278,27,11128,0
9.3,279,27,11129,0
9.333333,280,27,11130,0
9.366667,281,27,11131,0
9.4,282,27,11132,0
9.433333,283,27,11133,0
9.466666,284,27,11134,0
9.5,285,27,11135,0
9.533334,286,27,11136,0
9.566667,287,27,11137,0
9.6,288,27,11138,0
9.633333,289,27,11139,0
9.666667,290,27,11140,0
9.7,291,27,11141,0
9.733334,292,27,11142,0
9.766666,293,27,11143,0
9.8,294,27,11144,0
9.833333,295,27,11145,0
9.866667,296,27,11146,0
9.9,297,27,11147,0
9.933333,298,27,11148,0
9.966666,299,27,11149,0
10.0,300,27,11150,0
10.033334,301,27,11151,0
10.066667,302,27,11152,0
10.1,303,27,11153,0
10.133333,304,27,11154,0
10.166667,305,27,11155,0
10.2,306,27,11156,0
10.233334,307,27,11157,0
10.266666,308,27,11158,0
10.3,309,27,11159,0
10.333333,310,27,11160,0
10.366667,311,27,11161,0
10.4,312,27,11162,0
10.433333,313,27,11163,0
10.466666,314,27,11164,0
10.5,315,27,11165,0
10.533334,316,27,11166,0
10.566667,317,27,11167,0
10.6,318,27,11168,0
10.633333,319,27,11169,0
10.666667,320,27,11170,0
10.7,321,27,11171,0
10.733334,322,27,11172,0
10.766666,323,27,11173,0
10.8,324,27,11174,0
10.833333,325,27,11175,0
10.866667,326,27,11176,0
10.9,327,27,11177,0
10.933333,328,27,11178,0
10.966666,329,27,11179,0
11.0,330,27,11180,0
11.033334,331,27,11181,0
11.066667,332,27,11182,0
11.1,333,27,11183,0
11.133333,334,27,11184,0
11.166667,335,27,11185,0
11.2,336,27,11186,0
11.233334,337,27,11187,0
11.266666,338,27,11188,0
11.3,339,27,11189,0
11.333333,340,27,11190,0
11.366667,341,27,11191,0
11.4,342,27,11192,0
11.433333,343,27,11193,0
11.466666,344,27,11194,0
11.5,345,27,11195,0
11.533334,346,27,11196,0
11.566667,347,27,11197,0
11.6,348,27,11198,0
11.633333,349,27,11199,0
11.666667,350,27,11200,0
11.7,351,27,11201,0
11.733334,352,27,11202,0
11.766666,353,27,11203,0
11.8,354,27,11204,0
11.833333,355,27,11205,0
11.866667,356,27,11206,0
11.9,357,27,11207,0
11.933333,358,27,11208,0
11.966666,359,27,11209,0
12.0,360,27,11210,0
12.033334,361,27,11211,0
12.066667,362,27,11212,0
12.1,363,27,11213,0
12.133333,364,27,11214,0
12.166667,365,27,11215,0
12.2,366,27,11216,0
12.233334,367,27,11217,0
12.266666,368,27,11218,0
12.3,369,27,11219,0
12.333333,370,27,11220,0
12.366667,371,27,11221,0
12.4,372,27,11222,0
12.433333,373,27,11223,0
12.466666,374,27,11224,0
12.5,375,27,11225,0
12.533334,376,27,11226,0
12.566667,377,27,11227,0
12.6,378,27,11228,0
12.633333,379,27,11229,0
12.666667,380,27,11230,0
12.7,381,27,11231,0
12.733334,382,27,11232,0
12.766666,383,27,11233,0
12.8,384,27,11234,0
12.833333,385,27,11235,0
12.866667,386,27,11236,0
12.9,387,27,11237,0
12.933333,388,27,11238,0
12.966666,389,27,11239,0
13.0,390,27,11240,0
13.033334,391,27,11241,0
13.066667,392,27,11242,0
13.1,393,27,11243,0
0.0,0,28,11244,0
0.033333335,1,28,11245,0
0.06666667,2,28,11246,0
0.1,3,28,11247,0
0.13333334,4,28,11248,0
0.16666667,5,28,11249,0
0.2,6,28,11250,0
0.23333333,7,28,11251,0
0.26666668,8,28,11252,0
0.3,9,28,11253,0
0.33333334,10,28,11254,0
0.36666667,11,28,11255,0
0.4,12,28,11256,0
0.43333334,13,28,11257,0
0.46666667,14,28,11258,0
0.5,15,28,11259,0
0.53333336,16,28,11260,0
0.56666666,17,28,11261,0
0.6,18,28,11262,0
0.6333333,19,28,11263,0
0.6666667,20,28,11264,0
0.7,21,28,11265,0
0.73333335,22,28,11266,0
0.76666665,23,28,11267,0
0.8,24,28,11268,0
0.8333333,25,28,11269,0
0.8666667,26,28,11270,0
0.9,27,28,11271,0
0.93333334,28,28,11272,0
0.96666664,29,28,11273,0
1.0,30,28,11274,0
1.0333333,31,28,11275,0
1.0666667,32,28,11276,0
1.1,33,28,11277,0
1.1333333,34,28,11278,0
1.1666666,35,28,11279,0
1.2,36,28,11280,0
1.2333333,37,28,11281,0
1.2666667,38,28,11282,0
1.3,39,28,11283,0
1.3333334,40,28,11284,0
1.3666667,41,28,11285,0
1.4,42,28,11286,0
1.4333333,43,28,11287,0
1.4666667,44,28,11288,0
1.5,45,28,11289,0
1.5333333,46,28,11290,0
1.5666667,47,28,11291,0
1.6,48,28,11292,0
1.6333333,49,28,11293,0
1.6666666,50,28,11294,0
1.7,51,28,11295,0
1.7333333,52,28,11296,0
1.7666667,53,28,11297,0
1.8,54,28,11298,0
1.8333334,55,28,11299,0
1.8666667,56,28,11300,0
1.9,57,28,11301,0
1.9333333,58,28,11302,0
1.9666667,59,28,11303,0
2.0,60,28,11304,0
2.0333333,61,28,11305,0
2.0666666,62,28,11306,0
2.1,63,28,11307,0
2.1333334,64,28,11308,0
2.1666667,65,28,11309,0
2.2,66,28,11310,0
2.2333333,67,28,11311,0
2.2666667,68,28,11312,0
2.3,69,28,11313,0
2.3333333,70,28,11314,0
2.3666666,71,28,11315,0
2.4,72,28,11316,0
2.4333334,73,28,11317,0
2.4666667,74,28,11318,0
2.5,75,28,11319,0
2.5333333,76,28,11320,0
2.5666666,77,28,11321,0
2.6,78,28,11322,0
2.6333334,79,28,11323,0
2.6666667,80,28,11324,0
2.7,81,28,11325,0
2.7333333,82,28,11326,0
2.7666667,83,28,11327,0
2.8,84,28,11328,0
2.8333333,85,28,11329,0
2.8666666,86,28,11330,0
2.9,87,28,11331,0
2.9333334,88,28,11332,0
2.9666667,89,28,11333,0
3.0,90,28,11334,0
3.0333333,91,28,11335,0
3.0666666,92,28,11336,0
3.1,93,28,11337,0
3.1333334,94,28,11338,0
3.1666667,95,28,11339,0
3.2,96,28,11340,0
3.2333333,97,28,11341,0
3.2666667,98,28,11342,0
3.3,99,28,11343,0
3.3333333,100,28,11344,0
3.3666666,101,28,11345,0
3.4,102,28,11346,0
3.4333334,103,28,11347,0
3.4666667,104,28,11348,0
3.5,105,28,11349,0
3.5333333,106,28,11350,0
3.5666666,107,28,11351,0
3.6,108,28,11352,0
3.6333334,109,28,11353,0
3.6666667,110,28,11354,0
3.7,111,28,11355,0
3.7333333,112,28,11356,0
3.7666667,113,28,11357,0
3.8,114,28,11358,0
3.8333333,115,28,11359,0
3.8666666,116,28,11360,0
3.9,117,28,11361,0
3.9333334,118,28,11362,0
3.9666667,119,28,11363,0
4.0,120,28,11364,0
4.0333333,121,28,11365,0
4.0666666,122,28,11366,0
4.1,123,28,11367,0
4.133333,124,28,11368,0
4.1666665,125,28,11369,0
4.2,126,28,11370,0
4.233333,127,28,11371,0
4.266667,128,28,11372,0
4.3,129,28,11373,0
4.3333335,130,28,11374,0
4.366667,131,28,11375,0
4.4,132,28,11376,0
4.4333334,133,28,11377,0
4.4666667,134,28,11378,0
4.5,135,28,11379,0
4.5333333,136,28,11380,0
4.5666666,137,28,11381,0
4.6,138,28,11382,0
4.633333,139,28,11383,0
4.6666665,140,28,11384,0
4.7,141,28,11385,0
4.733333,142,28,11386,0
4.766667,143,28,11387,0
4.8,144,28,11388,0
4.8333335,145,28,11389,0
4.866667,146,28,11390,0
4.9,147,28,11391,0
4.9333334,148,28,11392,0
4.9666667,149,28,11393,0
5.0,150,28,11394,0
5.0333333,151,28,11395,0
5.0666666,152,28,11396,0
5.1,153,28,11397,0
5.133333,154,28,11398,0
5.1666665,155,28,11399,0
5.2,156,28,11400,0
5.233333,157,28,11401,0
5.266667,158,28,11402,0
5.3,159,28,11403,0
5.3333335,160,28,11404,0
5.366667,161,28,11405,0
5.4,162,28,11406,0
5.4333334,163,28,11407,0
5.4666667,164,28,11408,0
5.5,165,28,11409,0
5.5333333,166,28,11410,0
5.5666666,167,28,11411,0
5.6,168,28,11412,0
5.633333,169,28,11413,0
5.6666665,170,28,11414,0
5.7,171,28,11415,0
5.733333,172,28,11416,0
5.766667,173,28,11417,0
5.8,174,28,11418,0
5.8333335,175,28,11419,0
5.866667,176,28,11420,0
5.9,177,28,11421,0
5.9333334,178,28,11422,0
5.9666667,179,28,11423,0
6.0,180,28,11424,0
6.0333333,181,28,11425,0
6.0666666,182,28,11426,0
6.1,183,28,11427,0
6.133333,184,28,11428,0
6.1666665,185,28,11429,0
6.2,186,28,11430,0
6.233333,187,28,11431,0
6.266667,188,28,11432,0
6.3,189,28,11433,0
6.3333335,190,28,11434,0
6.366667,191,28,11435,0
6.4,192,28,11436,0
6.4333334,193,28,11437,0
6.4666667,194,28,11438,0
6.5,195,28,11439,0
6.5333333,196,28,11440,0
6.5666666,197,28,11441,0
6.6,198,28,11442,0
6.633333,199,28,11443,0
6.6666665,200,28,11444,0
6.7,201,28,11445,0
6.733333,202,28,11446,0
6.766667,203,28,11447,0
6.8,204,28,11448,0
6.8333335,205,28,11449,0
6.866667,206,28,11450,0
6.9,207,28,11451,0
6.9333334,208,28,11452,0
6.9666667,209,28,11453,0
7.0,210,28,11454,0
7.0333333,211,28,11455,0
7.0666666,212,28,11456,0
7.1,213,28,11457,0
7.133333,214,28,11458,0
7.1666665,215,28,11459,0
7.2,216,28,11460,0
7.233333,217,28,11461,0
7.266667,218,28,11462,0
7.3,219,28,11463,0
7.3333335,220,28,11464,0
7.366667,221,28,11465,0
7.4,222,28,11466,0
7.4333334,223,28,11467,0
7.4666667,224,28,11468,0
7.5,225,28,11469,0
7.5333333,226,28,11470,0
7.5666666,227,28,11471,0
7.6,228,28,11472,0
7.633333,229,28,11473,0
7.6666665,230,28,11474,0
7.7,231,28,11475,0
7.733333,232,28,11476,0
7.766667,233,28,11477,0
7.8,234,28,11478,0
7.8333335,235,28,11479,0
7.866667,236,28,11480,0
7.9,237,28,11481,0
7.9333334,238,28,11482,0
7.9666667,239,28,11483,0
8.0,240,28,11484,0
8.033334,241,28,11485,0
8.066667,242,28,11486,0
8.1,243,28,11487,0
8.133333,244,28,11488,0
8.166667,245,28,11489,0
8.2,246,28,11490,0
8.233334,247,28,11491,0
8.266666,248,28,11492,0
8.3,249,28,11493,0
8.333333,250,28,11494,0
8.366667,251,28,11495,0
8.4,252,28,11496,0
8.433333,253,28,11497,0
8.466666,254,28,11498,0
8.5,255,28,11499,0
8.533334,256,28,11500,0
8.566667,257,28,11501,0
8.6,258,28,11502,0
8.633333,259,28,11503,0
8.666667,260,28,11504,0
8.7,261,28,11505,0
8.733334,262,28,11506,0
8.766666,263,28,11507,0
8.8,264,28,11508,0
8.833333,265,28,11509,0
8.866667,266,28,11510,0
8.9,267,28,11511,0
8.933333,268,28,11512,0
8.966666,269,28,11513,0
9.0,270,28,11514,0
9.033334,271,28,11515,0
9.066667,272,28,11516,0
9.1,273,28,11517,0
9.133333,274,28,11518,0
9.166667,275,28,11519,0
9.2,276,28,11520,0
9.233334,277,28,11521,0
9.266666,278,28,11522,0
9.3,279,28,11523,0
9.333333,280,28,11524,0
9.366667,281,28,11525,0
9.4,282,28,11526,0
9.433333,283,28,11527,0
9.466666,284,28,11528,0
9.5,285,28,11529,0
9.533334,286,28,11530,0
9.566667,287,28,11531,0
9.6,288,28,11532,0
9.633333,289,28,11533,0
9.666667,290,28,11534,0
9.7,291,28,11535,0
9.733334,292,28,11536,0
9.766666,293,28,11537,0
9.8,294,28,11538,0
9.833333,295,28,11539,0
9.866667,296,28,11540,0
9.9,297,28,11541,0
9.933333,298,28,11542,0
9.966666,299,28,11543,0
10.0,300,28,11544,0
10.033334,301,28,11545,0
10.066667,302,28,11546,0
10.1,303,28,11547,0
10.133333,304,28,11548,0
10.166667,305,28,11549,0
10.2,306,28,11550,0
10.233334,307,28,11551,0
10.266666,308,28,11552,0
10.3,309,28,11553,0
10.333333,310,28,11554,0
10.366667,311,28,11555,0
10.4,312,28,11556,0
10.433333,313,28,11557,0
10.466666,314,28,11558,0
10.5,315,28,11559,0
10.533334,316,28,11560,0
10.566667,317,28,11561,0
10.6,318,28,11562,0
10.633333,319,28,11563,0
10.666667,320,28,11564,0
10.7,321,28,11565,0
10.733334,322,28,11566,0
10.766666,323,28,11567,0
10.8,324,28,11568,0
10.833333,325,28,11569,0
10.866667,326,28,11570,0
10.9,327,28,11571,0
10.933333,328,28,11572,0
10.966666,329,28,11573,0
11.0,330,28,11574,0
11.033334,331,28,11575,0
11.066667,332,28,11576,0
11.1,333,28,11577,0
11.133333,334,28,11578,0
11.166667,335,28,11579,0
11.2,336,28,11580,0
11.233334,337,28,11581,0
11.266666,338,28,11582,0
11.3,339,28,11583,0
11.333333,340,28,11584,0
11.366667,341,28,11585,0
11.4,342,28,11586,0
11.433333,343,28,11587,0
11.466666,344,28,11588,0
11.5,345,28,11589,0
11.533334,346,28,11590,0
11.566667,347,28,11591,0
11.6,348,28,11592,0
11.633333,349,28,11593,0
11.666667,350,28,11594,0
11.7,351,28,11595,0
11.733334,352,28,11596,0
11.766666,353,28,11597,0
11.8,354,28,11598,0
11.833333,355,28,11599,0
11.866667,356,28,11600,0
11.9,357,28,11601,0
11.933333,358,28,11602,0
11.966666,359,28,11603,0
12.0,360,28,11604,0
12.033334,361,28,11605,0
12.066667,362,28,11606,0
12.1,363,28,11607,0
12.133333,364,28,11608,0
12.166667,365,28,11609,0
12.2,366,28,11610,0
12.233334,367,28,11611,0
12.266666,368,28,11612,0
12.3,369,28,11613,0
12.333333,370,28,11614,0
12.366667,371,28,11615,0
12.4,372,28,11616,0
12.433333,373,28,11617,0
12.466666,374,28,11618,0
12.5,375,28,11619,0
12.533334,376,28,11620,0
12.566667,377,28,11621,0
12.6,378,28,11622,0
12.633333,379,28,11623,0
12.666667,380,28,11624,0
12.7,381,28,11625,0
12.733334,382,28,11626,0
12.766666,383,28,11627,0
12.8,384,28,11628,0
12.833333,385,28,11629,0
12.866667,386,28,11630,0
12.9,387,28,11631,0
12.933333,388,28,11632,0
12.966666,389,28,11633,0
13.0,390,28,11634,0
13.033334,391,28,11635,0
13.066667,392,28,11636,0
13.1,393,28,11637,0
13.133333,394,28,11638,0
13.166667,395,28,11639,0
13.2,396,28,11640,0
13.233334,397,28,11641,0
13.266666,398,28,11642,0
13.3,399,28,11643,0
13.333333,400,28,11644,0
13.366667,401,28,11645,0
13.4,402,28,11646,0
13.433333,403,28,11647,0
13.466666,404,28,11648,0
13.5,405,28,11649,0
0.0,0,29,11650,0
0.033333335,1,29,11651,0
0.06666667,2,29,11652,0
0.1,3,29,11653,0
0.13333334,4,29,11654,0
0.16666667,5,29,11655,0
0.2,6,29,11656,0
0.23333333,7,29,11657,0
0.26666668,8,29,11658,0
0.3,9,29,11659,0
0.33333334,10,29,11660,0
0.36666667,11,29,11661,0
0.4,12,29,11662,0
0.43333334,13,29,11663,0
0.46666667,14,29,11664,0
0.5,15,29,11665,0
0.53333336,16,29,11666,0
0.56666666,17,29,11667,0
0.6,18,29,11668,0
0.6333333,19,29,11669,0
0.6666667,20,29,11670,0
0.7,21,29,11671,0
0.73333335,22,29,11672,0
0.76666665,23,29,11673,0
0.8,24,29,11674,0
0.8333333,25,29,11675,0
0.8666667,26,29,11676,0
0.9,27,29,11677,0
0.93333334,28,29,11678,0
0.96666664,29,29,11679,0
1.0,30,29,11680,0
1.0333333,31,29,11681,0
1.0666667,32,29,11682,0
1.1,33,29,11683,0
1.1333333,34,29,11684,0
1.1666666,35,29,11685,0
1.2,36,29,11686,0
1.2333333,37,29,11687,0
1.2666667,38,29,11688,0
1.3,39,29,11689,0
1.3333334,40,29,11690,0
1.3666667,41,29,11691,0
1.4,42,29,11692,0
1.4333333,43,29,11693,0
1.4666667,44,29,11694,0
1.5,45,29,11695,0
1.5333333,46,29,11696,0
1.5666667,47,29,11697,0
1.6,48,29,11698,0
1.6333333,49,29,11699,0
1.6666666,50,29,11700,0
1.7,51,29,11701,0
1.7333333,52,29,11702,0
1.7666667,53,29,11703,0
1.8,54,29,11704,0
1.8333334,55,29,11705,0
1.8666667,56,29,11706,0
1.9,57,29,11707,0
1.9333333,58,29,11708,0
1.9666667,59,29,11709,0
2.0,60,29,11710,0
2.0333333,61,29,11711,0
2.0666666,62,29,11712,0
2.1,63,29,11713,0
2.1333334,64,29,11714,0
2.1666667,65,29,11715,0
2.2,66,29,11716,0
2.2333333,67,29,11717,0
2.2666667,68,29,11718,0
2.3,69,29,11719,0
2.3333333,70,29,11720,0
2.3666666,71,29,11721,0
2.4,72,29,11722,0
2.4333334,73,29,11723,0
2.4666667,74,29,11724,0
2.5,75,29,11725,0
2.5333333,76,29,11726,0
2.5666666,77,29,11727,0
2.6,78,29,11728,0
2.6333334,79,29,11729,0
2.6666667,80,29,11730,0
2.7,81,29,11731,0
2.7333333,82,29,11732,0
2.7666667,83,29,11733,0
2.8,84,29,11734,0
2.8333333,85,29,11735,0
2.8666666,86,29,11736,0
2.9,87,29,11737,0
2.9333334,88,29,11738,0
2.9666667,89,29,11739,0
3.0,90,29,11740,0
3.0333333,91,29,11741,0
3.0666666,92,29,11742,0
3.1,93,29,11743,0
3.1333334,94,29,11744,0
3.1666667,95,29,11745,0
3.2,96,29,11746,0
3.2333333,97,29,11747,0
3.2666667,98,29,11748,0
3.3,99,29,11749,0
3.3333333,100,29,11750,0
3.3666666,101,29,11751,0
3.4,102,29,11752,0
3.4333334,103,29,11753,0
3.4666667,104,29,11754,0
3.5,105,29,11755,0
3.5333333,106,29,11756,0
3.5666666,107,29,11757,0
3.6,108,29,11758,0
3.6333334,109,29,11759,0
3.6666667,110,29,11760,0
3.7,111,29,11761,0
3.7333333,112,29,11762,0
3.7666667,113,29,11763,0
3.8,114,29,11764,0
3.8333333,115,29,11765,0
3.8666666,116,29,11766,0
3.9,117,29,11767,0
3.9333334,118,29,11768,0
3.9666667,119,29,11769,0
4.0,120,29,11770,0
4.0333333,121,29,11771,0
4.0666666,122,29,11772,0
4.1,123,29,11773,0
4.133333,124,29,11774,0
4.1666665,125,29,11775,0
4.2,126,29,11776,0
4.233333,127,29,11777,0
4.266667,128,29,11778,0
4.3,129,29,11779,0
4.3333335,130,29,11780,0
4.366667,131,29,11781,0
4.4,132,29,11782,0
4.4333334,133,29,11783,0
4.4666667,134,29,11784,0
4.5,135,29,11785,0
4.5333333,136,29,11786,0
4.5666666,137,29,11787,0
4.6,138,29,11788,0
4.633333,139,29,11789,0
4.6666665,140,29,11790,0
4.7,141,29,11791,0
4.733333,142,29,11792,0
4.766667,143,29,11793,0
4.8,144,29,11794,0
4.8333335,145,29,11795,0
4.866667,146,29,11796,0
4.9,147,29,11797,0
4.9333334,148,29,11798,0
4.9666667,149,29,11799,0
5.0,150,29,11800,0
5.0333333,151,29,11801,0
5.0666666,152,29,11802,0
5.1,153,29,11803,0
5.133333,154,29,11804,0
5.1666665,155,29,11805,0
5.2,156,29,11806,0
5.233333,157,29,11807,0
5.266667,158,29,11808,0
5.3,159,29,11809,0
5.3333335,160,29,11810,0
5.366667,161,29,11811,0
5.4,162,29,11812,0
5.4333334,163,29,11813,0
5.4666667,164,29,11814,0
5.5,165,29,11815,0
5.5333333,166,29,11816,0
5.5666666,167,29,11817,0
5.6,168,29,11818,0
5.633333,169,29,11819,0
5.6666665,170,29,11820,0
5.7,171,29,11821,0
5.733333,172,29,11822,0
5.766667,173,29,11823,0
5.8,174,29,11824,0
5.8333335,175,29,11825,0
5.866667,176,29,11826,0
5.9,177,29,11827,0
5.9333334,178,29,11828,0
5.9666667,179,29,11829,0
6.0,180,29,11830,0
6.0333333,181,29,11831,0
6.0666666,182,29,11832,0
6.1,183,29,11833,0
6.133333,184,29,11834,0
6.1666665,185,29,11835,0
6.2,186,29,11836,0
6.233333,187,29,11837,0
6.266667,188,29,11838,0
6.3,189,29,11839,0
6.3333335,190,29,11840,0
6.366667,191,29,11841,0
6.4,192,29,11842,0
6.4333334,193,29,11843,0
6.4666667,194,29,11844,0
6.5,195,29,11845,0
6.5333333,196,29,11846,0
6.5666666,197,29,11847,0
6.6,198,29,11848,0
6.633333,199,29,11849,0
6.6666665,200,29,11850,0
6.7,201,29,11851,0
6.733333,202,29,11852,0
6.766667,203,29,11853,0
6.8,204,29,11854,0
6.8333335,205,29,11855,0
6.866667,206,29,11856,0
6.9,207,29,11857,0
6.9333334,208,29,11858,0
6.9666667,209,29,11859,0
7.0,210,29,11860,0
7.0333333,211,29,11861,0
7.0666666,212,29,11862,0
7.1,213,29,11863,0
7.133333,214,29,11864,0
7.1666665,215,29,11865,0
7.2,216,29,11866,0
7.233333,217,29,11867,0
7.266667,218,29,11868,0
7.3,219,29,11869,0
7.3333335,220,29,11870,0
7.366667,221,29,11871,0
7.4,222,29,11872,0
7.4333334,223,29,11873,0
7.4666667,224,29,11874,0
7.5,225,29,11875,0
7.5333333,226,29,11876,0
7.5666666,227,29,11877,0
7.6,228,29,11878,0
7.633333,229,29,11879,0
7.6666665,230,29,11880,0
7.7,231,29,11881,0
7.733333,232,29,11882,0
7.766667,233,29,11883,0
7.8,234,29,11884,0
7.8333335,235,29,11885,0
7.866667,236,29,11886,0
7.9,237,29,11887,0
7.9333334,238,29,11888,0
7.9666667,239,29,11889,0
8.0,240,29,11890,0
8.033334,241,29,11891,0
8.066667,242,29,11892,0
8.1,243,29,11893,0
8.133333,244,29,11894,0
8.166667,245,29,11895,0
8.2,246,29,11896,0
8.233334,247,29,11897,0
8.266666,248,29,11898,0
8.3,249,29,11899,0
8.333333,250,29,11900,0
8.366667,251,29,11901,0
8.4,252,29,11902,0
8.433333,253,29,11903,0
8.466666,254,29,11904,0
8.5,255,29,11905,0
8.533334,256,29,11906,0
8.566667,257,29,11907,0
8.6,258,29,11908,0
8.633333,259,29,11909,0
8.666667,260,29,11910,0
8.7,261,29,11911,0
8.733334,262,29,11912,0
8.766666,263,29,11913,0
8.8,264,29,11914,0
8.833333,265,29,11915,0
8.866667,266,29,11916,0
8.9,267,29,11917,0
8.933333,268,29,11918,0
8.966666,269,29,11919,0
9.0,270,29,11920,0
9.033334,271,29,11921,0
9.066667,272,29,11922,0
9.1,273,29,11923,0
9.133333,274,29,11924,0
9.166667,275,29,11925,0
9.2,276,29,11926,0
9.233334,277,29,11927,0
9.266666,278,29,11928,0
9.3,279,29,11929,0
9.333333,280,29,11930,0
9.366667,281,29,11931,0
9.4,282,29,11932,0
9.433333,283,29,11933,0
9.466666,284,29,11934,0
9.5,285,29,11935,0
9.533334,286,29,11936,0
9.566667,287,29,11937,0
9.6,288,29,11938,0
9.633333,289,29,11939,0
9.666667,290,29,11940,0
9.7,291,29,11941,0
9.733334,292,29,11942,0
9.766666,293,29,11943,0
9.8,294,29,11944,0
9.833333,295,29,11945,0
9.866667,296,29,11946,0
9.9,297,29,11947,0
9.933333,298,29,11948,0
9.966666,299,29,11949,0
10.0,300,29,11950,0
10.033334,301,29,11951,0
10.066667,302,29,11952,0
10.1,303,29,11953,0
10.133333,304,29,11954,0
10.166667,305,29,11955,0
10.2,306,29,11956,0
10.233334,307,29,11957,0
10.266666,308,29,11958,0
10.3,309,29,11959,0
10.333333,310,29,11960,0
10.366667,311,29,11961,0
10.4,312,29,11962,0
10.433333,313,29,11963,0
10.466666,314,29,11964,0
10.5,315,29,11965,0
10.533334,316,29,11966,0
10.566667,317,29,11967,0
10.6,318,29,11968,0
10.633333,319,29,11969,0
10.666667,320,29,11970,0
10.7,321,29,11971,0
10.733334,322,29,11972,0
10.766666,323,29,11973,0
10.8,324,29,11974,0
10.833333,325,29,11975,0
10.866667,326,29,11976,0
10.9,327,29,11977,0
10.933333,328,29,11978,0
10.966666,329,29,11979,0
11.0,330,29,11980,0
11.033334,331,29,11981,0
11.066667,332,29,11982,0
11.1,333,29,11983,0
11.133333,334,29,11984,0
11.166667,335,29,11985,0
11.2,336,29,11986,0
11.233334,337,29,11987,0
11.266666,338,29,11988,0
11.3,339,29,11989,0
11.333333,340,29,11990,0
11.366667,341,29,11991,0
11.4,342,29,11992,0
11.433333,343,29,11993,0
11.466666,344,29,11994,0
11.5,345,29,11995,0
11.533334,346,29,11996,0
11.566667,347,29,11997,0
11.6,348,29,11998,0
11.633333,349,29,11999,0
11.666667,350,29,12000,0
11.7,351,29,12001,0
11.733334,352,29,12002,0
11.766666,353,29,12003,0
11.8,354,29,12004,0
11.833333,355,29,12005,0
11.866667,356,29,12006,0
11.9,357,29,12007,0
11.933333,358,29,12008,0
11.966666,359,29,12009,0
12.0,360,29,12010,0
12.033334,361,29,12011,0
12.066667,362,29,12012,0
12.1,363,29,12013,0
12.133333,364,29,12014,0
12.166667,365,29,12015,0
12.2,366,29,12016,0
12.233334,367,29,12017,0
12.266666,368,29,12018,0
12.3,369,29,12019,0
12.333333,370,29,12020,0
12.366667,371,29,12021,0
12.4,372,29,12022,0
12.433333,373,29,12023,0
12.466666,374,29,12024,0
12.5,375,29,12025,0
12.533334,376,29,12026,0
12.566667,377,29,12027,0
12.6,378,29,12028,0
12.633333,379,29,12029,0
