timestamp,frame_index,episode_index,index,task_index,original_timestamp,original_frame_index
0.0,0,0,0,0,0.0,0
0.033333335,1,0,1,0,0.06666667,2
0.06666667,2,0,2,0,0.1,3
0.1,3,0,3,0,2.7,81
0.13333334,4,0,4,0,3.1333334,94
0.16666667,5,0,5,0,3.1666667,95
0.2,6,0,6,0,3.2333333,97
0.23333333,7,0,7,0,3.2666667,98
0.26666668,8,0,8,0,3.5333333,106
0.3,9,0,9,0,3.6666667,110
0.33333334,10,0,10,0,3.7,111
0.36666667,11,0,11,0,3.7666667,113
0.4,12,0,12,0,3.8,114
0.43333334,13,0,13,0,3.8333333,115
0.46666667,14,0,14,0,3.8666666,116
0.5,15,0,15,0,3.9,117
0.53333336,16,0,16,0,3.9333334,118
0.56666666,17,0,17,0,3.9666667,119
0.6,18,0,18,0,4.0,120
0.6333333,19,0,19,0,4.0333333,121
0.6666667,20,0,20,0,4.0666666,122
0.7,21,0,21,0,4.1,123
0.73333335,22,0,22,0,4.133333,124
0.76666665,23,0,23,0,4.1666665,125
0.8,24,0,24,0,4.2,126
0.8333333,25,0,25,0,4.233333,127
0.8666667,26,0,26,0,4.266667,128
0.9,27,0,27,0,4.3,129
0.93333334,28,0,28,0,4.3333335,130
0.96666664,29,0,29,0,4.366667,131
1.0,30,0,30,0,4.4,132
1.0333333,31,0,31,0,4.4333334,133
1.0666667,32,0,32,0,4.4666667,134
1.1,33,0,33,0,4.5,135
1.1333333,34,0,34,0,4.5333333,136
1.1666666,35,0,35,0,4.5666666,137
1.2,36,0,36,0,4.6,138
1.2333333,37,0,37,0,4.633333,139
1.2666667,38,0,38,0,4.6666665,140
1.3,39,0,39,0,4.7,141
1.3333334,40,0,40,0,4.733333,142
1.3666667,41,0,41,0,4.766667,143
1.4,42,0,42,0,4.8,144
1.4333333,43,0,43,0,4.8333335,145
1.4666667,44,0,44,0,4.866667,146
1.5,45,0,45,0,4.9,147
1.5333333,46,0,46,0,4.9333334,148
1.5666667,47,0,47,0,4.9666667,149
1.6,48,0,48,0,5.0,150
1.6333333,49,0,49,0,5.0333333,151
1.6666666,50,0,50,0,5.0666666,152
1.7,51,0,51,0,5.1,153
1.7333333,52,0,52,0,5.133333,154
1.7666667,53,0,53,0,5.1666665,155
1.8,54,0,54,0,5.2,156
1.8333334,55,0,55,0,5.233333,157
1.8666667,56,0,56,0,5.266667,158
1.9,57,0,57,0,5.3,159
1.9333333,58,0,58,0,5.3333335,160
1.9666667,59,0,59,0,5.366667,161
2.0,60,0,60,0,5.4,162
2.0333333,61,0,61,0,5.4333334,163
2.0666666,62,0,62,0,5.4666667,164
2.1,63,0,63,0,5.5,165
2.1333334,64,0,64,0,5.5333333,166
2.1666667,65,0,65,0,5.5666666,167
2.2,66,0,66,0,5.6,168
2.2333333,67,0,67,0,5.633333,169
2.2666667,68,0,68,0,5.6666665,170
2.3,69,0,69,0,5.7,171
2.3333333,70,0,70,0,5.733333,172
2.3666666,71,0,71,0,5.766667,173
2.4,72,0,72,0,5.8,174
2.4333334,73,0,73,0,5.8333335,175
2.4666667,74,0,74,0,5.866667,176
2.5,75,0,75,0,5.9,177
2.5333333,76,0,76,0,5.9333334,178
2.5666666,77,0,77,0,5.9666667,179
2.6,78,0,78,0,6.0,180
2.6333334,79,0,79,0,6.0333333,181
2.6666667,80,0,80,0,6.0666666,182
2.7,81,0,81,0,6.1,183
2.7333333,82,0,82,0,6.133333,184
2.7666667,83,0,83,0,6.1666665,185
2.8,84,0,84,0,6.2,186
2.8333333,85,0,85,0,6.233333,187
2.8666666,86,0,86,0,6.266667,188
2.9,87,0,87,0,6.3,189
2.9333334,88,0,88,0,6.3333335,190
2.9666667,89,0,89,0,6.366667,191
3.0,90,0,90,0,6.4,192
3.0333333,91,0,91,0,6.4333334,193
3.0666666,92,0,92,0,6.4666667,194
3.1,93,0,93,0,6.5,195
3.1333334,94,0,94,0,6.5333333,196
3.1666667,95,0,95,0,6.5666666,197
3.2,96,0,96,0,6.6,198
3.2333333,97,0,97,0,6.633333,199
3.2666667,98,0,98,0,6.6666665,200
3.3,99,0,99,0,6.7,201
3.3333333,100,0,100,0,6.733333,202
3.3666666,101,0,101,0,6.766667,203
3.4,102,0,102,0,6.8,204
3.4333334,103,0,103,0,6.8333335,205
3.4666667,104,0,104,0,6.866667,206
3.5,105,0,105,0,6.9,207
3.5333333,106,0,106,0,6.9333334,208
3.5666666,107,0,107,0,6.9666667,209
3.6,108,0,108,0,7.0,210
3.6333334,109,0,109,0,7.0333333,211
3.6666667,110,0,110,0,7.0666666,212
3.7,111,0,111,0,7.1,213
3.7333333,112,0,112,0,7.133333,214
3.7666667,113,0,113,0,7.1666665,215
3.8,114,0,114,0,7.2,216
3.8333333,115,0,115,0,7.233333,217
3.8666666,116,0,116,0,7.266667,218
3.9,117,0,117,0,7.3,219
3.9333334,118,0,118,0,7.3333335,220
3.9666667,119,0,119,0,7.366667,221
4.0,120,0,120,0,7.4,222
4.0333333,121,0,121,0,7.4333334,223
4.0666666,122,0,122,0,7.4666667,224
4.1,123,0,123,0,7.5,225
4.133333,124,0,124,0,7.5333333,226
4.1666665,125,0,125,0,7.5666666,227
4.2,126,0,126,0,7.6,228
4.233333,127,0,127,0,7.633333,229
4.266667,128,0,128,0,7.6666665,230
4.3,129,0,129,0,7.7,231
4.3333335,130,0,130,0,7.733333,232
4.366667,131,0,131,0,7.766667,233
4.4,132,0,132,0,7.8,234
4.4333334,133,0,133,0,7.8333335,235
4.4666667,134,0,134,0,7.866667,236
4.5,135,0,135,0,7.9,237
4.5333333,136,0,136,0,7.9333334,238
4.5666666,137,0,137,0,7.9666667,239
4.6,138,0,138,0,8.0,240
4.633333,139,0,139,0,8.033334,241
4.6666665,140,0,140,0,8.066667,242
4.7,141,0,141,0,8.1,243
4.733333,142,0,142,0,8.133333,244
4.766667,143,0,143,0,8.166667,245
4.8,144,0,144,0,8.2,246
4.8333335,145,0,145,0,8.233334,247
4.866667,146,0,146,0,8.266666,248
4.9,147,0,147,0,8.3,249
4.9333334,148,0,148,0,8.333333,250
4.9666667,149,0,149,0,8.366667,251
5.0,150,0,150,0,8.4,252
5.0333333,151,0,151,0,8.433333,253
5.0666666,152,0,152,0,8.466666,254
5.1,153,0,153,0,8.5,255
5.133333,154,0,154,0,8.533334,256
5.1666665,155,0,155,0,8.566667,257
5.2,156,0,156,0,8.6,258
5.233333,157,0,157,0,8.633333,259
5.266667,158,0,158,0,8.666667,260
5.3,159,0,159,0,8.7,261
5.3333335,160,0,160,0,8.733334,262
5.366667,161,0,161,0,8.766666,263
5.4,162,0,162,0,8.8,264
5.4333334,163,0,163,0,8.833333,265
5.4666667,164,0,164,0,8.866667,266
5.5,165,0,165,0,8.9,267
5.5333333,166,0,166,0,8.933333,268
5.5666666,167,0,167,0,8.966666,269
5.6,168,0,168,0,9.0,270
5.633333,169,0,169,0,9.033334,271
5.6666665,170,0,170,0,9.066667,272
5.7,171,0,171,0,9.1,273
5.733333,172,0,172,0,9.133333,274
5.766667,173,0,173,0,9.166667,275
5.8,174,0,174,0,9.2,276
5.8333335,175,0,175,0,9.233334,277
5.866667,176,0,176,0,9.266666,278
5.9,177,0,177,0,9.3,279
5.9333334,178,0,178,0,9.333333,280
5.9666667,179,0,179,0,9.366667,281
6.0,180,0,180,0,9.4,282
6.0333333,181,0,181,0,9.433333,283
6.0666666,182,0,182,0,9.466666,284
6.1,183,0,183,0,9.5,285
6.133333,184,0,184,0,9.533334,286
6.1666665,185,0,185,0,9.566667,287
6.2,186,0,186,0,9.6,288
6.233333,187,0,187,0,9.633333,289
6.266667,188,0,188,0,9.666667,290
6.3,189,0,189,0,9.7,291
6.3333335,190,0,190,0,9.733334,292
6.366667,191,0,191,0,9.766666,293
6.4,192,0,192,0,9.8,294
6.4333334,193,0,193,0,9.833333,295
6.4666667,194,0,194,0,9.866667,296
6.5,195,0,195,0,9.9,297
6.5333333,196,0,196,0,9.933333,298
6.5666666,197,0,197,0,9.966666,299
6.6,198,0,198,0,10.0,300
6.633333,199,0,199,0,10.033334,301
6.6666665,200,0,200,0,10.066667,302
6.7,201,0,201,0,10.1,303
6.733333,202,0,202,0,10.133333,304
6.766667,203,0,203,0,10.166667,305
6.8,204,0,204,0,10.2,306
6.8333335,205,0,205,0,10.233334,307
6.866667,206,0,206,0,10.266666,308
6.9,207,0,207,0,10.3,309
6.9333334,208,0,208,0,10.333333,310
6.9666667,209,0,209,0,10.366667,311
7.0,210,0,210,0,10.4,312
7.0333333,211,0,211,0,10.433333,313
7.0666666,212,0,212,0,10.466666,314
7.1,213,0,213,0,10.5,315
7.133333,214,0,214,0,10.533334,316
7.1666665,215,0,215,0,10.566667,317
7.2,216,0,216,0,10.6,318
7.233333,217,0,217,0,10.633333,319
7.266667,218,0,218,0,10.666667,320
7.3,219,0,219,0,10.7,321
7.3333335,220,0,220,0,10.733334,322
7.366667,221,0,221,0,10.766666,323
7.4,222,0,222,0,10.8,324
7.4333334,223,0,223,0,10.833333,325
7.4666667,224,0,224,0,10.866667,326
7.5,225,0,225,0,10.9,327
7.5333333,226,0,226,0,10.933333,328
7.5666666,227,0,227,0,10.966666,329
7.6,228,0,228,0,11.0,330
7.633333,229,0,229,0,11.033334,331
7.6666665,230,0,230,0,11.066667,332
7.7,231,0,231,0,11.1,333
7.733333,232,0,232,0,11.133333,334
7.766667,233,0,233,0,11.166667,335
7.8,234,0,234,0,11.2,336
7.8333335,235,0,235,0,11.233334,337
7.866667,236,0,236,0,11.266666,338
7.9,237,0,237,0,11.3,339
7.9333334,238,0,238,0,11.333333,340
7.9666667,239,0,239,0,11.366667,341
8.0,240,0,240,0,11.4,342
8.033334,241,0,241,0,11.433333,343
8.066667,242,0,242,0,11.466666,344
8.1,243,0,243,0,11.5,345
8.133333,244,0,244,0,11.533334,346
8.166667,245,0,245,0,11.566667,347
8.2,246,0,246,0,11.6,348
8.233334,247,0,247,0,11.633333,349
8.266666,248,0,248,0,11.666667,350
8.3,249,0,249,0,11.7,351
8.333333,250,0,250,0,11.733334,352
8.366667,251,0,251,0,11.766666,353
8.4,252,0,252,0,11.8,354
8.433333,253,0,253,0,11.833333,355
8.466666,254,0,254,0,11.866667,356
8.5,255,0,255,0,11.9,357
8.533334,256,0,256,0,11.933333,358
8.566667,257,0,257,0,11.966666,359
8.6,258,0,258,0,12.0,360
8.633333,259,0,259,0,12.033334,361
8.666667,260,0,260,0,12.066667,362
8.7,261,0,261,0,12.1,363
8.733334,262,0,262,0,12.133333,364
8.766666,263,0,263,0,12.166667,365
8.8,264,0,264,0,12.2,366
8.833333,265,0,265,0,12.233334,367
8.866667,266,0,266,0,12.266666,368
8.9,267,0,267,0,12.3,369
8.933333,268,0,268,0,12.333333,370
8.966666,269,0,269,0,12.366667,371
9.0,270,0,270,0,12.4,372
9.033334,271,0,271,0,12.433333,373
9.066667,272,0,272,0,12.466666,374
9.1,273,0,273,0,12.5,375
9.133333,274,0,274,0,12.533334,376
9.166667,275,0,275,0,12.566667,377
9.2,276,0,276,0,12.6,378
9.233334,277,0,277,0,12.633333,379
9.266666,278,0,278,0,12.666667,380
9.3,279,0,279,0,12.7,381
9.333333,280,0,280,0,12.733334,382
9.366667,281,0,281,0,12.766666,383
9.4,282,0,282,0,12.8,384
9.433333,283,0,283,0,12.833333,385
9.466666,284,0,284,0,12.866667,386
9.5,285,0,285,0,12.9,387
9.533334,286,0,286,0,12.933333,388
9.566667,287,0,287,0,12.966666,389
9.6,288,0,288,0,13.0,390
9.633333,289,0,289,0,13.033334,391
9.666667,290,0,290,0,13.066667,392
9.7,291,0,291,0,13.1,393
9.733334,292,0,292,0,13.133333,394
9.766666,293,0,293,0,13.166667,395
9.8,294,0,294,0,13.2,396
9.833333,295,0,295,0,13.233334,397
9.866667,296,0,296,0,13.266666,398
9.9,297,0,297,0,13.3,399
9.933333,298,0,298,0,13.333333,400
9.966666,299,0,299,0,13.366667,401
10.0,300,0,300,0,13.4,402
10.033334,301,0,301,0,13.433333,403
10.066667,302,0,302,0,13.466666,404
10.1,303,0,303,0,13.5,405
10.133333,304,0,304,0,13.533334,406
10.166667,305,0,305,0,13.566667,407
10.2,306,0,306,0,13.6,408
10.233334,307,0,307,0,13.633333,409
10.266666,308,0,308,0,13.666667,410
10.3,309,0,309,0,13.7,411
10.333333,310,0,310,0,13.733334,412
10.366667,311,0,311,0,13.766666,413
10.4,312,0,312,0,13.8,414
10.433333,313,0,313,0,13.833333,415
10.466666,314,0,314,0,13.866667,416
10.5,315,0,315,0,13.9,417
10.533334,316,0,316,0,13.933333,418
10.566667,317,0,317,0,13.966666,419
10.6,318,0,318,0,14.0,420
10.633333,319,0,319,0,14.033334,421
10.666667,320,0,320,0,14.066667,422
10.7,321,0,321,0,14.1,423
10.733334,322,0,322,0,14.133333,424
10.766666,323,0,323,0,14.166667,425
10.8,324,0,324,0,14.2,426
10.833333,325,0,325,0,14.233334,427
10.866667,326,0,326,0,14.266666,428
10.9,327,0,327,0,14.3,429
10.933333,328,0,328,0,14.333333,430
10.966666,329,0,329,0,14.366667,431
11.0,330,0,330,0,14.4,432
11.033334,331,0,331,0,14.433333,433
11.066667,332,0,332,0,14.466666,434
11.1,333,0,333,0,14.5,435
11.133333,334,0,334,0,14.533334,436
11.166667,335,0,335,0,14.566667,437
11.2,336,0,336,0,14.6,438
11.233334,337,0,337,0,14.633333,439
11.266666,338,0,338,0,14.666667,440
11.3,339,0,339,0,14.7,441
11.333333,340,0,340,0,14.733334,442
11.366667,341,0,341,0,14.766666,443
11.4,342,0,342,0,14.8,444
11.433333,343,0,343,0,14.833333,445
11.466666,344,0,344,0,14.866667,446
11.5,345,0,345,0,14.9,447
11.533334,346,0,346,0,14.933333,448
11.566667,347,0,347,0,14.966666,449
11.6,348,0,348,0,15.0,450
11.633333,349,0,349,0,15.033334,451
11.666667,350,0,350,0,15.066667,452
11.7,351,0,351,0,15.1,453
11.733334,352,0,352,0,15.133333,454
11.766666,353,0,353,0,15.166667,455
11.8,354,0,354,0,15.2,456
11.833333,355,0,355,0,15.233334,457
11.866667,356,0,356,0,15.266666,458
11.9,357,0,357,0,15.3,459
11.933333,358,0,358,0,15.333333,460
11.966666,359,0,359,0,15.366667,461
12.0,360,0,360,0,15.4,462
12.033334,361,0,361,0,15.433333,463
12.066667,362,0,362,0,15.466666,464
12.1,363,0,363,0,15.733334,472
12.133333,364,0,364,0,15.766666,473
12.166667,365,0,365,0,15.8,474
12.2,366,0,366,0,15.933333,478
12.233334,367,0,367,0,15.966666,479
0.0,0,1,368,0,0.0,0
0.033333335,1,1,369,0,2.4666667,74
0.06666667,2,1,370,0,2.5,75
0.1,3,1,371,0,2.5333333,76
0.13333334,4,1,372,0,2.5666666,77
0.16666667,5,1,373,0,2.6,78
0.2,6,1,374,0,2.6333334,79
0.23333333,7,1,375,0,2.6666667,80
0.26666668,8,1,376,0,2.7,81
0.3,9,1,377,0,2.7333333,82
0.33333334,10,1,378,0,2.7666667,83
0.36666667,11,1,379,0,2.8,84
0.4,12,1,380,0,2.8333333,85
0.43333334,13,1,381,0,2.8666666,86
0.46666667,14,1,382,0,2.9,87
0.5,15,1,383,0,2.9333334,88
0.53333336,16,1,384,0,3.0,90
0.56666666,17,1,385,0,3.1666667,95
0.6,18,1,386,0,3.2,96
0.6333333,19,1,387,0,3.2333333,97
0.6666667,20,1,388,0,3.2666667,98
0.7,21,1,389,0,3.3,99
0.73333335,22,1,390,0,3.3333333,100
0.76666665,23,1,391,0,3.3666666,101
0.8,24,1,392,0,3.4,102
0.8333333,25,1,393,0,3.4333334,103
0.8666667,26,1,394,0,3.4666667,104
0.9,27,1,395,0,3.5,105
0.93333334,28,1,396,0,3.5333333,106
0.96666664,29,1,397,0,3.5666666,107
1.0,30,1,398,0,3.6,108
1.0333333,31,1,399,0,3.6333334,109
1.0666667,32,1,400,0,3.6666667,110
1.1,33,1,401,0,3.7,111
1.1333333,34,1,402,0,3.7333333,112
1.1666666,35,1,403,0,3.7666667,113
1.2,36,1,404,0,3.8,114
1.2333333,37,1,405,0,3.8333333,115
1.2666667,38,1,406,0,3.8666666,116
1.3,39,1,407,0,3.9,117
1.3333334,40,1,408,0,3.9333334,118
1.3666667,41,1,409,0,3.9666667,119
1.4,42,1,410,0,4.0,120
1.4333333,43,1,411,0,4.0333333,121
1.4666667,44,1,412,0,4.0666666,122
1.5,45,1,413,0,4.1,123
1.5333333,46,1,414,0,4.133333,124
1.5666667,47,1,415,0,4.1666665,125
1.6,48,1,416,0,4.2,126
1.6333333,49,1,417,0,4.233333,127
1.6666666,50,1,418,0,4.266667,128
1.7,51,1,419,0,4.3,129
1.7333333,52,1,420,0,4.3333335,130
1.7666667,53,1,421,0,4.366667,131
1.8,54,1,422,0,4.4,132
1.8333334,55,1,423,0,4.4333334,133
1.8666667,56,1,424,0,4.4666667,134
1.9,57,1,425,0,4.5,135
1.9333333,58,1,426,0,4.5333333,136
1.9666667,59,1,427,0,4.5666666,137
2.0,60,1,428,0,4.6,138
2.0333333,61,1,429,0,4.633333,139
2.0666666,62,1,430,0,4.6666665,140
2.1,63,1,431,0,4.7,141
2.1333334,64,1,432,0,4.733333,142
2.1666667,65,1,433,0,4.766667,143
2.2,66,1,434,0,4.8,144
2.2333333,67,1,435,0,4.8333335,145
2.2666667,68,1,436,0,4.866667,146
2.3,69,1,437,0,4.9,147
2.3333333,70,1,438,0,4.9333334,148
2.3666666,71,1,439,0,4.9666667,149
2.4,72,1,440,0,5.0,150
2.4333334,73,1,441,0,5.0333333,151
2.4666667,74,1,442,0,5.0666666,152
2.5,75,1,443,0,5.1,153
2.5333333,76,1,444,0,5.133333,154
2.5666666,77,1,445,0,5.1666665,155
2.6,78,1,446,0,5.2,156
2.6333334,79,1,447,0,5.233333,157
2.6666667,80,1,448,0,5.266667,158
2.7,81,1,449,0,5.3,159
2.7333333,82,1,450,0,5.3333335,160
2.7666667,83,1,451,0,5.366667,161
2.8,84,1,452,0,5.4,162
2.8333333,85,1,453,0,5.4333334,163
2.8666666,86,1,454,0,5.4666667,164
2.9,87,1,455,0,5.5,165
2.9333334,88,1,456,0,5.5333333,166
2.9666667,89,1,457,0,5.5666666,167
3.0,90,1,458,0,5.6,168
3.0333333,91,1,459,0,5.633333,169
3.0666666,92,1,460,0,5.6666665,170
3.1,93,1,461,0,5.7,171
3.1333334,94,1,462,0,5.733333,172
3.1666667,95,1,463,0,5.766667,173
3.2,96,1,464,0,5.8,174
3.2333333,97,1,465,0,5.8333335,175
3.2666667,98,1,466,0,5.866667,176
3.3,99,1,467,0,5.9,177
3.3333333,100,1,468,0,5.9333334,178
3.3666666,101,1,469,0,5.9666667,179
3.4,102,1,470,0,6.0,180
3.4333334,103,1,471,0,6.0333333,181
3.4666667,104,1,472,0,6.0666666,182
3.5,105,1,473,0,6.1,183
3.5333333,106,1,474,0,6.133333,184
3.5666666,107,1,475,0,6.1666665,185
3.6,108,1,476,0,6.2,186
3.6333334,109,1,477,0,6.233333,187
3.6666667,110,1,478,0,6.266667,188
3.7,111,1,479,0,6.3,189
3.7333333,112,1,480,0,6.3333335,190
3.7666667,113,1,481,0,6.366667,191
3.8,114,1,482,0,6.4,192
3.8333333,115,1,483,0,6.4333334,193
3.8666666,116,1,484,0,6.4666667,194
3.9,117,1,485,0,6.5,195
3.9333334,118,1,486,0,6.5333333,196
3.9666667,119,1,487,0,6.5666666,197
4.0,120,1,488,0,6.6,198
4.0333333,121,1,489,0,6.633333,199
4.0666666,122,1,490,0,6.6666665,200
4.1,123,1,491,0,6.7,201
4.133333,124,1,492,0,6.733333,202
4.1666665,125,1,493,0,6.766667,203
4.2,126,1,494,0,6.8,204
4.233333,127,1,495,0,6.8333335,205
4.266667,128,1,496,0,6.866667,206
4.3,129,1,497,0,6.9,207
4.3333335,130,1,498,0,6.9333334,208
4.366667,131,1,499,0,6.9666667,209
4.4,132,1,500,0,7.0,210
4.4333334,133,1,501,0,7.0333333,211
4.4666667,134,1,502,0,7.0666666,212
4.5,135,1,503,0,7.1,213
4.5333333,136,1,504,0,7.133333,214
4.5666666,137,1,505,0,7.1666665,215
4.6,138,1,506,0,7.2,216
4.633333,139,1,507,0,7.233333,217
4.6666665,140,1,508,0,7.266667,218
4.7,141,1,509,0,7.3,219
4.733333,142,1,510,0,7.3333335,220
4.766667,143,1,511,0,7.366667,221
4.8,144,1,512,0,7.4,222
4.8333335,145,1,513,0,7.4333334,223
4.866667,146,1,514,0,7.4666667,224
4.9,147,1,515,0,7.5,225
4.9333334,148,1,516,0,7.5333333,226
4.9666667,149,1,517,0,7.5666666,227
5.0,150,1,518,0,7.6,228
5.0333333,151,1,519,0,7.633333,229
5.0666666,152,1,520,0,7.6666665,230
5.1,153,1,521,0,7.7,231
5.133333,154,1,522,0,7.733333,232
5.1666665,155,1,523,0,7.766667,233
5.2,156,1,524,0,7.8,234
5.233333,157,1,525,0,7.8333335,235
5.266667,158,1,526,0,7.866667,236
5.3,159,1,527,0,7.9,237
5.3333335,160,1,528,0,7.9333334,238
5.366667,161,1,529,0,7.9666667,239
5.4,162,1,530,0,8.0,240
5.4333334,163,1,531,0,8.033334,241
5.4666667,164,1,532,0,8.066667,242
5.5,165,1,533,0,8.1,243
5.5333333,166,1,534,0,8.133333,244
5.5666666,167,1,535,0,8.166667,245
5.6,168,1,536,0,8.2,246
5.633333,169,1,537,0,8.233334,247
5.6666665,170,1,538,0,8.266666,248
5.7,171,1,539,0,8.3,249
5.733333,172,1,540,0,8.333333,250
5.766667,173,1,541,0,8.366667,251
5.8,174,1,542,0,8.4,252
5.8333335,175,1,543,0,8.433333,253
5.866667,176,1,544,0,8.466666,254
5.9,177,1,545,0,8.5,255
5.9333334,178,1,546,0,8.533334,256
5.9666667,179,1,547,0,8.566667,257
6.0,180,1,548,0,8.6,258
6.0333333,181,1,549,0,8.633333,259
6.0666666,182,1,550,0,8.666667,260
6.1,183,1,551,0,8.7,261
6.133333,184,1,552,0,8.733334,262
6.1666665,185,1,553,0,8.766666,263
6.2,186,1,554,0,8.8,264
6.233333,187,1,555,0,8.833333,265
6.266667,188,1,556,0,8.866667,266
6.3,189,1,557,0,8.9,267
6.3333335,190,1,558,0,8.933333,268
6.366667,191,1,559,0,8.966666,269
6.4,192,1,560,0,9.0,270
6.4333334,193,1,561,0,9.033334,271
6.4666667,194,1,562,0,9.066667,272
6.5,195,1,563,0,9.1,273
6.5333333,196,1,564,0,9.133333,274
6.5666666,197,1,565,0,9.166667,275
6.6,198,1,566,0,9.2,276
6.633333,199,1,567,0,9.233334,277
6.6666665,200,1,568,0,9.266666,278
6.7,201,1,569,0,9.3,279
6.733333,202,1,570,0,9.333333,280
6.766667,203,1,571,0,9.366667,281
6.8,204,1,572,0,9.4,282
6.8333335,205,1,573,0,9.433333,283
6.866667,206,1,574,0,9.466666,284
6.9,207,1,575,0,9.5,285
6.9333334,208,1,576,0,9.533334,286
6.9666667,209,1,577,0,9.566667,287
7.0,210,1,578,0,9.6,288
7.0333333,211,1,579,0,9.633333,289
7.0666666,212,1,580,0,9.666667,290
7.1,213,1,581,0,9.7,291
7.133333,214,1,582,0,9.733334,292
7.1666665,215,1,583,0,9.766666,293
7.2,216,1,584,0,9.8,294
7.233333,217,1,585,0,9.833333,295
7.266667,218,1,586,0,9.866667,296
7.3,219,1,587,0,9.9,297
7.3333335,220,1,588,0,9.933333,298
7.366667,221,1,589,0,9.966666,299
7.4,222,1,590,0,10.0,300
7.4333334,223,1,591,0,10.033334,301
7.4666667,224,1,592,0,10.066667,302
7.5,225,1,593,0,10.1,303
7.5333333,226,1,594,0,10.133333,304
7.5666666,227,1,595,0,10.166667,305
7.6,228,1,596,0,10.2,306
7.633333,229,1,597,0,10.233334,307
7.6666665,230,1,598,0,10.266666,308
7.7,231,1,599,0,10.3,309
7.733333,232,1,600,0,10.333333,310
7.766667,233,1,601,0,10.366667,311
7.8,234,1,602,0,10.4,312
7.8333335,235,1,603,0,10.433333,313
7.866667,236,1,604,0,10.466666,314
7.9,237,1,605,0,10.5,315
7.9333334,238,1,606,0,10.533334,316
7.9666667,239,1,607,0,10.566667,317
8.0,240,1,608,0,10.6,318
8.033334,241,1,609,0,10.633333,319
8.066667,242,1,610,0,10.666667,320
8.1,243,1,611,0,10.7,321
8.133333,244,1,612,0,10.733334,322
8.166667,245,1,613,0,10.766666,323
8.2,246,1,614,0,10.8,324
8.233334,247,1,615,0,10.833333,325
8.266666,248,1,616,0,10.866667,326
8.3,249,1,617,0,10.9,327
8.333333,250,1,618,0,10.933333,328
8.366667,251,1,619,0,10.966666,329
8.4,252,1,620,0,11.0,330
8.433333,253,1,621,0,11.033334,331
8.466666,254,1,622,0,11.066667,332
8.5,255,1,623,0,11.1,333
8.533334,256,1,624,0,11.133333,334
8.566667,257,1,625,0,11.166667,335
8.6,258,1,626,0,11.2,336
8.633333,259,1,627,0,11.233334,337
8.666667,260,1,628,0,11.266666,338
8.7,261,1,629,0,11.3,339
8.733334,262,1,630,0,11.333333,340
8.766666,263,1,631,0,11.366667,341
8.8,264,1,632,0,11.4,342
8.833333,265,1,633,0,11.433333,343
8.866667,266,1,634,0,11.466666,344
8.9,267,1,635,0,11.5,345
8.933333,268,1,636,0,11.533334,346
8.966666,269,1,637,0,11.566667,347
9.0,270,1,638,0,11.6,348
9.033334,271,1,639,0,11.633333,349
9.066667,272,1,640,0,11.666667,350
9.1,273,1,641,0,11.7,351
9.133333,274,1,642,0,11.733334,352
9.166667,275,1,643,0,11.766666,353
9.2,276,1,644,0,11.8,354
9.233334,277,1,645,0,11.833333,355
9.266666,278,1,646,0,11.866667,356
9.3,279,1,647,0,11.9,357
9.333333,280,1,648,0,11.933333,358
9.366667,281,1,649,0,11.966666,359
9.4,282,1,650,0,12.0,360
9.433333,283,1,651,0,12.033334,361
9.466666,284,1,652,0,12.066667,362
9.5,285,1,653,0,12.1,363
9.533334,286,1,654,0,12.133333,364
9.566667,287,1,655,0,12.166667,365
9.6,288,1,656,0,12.2,366
9.633333,289,1,657,0,12.233334,367
9.666667,290,1,658,0,12.266666,368
9.7,291,1,659,0,12.3,369
9.733334,292,1,660,0,12.333333,370
9.766666,293,1,661,0,12.366667,371
9.8,294,1,662,0,12.4,372
9.833333,295,1,663,0,12.433333,373
9.866667,296,1,664,0,12.466666,374
9.9,297,1,665,0,12.5,375
9.933333,298,1,666,0,12.533334,376
9.966666,299,1,667,0,12.566667,377
10.0,300,1,668,0,12.6,378
10.033334,301,1,669,0,12.633333,379
10.066667,302,1,670,0,12.666667,380
10.1,303,1,671,0,12.7,381
10.133333,304,1,672,0,12.733334,382
10.166667,305,1,673,0,12.766666,383
10.2,306,1,674,0,12.8,384
10.233334,307,1,675,0,12.833333,385
10.266666,308,1,676,0,12.866667,386
10.3,309,1,677,0,12.9,387
10.333333,310,1,678,0,12.933333,388
10.366667,311,1,679,0,12.966666,389
10.4,312,1,680,0,13.0,390
10.433333,313,1,681,0,13.033334,391
10.466666,314,1,682,0,13.066667,392
10.5,315,1,683,0,13.1,393
10.533334,316,1,684,0,13.133333,394
10.566667,317,1,685,0,13.166667,395
10.6,318,1,686,0,13.2,396
10.633333,319,1,687,0,13.233334,397
10.666667,320,1,688,0,13.266666,398
10.7,321,1,689,0,13.3,399
10.733334,322,1,690,0,13.333333,400
10.766666,323,1,691,0,13.366667,401
10.8,324,1,692,0,13.4,402
10.833333,325,1,693,0,13.433333,403
10.866667,326,1,694,0,13.466666,404
10.9,327,1,695,0,13.5,405
10.933333,328,1,696,0,13.533334,406
10.966666,329,1,697,0,13.566667,407
11.0,330,1,698,0,13.6,408
11.033334,331,1,699,0,13.633333,409
11.066667,332,1,700,0,13.666667,410
11.1,333,1,701,0,13.7,411
11.133333,334,1,702,0,13.733334,412
11.166667,335,1,703,0,13.766666,413
11.2,336,1,704,0,13.8,414
11.233334,337,1,705,0,13.833333,415
11.266666,338,1,706,0,13.866667,416
11.3,339,1,707,0,13.9,417
11.333333,340,1,708,0,13.933333,418
11.366667,341,1,709,0,13.966666,419
11.4,342,1,710,0,14.0,420
11.433333,343,1,711,0,14.033334,421
11.466666,344,1,712,0,14.066667,422
11.5,345,1,713,0,14.1,423
11.533334,346,1,714,0,14.133333,424
11.566667,347,1,715,0,14.166667,425
11.6,348,1,716,0,14.2,426
11.633333,349,1,717,0,14.266666,428
0.0,0,2,718,0,0.0,0
0.033333335,1,2,719,0,1.6,48
0.06666667,2,2,720,0,1.6333333,49
0.1,3,2,721,0,1.6666666,50
0.13333334,4,2,722,0,1.7,51
0.16666667,5,2,723,0,1.7333333,52
0.2,6,2,724,0,1.7666667,53
0.23333333,7,2,725,0,1.8,54
0.26666668,8,2,726,0,1.8333334,55
0.3,9,2,727,0,1.8666667,56
0.33333334,10,2,728,0,1.9,57
0.36666667,11,2,729,0,1.9333333,58
0.4,12,2,730,0,1.9666667,59
0.43333334,13,2,731,0,2.0666666,62
0.46666667,14,2,732,0,2.1,63
0.5,15,2,733,0,2.1333334,64
0.53333336,16,2,734,0,2.1666667,65
0.56666666,17,2,735,0,2.2,66
0.6,18,2,736,0,2.2333333,67
0.6333333,19,2,737,0,2.2666667,68
0.6666667,20,2,738,0,2.3,69
0.7,21,2,739,0,2.3333333,70
0.73333335,22,2,740,0,2.3666666,71
0.76666665,23,2,741,0,2.4,72
0.8,24,2,742,0,2.4333334,73
0.8333333,25,2,743,0,2.4666667,74
0.8666667,26,2,744,0,2.5,75
0.9,27,2,745,0,2.5333333,76
0.93333334,28,2,746,0,2.5666666,77
0.96666664,29,2,747,0,2.6,78
1.0,30,2,748,0,2.6333334,79
1.0333333,31,2,749,0,2.6666667,80
1.0666667,32,2,750,0,2.7,81
1.1,33,2,751,0,2.7333333,82
1.1333333,34,2,752,0,2.7666667,83
1.1666666,35,2,753,0,2.8,84
1.2,36,2,754,0,2.8333333,85
1.2333333,37,2,755,0,2.8666666,86
1.2666667,38,2,756,0,2.9,87
1.3,39,2,757,0,2.9333334,88
1.3333334,40,2,758,0,2.9666667,89
1.3666667,41,2,759,0,3.0,90
1.4,42,2,760,0,3.0333333,91
1.4333333,43,2,761,0,3.0666666,92
1.4666667,44,2,762,0,3.1,93
1.5,45,2,763,0,3.1333334,94
1.5333333,46,2,764,0,3.1666667,95
1.5666667,47,2,765,0,3.2,96
1.6,48,2,766,0,3.2333333,97
1.6333333,49,2,767,0,3.2666667,98
1.6666666,50,2,768,0,3.3,99
1.7,51,2,769,0,3.3333333,100
1.7333333,52,2,770,0,3.3666666,101
1.7666667,53,2,771,0,3.4,102
1.8,54,2,772,0,3.4333334,103
1.8333334,55,2,773,0,3.4666667,104
1.8666667,56,2,774,0,3.5,105
1.9,57,2,775,0,3.5333333,106
1.9333333,58,2,776,0,3.5666666,107
1.9666667,59,2,777,0,3.6,108
2.0,60,2,778,0,3.6333334,109
2.0333333,61,2,779,0,3.6666667,110
2.0666666,62,2,780,0,3.7,111
2.1,63,2,781,0,3.7333333,112
2.1333334,64,2,782,0,3.7666667,113
2.1666667,65,2,783,0,3.8,114
2.2,66,2,784,0,3.8333333,115
2.2333333,67,2,785,0,3.8666666,116
2.2666667,68,2,786,0,3.9,117
2.3,69,2,787,0,3.9333334,118
2.3333333,70,2,788,0,3.9666667,119
2.3666666,71,2,789,0,4.0,120
2.4,72,2,790,0,4.0333333,121
2.4333334,73,2,791,0,4.0666666,122
2.4666667,74,2,792,0,4.1,123
2.5,75,2,793,0,4.133333,124
2.5333333,76,2,794,0,4.1666665,125
2.5666666,77,2,795,0,4.2,126
2.6,78,2,796,0,4.233333,127
2.6333334,79,2,797,0,4.266667,128
2.6666667,80,2,798,0,4.3,129
2.7,81,2,799,0,4.3333335,130
2.7333333,82,2,800,0,4.366667,131
2.7666667,83,2,801,0,4.4,132
2.8,84,2,802,0,4.4333334,133
2.8333333,85,2,803,0,4.4666667,134
2.8666666,86,2,804,0,4.5,135
2.9,87,2,805,0,4.5333333,136
2.9333334,88,2,806,0,4.5666666,137
2.9666667,89,2,807,0,4.6,138
3.0,90,2,808,0,4.633333,139
3.0333333,91,2,809,0,4.6666665,140
3.0666666,92,2,810,0,4.7,141
3.1,93,2,811,0,4.733333,142
3.1333334,94,2,812,0,4.766667,143
3.1666667,95,2,813,0,4.8,144
3.2,96,2,814,0,4.8333335,145
3.2333333,97,2,815,0,4.866667,146
3.2666667,98,2,816,0,4.9,147
3.3,99,2,817,0,4.9333334,148
3.3333333,100,2,818,0,4.9666667,149
3.3666666,101,2,819,0,5.0,150
3.4,102,2,820,0,5.0333333,151
3.4333334,103,2,821,0,5.0666666,152
3.4666667,104,2,822,0,5.1,153
3.5,105,2,823,0,5.133333,154
3.5333333,106,2,824,0,5.1666665,155
3.5666666,107,2,825,0,5.2,156
3.6,108,2,826,0,5.233333,157
3.6333334,109,2,827,0,5.266667,158
3.6666667,110,2,828,0,5.3,159
3.7,111,2,829,0,5.3333335,160
3.7333333,112,2,830,0,5.366667,161
3.7666667,113,2,831,0,5.4,162
3.8,114,2,832,0,5.4333334,163
3.8333333,115,2,833,0,5.4666667,164
3.8666666,116,2,834,0,5.5,165
3.9,117,2,835,0,5.5333333,166
3.9333334,118,2,836,0,5.5666666,167
3.9666667,119,2,837,0,5.6,168
4.0,120,2,838,0,5.633333,169
4.0333333,121,2,839,0,5.6666665,170
4.0666666,122,2,840,0,5.7,171
4.1,123,2,841,0,5.733333,172
4.133333,124,2,842,0,5.766667,173
4.1666665,125,2,843,0,5.8,174
4.2,126,2,844,0,5.8333335,175
4.233333,127,2,845,0,5.866667,176
4.266667,128,2,846,0,5.9,177
4.3,129,2,847,0,5.9333334,178
4.3333335,130,2,848,0,5.9666667,179
4.366667,131,2,849,0,6.0,180
4.4,132,2,850,0,6.0333333,181
4.4333334,133,2,851,0,6.0666666,182
4.4666667,134,2,852,0,6.1,183
4.5,135,2,853,0,6.133333,184
4.5333333,136,2,854,0,6.1666665,185
4.5666666,137,2,855,0,6.2,186
4.6,138,2,856,0,6.233333,187
4.633333,139,2,857,0,6.266667,188
4.6666665,140,2,858,0,6.3,189
4.7,141,2,859,0,6.3333335,190
4.733333,142,2,860,0,6.366667,191
4.766667,143,2,861,0,6.4,192
4.8,144,2,862,0,6.4333334,193
4.8333335,145,2,863,0,6.4666667,194
4.866667,146,2,864,0,6.5,195
4.9,147,2,865,0,6.5333333,196
4.9333334,148,2,866,0,6.5666666,197
4.9666667,149,2,867,0,6.6,198
5.0,150,2,868,0,6.633333,199
5.0333333,151,2,869,0,6.6666665,200
5.0666666,152,2,870,0,6.7,201
5.1,153,2,871,0,6.733333,202
5.133333,154,2,872,0,6.766667,203
5.1666665,155,2,873,0,6.8,204
5.2,156,2,874,0,6.8333335,205
5.233333,157,2,875,0,6.866667,206
5.266667,158,2,876,0,6.9,207
5.3,159,2,877,0,6.9333334,208
5.3333335,160,2,878,0,6.9666667,209
5.366667,161,2,879,0,7.0,210
5.4,162,2,880,0,7.0333333,211
5.4333334,163,2,881,0,7.0666666,212
5.4666667,164,2,882,0,7.1,213
5.5,165,2,883,0,7.133333,214
5.5333333,166,2,884,0,7.1666665,215
5.5666666,167,2,885,0,7.2,216
5.6,168,2,886,0,7.233333,217
5.633333,169,2,887,0,7.266667,218
5.6666665,170,2,888,0,7.3,219
5.7,171,2,889,0,7.3333335,220
5.733333,172,2,890,0,7.366667,221
5.766667,173,2,891,0,7.4,222
5.8,174,2,892,0,7.4333334,223
5.8333335,175,2,893,0,7.4666667,224
5.866667,176,2,894,0,7.5,225
5.9,177,2,895,0,7.5333333,226
5.9333334,178,2,896,0,7.5666666,227
5.9666667,179,2,897,0,7.6,228
6.0,180,2,898,0,7.633333,229
6.0333333,181,2,899,0,7.6666665,230
6.0666666,182,2,900,0,7.7,231
6.1,183,2,901,0,7.733333,232
6.133333,184,2,902,0,7.766667,233
6.1666665,185,2,903,0,7.8,234
6.2,186,2,904,0,7.8333335,235
6.233333,187,2,905,0,7.866667,236
6.266667,188,2,906,0,7.9,237
6.3,189,2,907,0,7.9333334,238
6.3333335,190,2,908,0,7.9666667,239
6.366667,191,2,909,0,8.0,240
6.4,192,2,910,0,8.033334,241
6.4333334,193,2,911,0,8.066667,242
6.4666667,194,2,912,0,8.1,243
6.5,195,2,913,0,8.133333,244
6.5333333,196,2,914,0,8.166667,245
6.5666666,197,2,915,0,8.2,246
6.6,198,2,916,0,8.233334,247
6.633333,199,2,917,0,8.266666,248
6.6666665,200,2,918,0,8.3,249
6.7,201,2,919,0,8.333333,250
6.733333,202,2,920,0,8.366667,251
6.766667,203,2,921,0,8.4,252
6.8,204,2,922,0,8.433333,253
6.8333335,205,2,923,0,8.466666,254
6.866667,206,2,924,0,8.5,255
6.9,207,2,925,0,8.533334,256
6.9333334,208,2,926,0,8.566667,257
6.9666667,209,2,927,0,8.6,258
7.0,210,2,928,0,8.633333,259
7.0333333,211,2,929,0,8.666667,260
7.0666666,212,2,930,0,8.7,261
7.1,213,2,931,0,8.733334,262
7.133333,214,2,932,0,8.766666,263
7.1666665,215,2,933,0,8.8,264
7.2,216,2,934,0,8.833333,265
7.233333,217,2,935,0,8.866667,266
7.266667,218,2,936,0,8.9,267
7.3,219,2,937,0,8.933333,268
7.3333335,220,2,938,0,8.966666,269
7.366667,221,2,939,0,9.0,270
7.4,222,2,940,0,9.033334,271
7.4333334,223,2,941,0,9.066667,272
7.4666667,224,2,942,0,9.1,273
7.5,225,2,943,0,9.133333,274
7.5333333,226,2,944,0,9.166667,275
7.5666666,227,2,945,0,9.2,276
7.6,228,2,946,0,9.233334,277
7.633333,229,2,947,0,9.266666,278
7.6666665,230,2,948,0,9.3,279
7.7,231,2,949,0,9.333333,280
7.733333,232,2,950,0,9.366667,281
7.766667,233,2,951,0,9.4,282
7.8,234,2,952,0,9.433333,283
7.8333335,235,2,953,0,9.466666,284
7.866667,236,2,954,0,9.5,285
7.9,237,2,955,0,9.533334,286
7.9333334,238,2,956,0,9.566667,287
7.9666667,239,2,957,0,9.6,288
8.0,240,2,958,0,9.633333,289
8.033334,241,2,959,0,9.666667,290
8.066667,242,2,960,0,9.7,291
8.1,243,2,961,0,9.733334,292
8.133333,244,2,962,0,9.766666,293
8.166667,245,2,963,0,9.8,294
8.2,246,2,964,0,9.833333,295
8.233334,247,2,965,0,9.866667,296
8.266666,248,2,966,0,9.9,297
8.3,249,2,967,0,9.933333,298
8.333333,250,2,968,0,9.966666,299
8.366667,251,2,969,0,10.0,300
8.4,252,2,970,0,10.033334,301
8.433333,253,2,971,0,10.066667,302
8.466666,254,2,972,0,10.1,303
8.5,255,2,973,0,10.133333,304
8.533334,256,2,974,0,10.166667,305
8.566667,257,2,975,0,10.2,306
8.6,258,2,976,0,10.233334,307
8.633333,259,2,977,0,10.266666,308
8.666667,260,2,978,0,10.3,309
8.7,261,2,979,0,10.333333,310
8.733334,262,2,980,0,10.366667,311
8.766666,263,2,981,0,10.4,312
8.8,264,2,982,0,10.433333,313
8.833333,265,2,983,0,10.466666,314
8.866667,266,2,984,0,10.5,315
8.9,267,2,985,0,10.533334,316
8.933333,268,2,986,0,10.566667,317
8.966666,269,2,987,0,10.6,318
9.0,270,2,988,0,10.633333,319
9.033334,271,2,989,0,10.666667,320
9.066667,272,2,990,0,10.7,321
9.1,273,2,991,0,10.733334,322
9.133333,274,2,992,0,10.766666,323
9.166667,275,2,993,0,10.8,324
9.2,276,2,994,0,10.833333,325
9.233334,277,2,995,0,10.866667,326
9.266666,278,2,996,0,10.9,327
9.3,279,2,997,0,10.933333,328
9.333333,280,2,998,0,10.966666,329
9.366667,281,2,999,0,11.0,330
9.4,282,2,1000,0,11.033334,331
9.433333,283,2,1001,0,11.066667,332
9.466666,284,2,1002,0,11.1,333
9.5,285,2,1003,0,11.133333,334
9.533334,286,2,1004,0,11.166667,335
9.566667,287,2,1005,0,11.2,336
9.6,288,2,1006,0,11.233334,337
9.633333,289,2,1007,0,11.266666,338
9.666667,290,2,1008,0,11.3,339
9.7,291,2,1009,0,11.333333,340
9.733334,292,2,1010,0,11.366667,341
9.766666,293,2,1011,0,11.4,342
9.8,294,2,1012,0,11.433333,343
9.833333,295,2,1013,0,11.466666,344
9.866667,296,2,1014,0,11.5,345
9.9,297,2,1015,0,11.533334,346
9.933333,298,2,1016,0,11.566667,347
9.966666,299,2,1017,0,11.6,348
10.0,300,2,1018,0,11.633333,349
10.033334,301,2,1019,0,11.666667,350
10.066667,302,2,1020,0,11.7,351
10.1,303,2,1021,0,11.733334,352
10.133333,304,2,1022,0,11.766666,353
10.166667,305,2,1023,0,11.8,354
10.2,306,2,1024,0,11.833333,355
10.233334,307,2,1025,0,11.866667,356
10.266666,308,2,1026,0,11.9,357
10.3,309,2,1027,0,11.933333,358
10.333333,310,2,1028,0,11.966666,359
10.366667,311,2,1029,0,12.0,360
10.4,312,2,1030,0,12.033334,361
10.433333,313,2,1031,0,12.066667,362
10.466666,314,2,1032,0,12.1,363
10.5,315,2,1033,0,12.133333,364
10.533334,316,2,1034,0,12.166667,365
10.566667,317,2,1035,0,12.2,366
10.6,318,2,1036,0,12.233334,367
10.633333,319,2,1037,0,12.266666,368
10.666667,320,2,1038,0,12.3,369
10.7,321,2,1039,0,12.333333,370
10.733334,322,2,1040,0,12.366667,371
10.766666,323,2,1041,0,12.4,372
10.8,324,2,1042,0,12.433333,373
10.833333,325,2,1043,0,12.466666,374
10.866667,326,2,1044,0,12.5,375
10.9,327,2,1045,0,12.533334,376
10.933333,328,2,1046,0,12.566667,377
10.966666,329,2,1047,0,12.6,378
11.0,330,2,1048,0,12.633333,379
11.033334,331,2,1049,0,12.666667,380
11.066667,332,2,1050,0,12.7,381
11.1,333,2,1051,0,12.733334,382
11.133333,334,2,1052,0,12.766666,383
11.166667,335,2,1053,0,12.8,384
11.2,336,2,1054,0,12.833333,385
11.233334,337,2,1055,0,12.866667,386
11.266666,338,2,1056,0,12.9,387
11.3,339,2,1057,0,12.933333,388
11.333333,340,2,1058,0,12.966666,389
11.366667,341,2,1059,0,13.0,390
11.4,342,2,1060,0,13.033334,391
11.433333,343,2,1061,0,13.066667,392
11.466666,344,2,1062,0,13.1,393
11.5,345,2,1063,0,13.133333,394
11.533334,346,2,1064,0,13.166667,395
11.566667,347,2,1065,0,13.2,396
11.6,348,2,1066,0,13.233334,397
11.633333,349,2,1067,0,13.266666,398
11.666667,350,2,1068,0,13.3,399
11.7,351,2,1069,0,13.333333,400
11.733334,352,2,1070,0,13.366667,401
11.766666,353,2,1071,0,13.4,402
11.8,354,2,1072,0,13.433333,403
11.833333,355,2,1073,0,13.466666,404
11.866667,356,2,1074,0,13.5,405
11.9,357,2,1075,0,13.533334,406
11.933333,358,2,1076,0,13.6,408
11.966666,359,2,1077,0,13.633333,409
12.0,360,2,1078,0,13.666667,410
12.033334,361,2,1079,0,13.7,411
12.066667,362,2,1080,0,13.733334,412
12.1,363,2,1081,0,13.766666,413
12.133333,364,2,1082,0,13.833333,415
12.166667,365,2,1083,0,13.866667,416
12.2,366,2,1084,0,13.9,417
12.233334,367,2,1085,0,13.933333,418
12.266666,368,2,1086,0,13.966666,419
12.3,369,2,1087,0,14.0,420
12.333333,370,2,1088,0,14.033334,421
12.366667,371,2,1089,0,14.066667,422
12.4,372,2,1090,0,14.1,423
12.433333,373,2,1091,0,14.133333,424
12.466666,374,2,1092,0,14.166667,425
0.0,0,3,1093,0,0.0,0
0.033333335,1,3,1094,0,2.1,63
0.06666667,2,3,1095,0,2.1333334,64
0.1,3,3,1096,0,2.1666667,65
0.13333334,4,3,1097,0,2.2,66
0.16666667,5,3,1098,0,2.2333333,67
0.2,6,3,1099,0,2.2666667,68
0.23333333,7,3,1100,0,2.3,69
0.26666668,8,3,1101,0,2.3333333,70
0.3,9,3,1102,0,2.4333334,73
0.33333334,10,3,1103,0,2.5666666,77
0.36666667,11,3,1104,0,2.7666667,83
0.4,12,3,1105,0,2.8,84
0.43333334,13,3,1106,0,2.8333333,85
0.46666667,14,3,1107,0,2.8666666,86
0.5,15,3,1108,0,2.9,87
0.53333336,16,3,1109,0,2.9333334,88
0.56666666,17,3,1110,0,2.9666667,89
0.6,18,3,1111,0,3.0,90
0.6333333,19,3,1112,0,3.0333333,91
0.6666667,20,3,1113,0,3.0666666,92
0.7,21,3,1114,0,3.1,93
0.73333335,22,3,1115,0,3.1333334,94
0.76666665,23,3,1116,0,3.1666667,95
0.8,24,3,1117,0,3.2,96
0.8333333,25,3,1118,0,3.2333333,97
0.8666667,26,3,1119,0,3.2666667,98
0.9,27,3,1120,0,3.3,99
0.93333334,28,3,1121,0,3.3333333,100
0.96666664,29,3,1122,0,3.3666666,101
1.0,30,3,1123,0,3.4,102
1.0333333,31,3,1124,0,3.4333334,103
1.0666667,32,3,1125,0,3.4666667,104
1.1,33,3,1126,0,3.5,105
1.1333333,34,3,1127,0,3.5333333,106
1.1666666,35,3,1128,0,3.5666666,107
1.2,36,3,1129,0,3.6,108
1.2333333,37,3,1130,0,3.6333334,109
1.2666667,38,3,1131,0,3.6666667,110
1.3,39,3,1132,0,3.7,111
1.3333334,40,3,1133,0,3.7333333,112
1.3666667,41,3,1134,0,3.7666667,113
1.4,42,3,1135,0,3.8,114
1.4333333,43,3,1136,0,3.8333333,115
1.4666667,44,3,1137,0,3.8666666,116
1.5,45,3,1138,0,3.9,117
1.5333333,46,3,1139,0,3.9333334,118
1.5666667,47,3,1140,0,3.9666667,119
1.6,48,3,1141,0,4.0,120
1.6333333,49,3,1142,0,4.0333333,121
1.6666666,50,3,1143,0,4.0666666,122
1.7,51,3,1144,0,4.1,123
1.7333333,52,3,1145,0,4.133333,124
1.7666667,53,3,1146,0,4.1666665,125
1.8,54,3,1147,0,4.2,126
1.8333334,55,3,1148,0,4.233333,127
1.8666667,56,3,1149,0,4.266667,128
1.9,57,3,1150,0,4.3,129
1.9333333,58,3,1151,0,4.3333335,130
1.9666667,59,3,1152,0,4.366667,131
2.0,60,3,1153,0,4.4,132
2.0333333,61,3,1154,0,4.4333334,133
2.0666666,62,3,1155,0,4.4666667,134
2.1,63,3,1156,0,4.5,135
2.1333334,64,3,1157,0,4.5333333,136
2.1666667,65,3,1158,0,4.5666666,137
2.2,66,3,1159,0,4.6,138
2.2333333,67,3,1160,0,4.633333,139
2.2666667,68,3,1161,0,4.6666665,140
2.3,69,3,1162,0,4.7,141
2.3333333,70,3,1163,0,4.733333,142
2.3666666,71,3,1164,0,4.766667,143
2.4,72,3,1165,0,4.8,144
2.4333334,73,3,1166,0,4.8333335,145
2.4666667,74,3,1167,0,4.866667,146
2.5,75,3,1168,0,4.9,147
2.5333333,76,3,1169,0,4.9333334,148
2.5666666,77,3,1170,0,4.9666667,149
2.6,78,3,1171,0,5.0,150
2.6333334,79,3,1172,0,5.0333333,151
2.6666667,80,3,1173,0,5.0666666,152
2.7,81,3,1174,0,5.1,153
2.7333333,82,3,1175,0,5.133333,154
2.7666667,83,3,1176,0,5.1666665,155
2.8,84,3,1177,0,5.2,156
2.8333333,85,3,1178,0,5.233333,157
2.8666666,86,3,1179,0,5.266667,158
2.9,87,3,1180,0,5.3,159
2.9333334,88,3,1181,0,5.3333335,160
2.9666667,89,3,1182,0,5.366667,161
3.0,90,3,1183,0,5.4,162
3.0333333,91,3,1184,0,5.4333334,163
3.0666666,92,3,1185,0,5.4666667,164
3.1,93,3,1186,0,5.5,165
3.1333334,94,3,1187,0,5.5333333,166
3.1666667,95,3,1188,0,5.5666666,167
3.2,96,3,1189,0,5.6,168
3.2333333,97,3,1190,0,5.633333,169
3.2666667,98,3,1191,0,5.6666665,170
3.3,99,3,1192,0,5.7,171
3.3333333,100,3,1193,0,5.733333,172
3.3666666,101,3,1194,0,5.766667,173
3.4,102,3,1195,0,5.8,174
3.4333334,103,3,1196,0,5.8333335,175
3.4666667,104,3,1197,0,5.866667,176
3.5,105,3,1198,0,5.9,177
3.5333333,106,3,1199,0,5.9333334,178
3.5666666,107,3,1200,0,5.9666667,179
3.6,108,3,1201,0,6.0,180
3.6333334,109,3,1202,0,6.0333333,181
3.6666667,110,3,1203,0,6.0666666,182
3.7,111,3,1204,0,6.1,183
3.7333333,112,3,1205,0,6.133333,184
3.7666667,113,3,1206,0,6.1666665,185
3.8,114,3,1207,0,6.2,186
3.8333333,115,3,1208,0,6.233333,187
3.8666666,116,3,1209,0,6.266667,188
3.9,117,3,1210,0,6.3,189
3.9333334,118,3,1211,0,6.3333335,190
3.9666667,119,3,1212,0,6.366667,191
4.0,120,3,1213,0,6.4,192
4.0333333,121,3,1214,0,6.4333334,193
4.0666666,122,3,1215,0,6.4666667,194
4.1,123,3,1216,0,6.5,195
4.133333,124,3,1217,0,6.5333333,196
4.1666665,125,3,1218,0,6.5666666,197
4.2,126,3,1219,0,6.6,198
4.233333,127,3,1220,0,6.633333,199
4.266667,128,3,1221,0,6.6666665,200
4.3,129,3,1222,0,6.7,201
4.3333335,130,3,1223,0,6.733333,202
4.366667,131,3,1224,0,6.766667,203
4.4,132,3,1225,0,6.8,204
4.4333334,133,3,1226,0,6.8333335,205
4.4666667,134,3,1227,0,6.866667,206
4.5,135,3,1228,0,6.9,207
4.5333333,136,3,1229,0,6.9333334,208
4.5666666,137,3,1230,0,6.9666667,209
4.6,138,3,1231,0,7.0,210
4.633333,139,3,1232,0,7.0333333,211
4.6666665,140,3,1233,0,7.0666666,212
4.7,141,3,1234,0,7.1,213
4.733333,142,3,1235,0,7.133333,214
4.766667,143,3,1236,0,7.1666665,215
4.8,144,3,1237,0,7.2,216
4.8333335,145,3,1238,0,7.233333,217
4.866667,146,3,1239,0,7.266667,218
4.9,147,3,1240,0,7.3,219
4.9333334,148,3,1241,0,7.3333335,220
4.9666667,149,3,1242,0,7.366667,221
5.0,150,3,1243,0,7.4,222
5.0333333,151,3,1244,0,7.4333334,223
5.0666666,152,3,1245,0,7.4666667,224
5.1,153,3,1246,0,7.5,225
5.133333,154,3,1247,0,7.5333333,226
5.1666665,155,3,1248,0,7.5666666,227
5.2,156,3,1249,0,7.6,228
5.233333,157,3,1250,0,7.633333,229
5.266667,158,3,1251,0,7.6666665,230
5.3,159,3,1252,0,7.7,231
5.3333335,160,3,1253,0,7.733333,232
5.366667,161,3,1254,0,7.766667,233
5.4,162,3,1255,0,7.8,234
5.4333334,163,3,1256,0,7.8333335,235
5.4666667,164,3,1257,0,7.866667,236
5.5,165,3,1258,0,7.9,237
5.5333333,166,3,1259,0,7.9333334,238
5.5666666,167,3,1260,0,7.9666667,239
5.6,168,3,1261,0,8.0,240
5.633333,169,3,1262,0,8.033334,241
5.6666665,170,3,1263,0,8.066667,242
5.7,171,3,1264,0,8.1,243
5.733333,172,3,1265,0,8.133333,244
5.766667,173,3,1266,0,8.166667,245
5.8,174,3,1267,0,8.2,246
5.8333335,175,3,1268,0,8.233334,247
5.866667,176,3,1269,0,8.266666,248
5.9,177,3,1270,0,8.3,249
5.9333334,178,3,1271,0,8.333333,250
5.9666667,179,3,1272,0,8.366667,251
6.0,180,3,1273,0,8.4,252
6.0333333,181,3,1274,0,8.433333,253
6.0666666,182,3,1275,0,8.466666,254
6.1,183,3,1276,0,8.5,255
6.133333,184,3,1277,0,8.533334,256
6.1666665,185,3,1278,0,8.566667,257
6.2,186,3,1279,0,8.6,258
6.233333,187,3,1280,0,8.633333,259
6.266667,188,3,1281,0,8.666667,260
6.3,189,3,1282,0,8.7,261
6.3333335,190,3,1283,0,8.733334,262
6.366667,191,3,1284,0,8.766666,263
6.4,192,3,1285,0,8.8,264
6.4333334,193,3,1286,0,8.833333,265
6.4666667,194,3,1287,0,8.866667,266
6.5,195,3,1288,0,8.9,267
6.5333333,196,3,1289,0,8.933333,268
6.5666666,197,3,1290,0,8.966666,269
6.6,198,3,1291,0,9.0,270
6.633333,199,3,1292,0,9.033334,271
6.6666665,200,3,1293,0,9.066667,272
6.7,201,3,1294,0,9.1,273
6.733333,202,3,1295,0,9.133333,274
6.766667,203,3,1296,0,9.166667,275
6.8,204,3,1297,0,9.2,276
6.8333335,205,3,1298,0,9.233334,277
6.866667,206,3,1299,0,9.266666,278
6.9,207,3,1300,0,9.3,279
6.9333334,208,3,1301,0,9.333333,280
6.9666667,209,3,1302,0,9.366667,281
7.0,210,3,1303,0,9.4,282
7.0333333,211,3,1304,0,9.433333,283
7.0666666,212,3,1305,0,9.466666,284
7.1,213,3,1306,0,9.5,285
7.133333,214,3,1307,0,9.533334,286
7.1666665,215,3,1308,0,9.566667,287
7.2,216,3,1309,0,9.6,288
7.233333,217,3,1310,0,9.633333,289
7.266667,218,3,1311,0,9.666667,290
7.3,219,3,1312,0,9.7,291
7.3333335,220,3,1313,0,9.733334,292
7.366667,221,3,1314,0,9.766666,293
7.4,222,3,1315,0,9.8,294
7.4333334,223,3,1316,0,9.833333,295
7.4666667,224,3,1317,0,9.866667,296
7.5,225,3,1318,0,9.9,297
7.5333333,226,3,1319,0,9.933333,298
7.5666666,227,3,1320,0,9.966666,299
7.6,228,3,1321,0,10.0,300
7.633333,229,3,1322,0,10.033334,301
7.6666665,230,3,1323,0,10.066667,302
7.7,231,3,1324,0,10.1,303
7.733333,232,3,1325,0,10.133333,304
7.766667,233,3,1326,0,10.166667,305
7.8,234,3,1327,0,10.2,306
7.8333335,235,3,1328,0,10.233334,307
7.866667,236,3,1329,0,10.266666,308
7.9,237,3,1330,0,10.3,309
7.9333334,238,3,1331,0,10.333333,310
7.9666667,239,3,1332,0,10.366667,311
8.0,240,3,1333,0,10.4,312
8.033334,241,3,1334,0,10.433333,313
8.066667,242,3,1335,0,10.466666,314
8.1,243,3,1336,0,10.5,315
8.133333,244,3,1337,0,10.533334,316
8.166667,245,3,1338,0,10.566667,317
8.2,246,3,1339,0,10.6,318
8.233334,247,3,1340,0,10.633333,319
8.266666,248,3,1341,0,10.666667,320
8.3,249,3,1342,0,10.7,321
8.333333,250,3,1343,0,10.733334,322
8.366667,251,3,1344,0,10.766666,323
8.4,252,3,1345,0,10.8,324
8.433333,253,3,1346,0,10.833333,325
8.466666,254,3,1347,0,10.866667,326
8.5,255,3,1348,0,10.9,327
8.533334,256,3,1349,0,10.933333,328
8.566667,257,3,1350,0,10.966666,329
8.6,258,3,1351,0,11.0,330
8.633333,259,3,1352,0,11.033334,331
8.666667,260,3,1353,0,11.066667,332
8.7,261,3,1354,0,11.1,333
8.733334,262,3,1355,0,11.133333,334
8.766666,263,3,1356,0,11.166667,335
8.8,264,3,1357,0,11.2,336
8.833333,265,3,1358,0,11.233334,337
8.866667,266,3,1359,0,11.266666,338
8.9,267,3,1360,0,11.3,339
8.933333,268,3,1361,0,11.333333,340
8.966666,269,3,1362,0,11.366667,341
9.0,270,3,1363,0,11.4,342
9.033334,271,3,1364,0,11.433333,343
9.066667,272,3,1365,0,11.466666,344
9.1,273,3,1366,0,11.5,345
9.133333,274,3,1367,0,11.533334,346
9.166667,275,3,1368,0,11.566667,347
9.2,276,3,1369,0,11.6,348
9.233334,277,3,1370,0,11.633333,349
9.266666,278,3,1371,0,11.666667,350
9.3,279,3,1372,0,11.7,351
9.333333,280,3,1373,0,11.733334,352
9.366667,281,3,1374,0,11.766666,353
9.4,282,3,1375,0,11.8,354
9.433333,283,3,1376,0,11.833333,355
9.466666,284,3,1377,0,11.866667,356
9.5,285,3,1378,0,11.9,357
9.533334,286,3,1379,0,11.933333,358
9.566667,287,3,1380,0,11.966666,359
9.6,288,3,1381,0,12.0,360
9.633333,289,3,1382,0,12.033334,361
9.666667,290,3,1383,0,12.066667,362
9.7,291,3,1384,0,12.1,363
9.733334,292,3,1385,0,12.133333,364
9.766666,293,3,1386,0,12.166667,365
9.8,294,3,1387,0,12.2,366
9.833333,295,3,1388,0,12.233334,367
9.866667,296,3,1389,0,12.266666,368
9.9,297,3,1390,0,12.3,369
9.933333,298,3,1391,0,12.333333,370
9.966666,299,3,1392,0,12.366667,371
10.0,300,3,1393,0,12.4,372
10.033334,301,3,1394,0,12.433333,373
10.066667,302,3,1395,0,12.466666,374
10.1,303,3,1396,0,12.5,375
10.133333,304,3,1397,0,12.533334,376
10.166667,305,3,1398,0,12.566667,377
10.2,306,3,1399,0,12.6,378
10.233334,307,3,1400,0,12.633333,379
10.266666,308,3,1401,0,12.666667,380
10.3,309,3,1402,0,12.7,381
10.333333,310,3,1403,0,12.733334,382
10.366667,311,3,1404,0,12.766666,383
10.4,312,3,1405,0,12.8,384
10.433333,313,3,1406,0,12.833333,385
10.466666,314,3,1407,0,12.866667,386
10.5,315,3,1408,0,12.9,387
10.533334,316,3,1409,0,12.933333,388
10.566667,317,3,1410,0,12.966666,389
10.6,318,3,1411,0,13.0,390
10.633333,319,3,1412,0,13.033334,391
10.666667,320,3,1413,0,13.066667,392
10.7,321,3,1414,0,13.1,393
10.733334,322,3,1415,0,13.133333,394
10.766666,323,3,1416,0,13.166667,395
10.8,324,3,1417,0,13.2,396
10.833333,325,3,1418,0,13.233334,397
10.866667,326,3,1419,0,13.266666,398
10.9,327,3,1420,0,13.3,399
10.933333,328,3,1421,0,13.333333,400
10.966666,329,3,1422,0,13.366667,401
11.0,330,3,1423,0,13.4,402
11.033334,331,3,1424,0,13.433333,403
11.066667,332,3,1425,0,13.466666,404
11.1,333,3,1426,0,13.5,405
11.133333,334,3,1427,0,13.533334,406
11.166667,335,3,1428,0,13.6,408
0.0,0,4,1429,0,0.0,0
0.033333335,1,4,1430,0,1.4,42
0.06666667,2,4,1431,0,1.4333333,43
0.1,3,4,1432,0,1.5,45
0.13333334,4,4,1433,0,1.5333333,46
0.16666667,5,4,1434,0,1.5666667,47
0.2,6,4,1435,0,1.6,48
0.23333333,7,4,1436,0,1.6333333,49
0.26666668,8,4,1437,0,1.7,51
0.3,9,4,1438,0,1.7333333,52
0.33333334,10,4,1439,0,1.7666667,53
0.36666667,11,4,1440,0,1.8333334,55
0.4,12,4,1441,0,1.8666667,56
0.43333334,13,4,1442,0,1.9,57
0.46666667,14,4,1443,0,1.9333333,58
0.5,15,4,1444,0,1.9666667,59
0.53333336,16,4,1445,0,2.0,60
0.56666666,17,4,1446,0,2.0333333,61
0.6,18,4,1447,0,2.0666666,62
0.6333333,19,4,1448,0,2.1,63
0.6666667,20,4,1449,0,2.1333334,64
0.7,21,4,1450,0,2.1666667,65
0.73333335,22,4,1451,0,2.2,66
0.76666665,23,4,1452,0,2.2333333,67
0.8,24,4,1453,0,2.2666667,68
0.8333333,25,4,1454,0,2.3,69
0.8666667,26,4,1455,0,2.3333333,70
0.9,27,4,1456,0,2.3666666,71
0.93333334,28,4,1457,0,2.4,72
0.96666664,29,4,1458,0,2.4333334,73
1.0,30,4,1459,0,2.4666667,74
1.0333333,31,4,1460,0,2.5,75
1.0666667,32,4,1461,0,2.5333333,76
1.1,33,4,1462,0,2.5666666,77
1.1333333,34,4,1463,0,2.6,78
1.1666666,35,4,1464,0,2.6333334,79
1.2,36,4,1465,0,2.6666667,80
1.2333333,37,4,1466,0,2.7,81
1.2666667,38,4,1467,0,2.7333333,82
1.3,39,4,1468,0,2.7666667,83
1.3333334,40,4,1469,0,2.8,84
1.3666667,41,4,1470,0,2.8333333,85
1.4,42,4,1471,0,2.8666666,86
1.4333333,43,4,1472,0,2.9,87
1.4666667,44,4,1473,0,2.9333334,88
1.5,45,4,1474,0,2.9666667,89
1.5333333,46,4,1475,0,3.0,90
1.5666667,47,4,1476,0,3.0333333,91
1.6,48,4,1477,0,3.0666666,92
1.6333333,49,4,1478,0,3.1,93
1.6666666,50,4,1479,0,3.1333334,94
1.7,51,4,1480,0,3.1666667,95
1.7333333,52,4,1481,0,3.2,96
1.7666667,53,4,1482,0,3.2333333,97
1.8,54,4,1483,0,3.2666667,98
1.8333334,55,4,1484,0,3.3,99
1.8666667,56,4,1485,0,3.3333333,100
1.9,57,4,1486,0,3.3666666,101
1.9333333,58,4,1487,0,3.4,102
1.9666667,59,4,1488,0,3.4333334,103
2.0,60,4,1489,0,3.4666667,104
2.0333333,61,4,1490,0,3.5,105
2.0666666,62,4,1491,0,3.5333333,106
2.1,63,4,1492,0,3.5666666,107
2.1333334,64,4,1493,0,3.6,108
2.1666667,65,4,1494,0,3.6333334,109
2.2,66,4,1495,0,3.6666667,110
2.2333333,67,4,1496,0,3.7,111
2.2666667,68,4,1497,0,3.7333333,112
2.3,69,4,1498,0,3.7666667,113
2.3333333,70,4,1499,0,3.8,114
2.3666666,71,4,1500,0,3.8333333,115
2.4,72,4,1501,0,3.8666666,116
2.4333334,73,4,1502,0,3.9,117
2.4666667,74,4,1503,0,3.9333334,118
2.5,75,4,1504,0,3.9666667,119
2.5333333,76,4,1505,0,4.0,120
2.5666666,77,4,1506,0,4.0333333,121
2.6,78,4,1507,0,4.0666666,122
2.6333334,79,4,1508,0,4.1,123
2.6666667,80,4,1509,0,4.133333,124
2.7,81,4,1510,0,4.1666665,125
2.7333333,82,4,1511,0,4.2,126
2.7666667,83,4,1512,0,4.233333,127
2.8,84,4,1513,0,4.266667,128
2.8333333,85,4,1514,0,4.3,129
2.8666666,86,4,1515,0,4.3333335,130
2.9,87,4,1516,0,4.366667,131
2.9333334,88,4,1517,0,4.4,132
2.9666667,89,4,1518,0,4.4333334,133
3.0,90,4,1519,0,4.4666667,134
3.0333333,91,4,1520,0,4.5,135
3.0666666,92,4,1521,0,4.5333333,136
3.1,93,4,1522,0,4.5666666,137
3.1333334,94,4,1523,0,4.6,138
3.1666667,95,4,1524,0,4.633333,139
3.2,96,4,1525,0,4.6666665,140
3.2333333,97,4,1526,0,4.7,141
3.2666667,98,4,1527,0,4.733333,142
3.3,99,4,1528,0,4.766667,143
3.3333333,100,4,1529,0,4.8,144
3.3666666,101,4,1530,0,4.8333335,145
3.4,102,4,1531,0,4.866667,146
3.4333334,103,4,1532,0,4.9,147
3.4666667,104,4,1533,0,4.9333334,148
3.5,105,4,1534,0,4.9666667,149
3.5333333,106,4,1535,0,5.0,150
3.5666666,107,4,1536,0,5.0333333,151
3.6,108,4,1537,0,5.0666666,152
3.6333334,109,4,1538,0,5.1,153
3.6666667,110,4,1539,0,5.133333,154
3.7,111,4,1540,0,5.1666665,155
3.7333333,112,4,1541,0,5.2,156
3.7666667,113,4,1542,0,5.233333,157
3.8,114,4,1543,0,5.266667,158
3.8333333,115,4,1544,0,5.3,159
3.8666666,116,4,1545,0,5.3333335,160
3.9,117,4,1546,0,5.366667,161
3.9333334,118,4,1547,0,5.4,162
3.9666667,119,4,1548,0,5.4333334,163
4.0,120,4,1549,0,5.4666667,164
4.0333333,121,4,1550,0,5.5,165
4.0666666,122,4,1551,0,5.5333333,166
4.1,123,4,1552,0,5.5666666,167
4.133333,124,4,1553,0,5.6,168
4.1666665,125,4,1554,0,5.633333,169
4.2,126,4,1555,0,5.6666665,170
4.233333,127,4,1556,0,5.7,171
4.266667,128,4,1557,0,5.733333,172
4.3,129,4,1558,0,5.766667,173
4.3333335,130,4,1559,0,5.8,174
4.366667,131,4,1560,0,5.8333335,175
4.4,132,4,1561,0,5.866667,176
4.4333334,133,4,1562,0,5.9,177
4.4666667,134,4,1563,0,5.9333334,178
4.5,135,4,1564,0,5.9666667,179
4.5333333,136,4,1565,0,6.0,180
4.5666666,137,4,1566,0,6.0333333,181
4.6,138,4,1567,0,6.0666666,182
4.633333,139,4,1568,0,6.1,183
4.6666665,140,4,1569,0,6.133333,184
4.7,141,4,1570,0,6.1666665,185
4.733333,142,4,1571,0,6.2,186
4.766667,143,4,1572,0,6.233333,187
4.8,144,4,1573,0,6.266667,188
4.8333335,145,4,1574,0,6.3,189
4.866667,146,4,1575,0,6.3333335,190
4.9,147,4,1576,0,6.366667,191
4.9333334,148,4,1577,0,6.4,192
4.9666667,149,4,1578,0,6.4333334,193
5.0,150,4,1579,0,6.4666667,194
5.0333333,151,4,1580,0,6.5,195
5.0666666,152,4,1581,0,6.5333333,196
5.1,153,4,1582,0,6.5666666,197
5.133333,154,4,1583,0,6.6,198
5.1666665,155,4,1584,0,6.633333,199
5.2,156,4,1585,0,6.6666665,200
5.233333,157,4,1586,0,6.7,201
5.266667,158,4,1587,0,6.733333,202
5.3,159,4,1588,0,6.766667,203
5.3333335,160,4,1589,0,6.8,204
5.366667,161,4,1590,0,6.8333335,205
5.4,162,4,1591,0,6.866667,206
5.4333334,163,4,1592,0,6.9,207
5.4666667,164,4,1593,0,6.9333334,208
5.5,165,4,1594,0,6.9666667,209
5.5333333,166,4,1595,0,7.0,210
5.5666666,167,4,1596,0,7.0333333,211
5.6,168,4,1597,0,7.0666666,212
5.633333,169,4,1598,0,7.1,213
5.6666665,170,4,1599,0,7.133333,214
5.7,171,4,1600,0,7.1666665,215
5.733333,172,4,1601,0,7.2,216
5.766667,173,4,1602,0,7.233333,217
5.8,174,4,1603,0,7.266667,218
5.8333335,175,4,1604,0,7.3,219
5.866667,176,4,1605,0,7.3333335,220
5.9,177,4,1606,0,7.366667,221
5.9333334,178,4,1607,0,7.4,222
5.9666667,179,4,1608,0,7.4333334,223
6.0,180,4,1609,0,7.4666667,224
6.0333333,181,4,1610,0,7.5,225
6.0666666,182,4,1611,0,7.5333333,226
6.1,183,4,1612,0,7.5666666,227
6.133333,184,4,1613,0,7.6,228
6.1666665,185,4,1614,0,7.633333,229
6.2,186,4,1615,0,7.6666665,230
6.233333,187,4,1616,0,7.7,231
6.266667,188,4,1617,0,7.733333,232
6.3,189,4,1618,0,7.766667,233
6.3333335,190,4,1619,0,7.8,234
6.366667,191,4,1620,0,7.8333335,235
6.4,192,4,1621,0,7.866667,236
6.4333334,193,4,1622,0,7.9,237
6.4666667,194,4,1623,0,7.9333334,238
6.5,195,4,1624,0,7.9666667,239
6.5333333,196,4,1625,0,8.0,240
6.5666666,197,4,1626,0,8.033334,241
6.6,198,4,1627,0,8.066667,242
6.633333,199,4,1628,0,8.1,243
6.6666665,200,4,1629,0,8.133333,244
6.7,201,4,1630,0,8.166667,245
6.733333,202,4,1631,0,8.2,246
6.766667,203,4,1632,0,8.233334,247
6.8,204,4,1633,0,8.266666,248
6.8333335,205,4,1634,0,8.3,249
6.866667,206,4,1635,0,8.333333,250
6.9,207,4,1636,0,8.366667,251
6.9333334,208,4,1637,0,8.4,252
6.9666667,209,4,1638,0,8.433333,253
7.0,210,4,1639,0,8.466666,254
7.0333333,211,4,1640,0,8.5,255
7.0666666,212,4,1641,0,8.533334,256
7.1,213,4,1642,0,8.566667,257
7.133333,214,4,1643,0,8.6,258
7.1666665,215,4,1644,0,8.633333,259
7.2,216,4,1645,0,8.666667,260
7.233333,217,4,1646,0,8.7,261
7.266667,218,4,1647,0,8.733334,262
7.3,219,4,1648,0,8.766666,263
7.3333335,220,4,1649,0,8.8,264
7.366667,221,4,1650,0,8.833333,265
7.4,222,4,1651,0,8.866667,266
7.4333334,223,4,1652,0,8.9,267
7.4666667,224,4,1653,0,8.933333,268
7.5,225,4,1654,0,8.966666,269
7.5333333,226,4,1655,0,9.0,270
7.5666666,227,4,1656,0,9.033334,271
7.6,228,4,1657,0,9.066667,272
7.633333,229,4,1658,0,9.1,273
7.6666665,230,4,1659,0,9.133333,274
7.7,231,4,1660,0,9.166667,275
7.733333,232,4,1661,0,9.2,276
7.766667,233,4,1662,0,9.233334,277
7.8,234,4,1663,0,9.266666,278
7.8333335,235,4,1664,0,9.3,279
7.866667,236,4,1665,0,9.333333,280
7.9,237,4,1666,0,9.366667,281
7.9333334,238,4,1667,0,9.4,282
7.9666667,239,4,1668,0,9.433333,283
8.0,240,4,1669,0,9.466666,284
8.033334,241,4,1670,0,9.5,285
8.066667,242,4,1671,0,9.533334,286
8.1,243,4,1672,0,9.566667,287
8.133333,244,4,1673,0,9.6,288
8.166667,245,4,1674,0,9.633333,289
8.2,246,4,1675,0,9.666667,290
8.233334,247,4,1676,0,9.7,291
8.266666,248,4,1677,0,9.733334,292
8.3,249,4,1678,0,9.766666,293
8.333333,250,4,1679,0,9.8,294
8.366667,251,4,1680,0,9.833333,295
8.4,252,4,1681,0,9.866667,296
8.433333,253,4,1682,0,9.9,297
8.466666,254,4,1683,0,9.933333,298
8.5,255,4,1684,0,9.966666,299
8.533334,256,4,1685,0,10.0,300
8.566667,257,4,1686,0,10.033334,301
8.6,258,4,1687,0,10.066667,302
8.633333,259,4,1688,0,10.1,303
8.666667,260,4,1689,0,10.133333,304
8.7,261,4,1690,0,10.166667,305
8.733334,262,4,1691,0,10.2,306
8.766666,263,4,1692,0,10.233334,307
8.8,264,4,1693,0,10.266666,308
8.833333,265,4,1694,0,10.3,309
8.866667,266,4,1695,0,10.333333,310
8.9,267,4,1696,0,10.366667,311
8.933333,268,4,1697,0,10.4,312
8.966666,269,4,1698,0,10.433333,313
9.0,270,4,1699,0,10.466666,314
9.033334,271,4,1700,0,10.5,315
9.066667,272,4,1701,0,10.533334,316
9.1,273,4,1702,0,10.566667,317
9.133333,274,4,1703,0,10.6,318
9.166667,275,4,1704,0,10.633333,319
9.2,276,4,1705,0,10.666667,320
9.233334,277,4,1706,0,10.7,321
9.266666,278,4,1707,0,10.733334,322
9.3,279,4,1708,0,10.766666,323
9.333333,280,4,1709,0,10.8,324
9.366667,281,4,1710,0,10.833333,325
9.4,282,4,1711,0,10.866667,326
9.433333,283,4,1712,0,10.9,327
9.466666,284,4,1713,0,10.933333,328
9.5,285,4,1714,0,10.966666,329
9.533334,286,4,1715,0,11.0,330
9.566667,287,4,1716,0,11.033334,331
9.6,288,4,1717,0,11.066667,332
9.633333,289,4,1718,0,11.1,333
9.666667,290,4,1719,0,11.133333,334
9.7,291,4,1720,0,11.166667,335
9.733334,292,4,1721,0,11.2,336
9.766666,293,4,1722,0,11.233334,337
9.8,294,4,1723,0,11.266666,338
9.833333,295,4,1724,0,11.3,339
9.866667,296,4,1725,0,11.333333,340
9.9,297,4,1726,0,11.366667,341
9.933333,298,4,1727,0,11.4,342
9.966666,299,4,1728,0,11.433333,343
10.0,300,4,1729,0,11.466666,344
10.033334,301,4,1730,0,11.5,345
10.066667,302,4,1731,0,11.533334,346
10.1,303,4,1732,0,11.566667,347
10.133333,304,4,1733,0,11.6,348
10.166667,305,4,1734,0,11.633333,349
10.2,306,4,1735,0,11.666667,350
10.233334,307,4,1736,0,11.7,351
10.266666,308,4,1737,0,11.733334,352
10.3,309,4,1738,0,11.766666,353
10.333333,310,4,1739,0,11.8,354
10.366667,311,4,1740,0,11.833333,355
10.4,312,4,1741,0,11.866667,356
10.433333,313,4,1742,0,11.9,357
10.466666,314,4,1743,0,11.933333,358
10.5,315,4,1744,0,11.966666,359
10.533334,316,4,1745,0,12.0,360
10.566667,317,4,1746,0,12.033334,361
10.6,318,4,1747,0,12.066667,362
10.633333,319,4,1748,0,12.1,363
10.666667,320,4,1749,0,12.133333,364
10.7,321,4,1750,0,12.166667,365
10.733334,322,4,1751,0,12.2,366
10.766666,323,4,1752,0,12.233334,367
10.8,324,4,1753,0,12.266666,368
10.833333,325,4,1754,0,12.3,369
10.866667,326,4,1755,0,12.333333,370
10.9,327,4,1756,0,12.366667,371
10.933333,328,4,1757,0,12.4,372
10.966666,329,4,1758,0,12.433333,373
11.0,330,4,1759,0,12.466666,374
11.033334,331,4,1760,0,12.533334,376
11.066667,332,4,1761,0,12.733334,382
11.1,333,4,1762,0,12.766666,383
0.0,0,5,1763,0,0.0,0
0.033333335,1,5,1764,0,1.5333333,46
0.06666667,2,5,1765,0,1.5666667,47
0.1,3,5,1766,0,1.6,48
0.13333334,4,5,1767,0,1.6333333,49
0.16666667,5,5,1768,0,1.6666666,50
0.2,6,5,1769,0,1.7,51
0.23333333,7,5,1770,0,1.7333333,52
0.26666668,8,5,1771,0,1.8333334,55
0.3,9,5,1772,0,1.8666667,56
0.33333334,10,5,1773,0,1.9,57
0.36666667,11,5,1774,0,1.9333333,58
0.4,12,5,1775,0,1.9666667,59
0.43333334,13,5,1776,0,2.0,60
0.46666667,14,5,1777,0,2.0333333,61
0.5,15,5,1778,0,2.0666666,62
0.53333336,16,5,1779,0,2.1,63
0.56666666,17,5,1780,0,2.1333334,64
0.6,18,5,1781,0,2.1666667,65
0.6333333,19,5,1782,0,2.2,66
0.6666667,20,5,1783,0,2.2333333,67
0.7,21,5,1784,0,2.2666667,68
0.73333335,22,5,1785,0,2.3,69
0.76666665,23,5,1786,0,2.3333333,70
0.8,24,5,1787,0,2.3666666,71
0.8333333,25,5,1788,0,2.4,72
0.8666667,26,5,1789,0,2.4333334,73
0.9,27,5,1790,0,2.4666667,74
0.93333334,28,5,1791,0,2.5,75
0.96666664,29,5,1792,0,2.5333333,76
1.0,30,5,1793,0,2.5666666,77
1.0333333,31,5,1794,0,2.6,78
1.0666667,32,5,1795,0,2.6333334,79
1.1,33,5,1796,0,2.6666667,80
1.1333333,34,5,1797,0,2.7,81
1.1666666,35,5,1798,0,2.7333333,82
1.2,36,5,1799,0,2.7666667,83
1.2333333,37,5,1800,0,2.8,84
1.2666667,38,5,1801,0,2.8333333,85
1.3,39,5,1802,0,2.8666666,86
1.3333334,40,5,1803,0,2.9,87
1.3666667,41,5,1804,0,2.9333334,88
1.4,42,5,1805,0,2.9666667,89
1.4333333,43,5,1806,0,3.0,90
1.4666667,44,5,1807,0,3.0333333,91
1.5,45,5,1808,0,3.0666666,92
1.5333333,46,5,1809,0,3.1,93
1.5666667,47,5,1810,0,3.1333334,94
1.6,48,5,1811,0,3.1666667,95
1.6333333,49,5,1812,0,3.2,96
1.6666666,50,5,1813,0,3.2333333,97
1.7,51,5,1814,0,3.2666667,98
1.7333333,52,5,1815,0,3.3,99
1.7666667,53,5,1816,0,3.3333333,100
1.8,54,5,1817,0,3.3666666,101
1.8333334,55,5,1818,0,3.4,102
1.8666667,56,5,1819,0,3.4333334,103
1.9,57,5,1820,0,3.4666667,104
1.9333333,58,5,1821,0,3.5,105
1.9666667,59,5,1822,0,3.5333333,106
2.0,60,5,1823,0,3.5666666,107
2.0333333,61,5,1824,0,3.6,108
2.0666666,62,5,1825,0,3.6333334,109
2.1,63,5,1826,0,3.6666667,110
2.1333334,64,5,1827,0,3.7,111
2.1666667,65,5,1828,0,3.7333333,112
2.2,66,5,1829,0,3.7666667,113
2.2333333,67,5,1830,0,3.8,114
2.2666667,68,5,1831,0,3.8333333,115
2.3,69,5,1832,0,3.8666666,116
2.3333333,70,5,1833,0,3.9,117
2.3666666,71,5,1834,0,3.9333334,118
2.4,72,5,1835,0,3.9666667,119
2.4333334,73,5,1836,0,4.0,120
2.4666667,74,5,1837,0,4.0333333,121
2.5,75,5,1838,0,4.0666666,122
2.5333333,76,5,1839,0,4.1,123
2.5666666,77,5,1840,0,4.133333,124
2.6,78,5,1841,0,4.1666665,125
2.6333334,79,5,1842,0,4.2,126
2.6666667,80,5,1843,0,4.233333,127
2.7,81,5,1844,0,4.266667,128
2.7333333,82,5,1845,0,4.3,129
2.7666667,83,5,1846,0,4.3333335,130
2.8,84,5,1847,0,4.366667,131
2.8333333,85,5,1848,0,4.4,132
2.8666666,86,5,1849,0,4.4333334,133
2.9,87,5,1850,0,4.4666667,134
2.9333334,88,5,1851,0,4.5,135
2.9666667,89,5,1852,0,4.5333333,136
3.0,90,5,1853,0,4.5666666,137
3.0333333,91,5,1854,0,4.6,138
3.0666666,92,5,1855,0,4.633333,139
3.1,93,5,1856,0,4.6666665,140
3.1333334,94,5,1857,0,4.7,141
3.1666667,95,5,1858,0,4.733333,142
3.2,96,5,1859,0,4.766667,143
3.2333333,97,5,1860,0,4.8,144
3.2666667,98,5,1861,0,4.8333335,145
3.3,99,5,1862,0,4.866667,146
3.3333333,100,5,1863,0,4.9,147
3.3666666,101,5,1864,0,4.9333334,148
3.4,102,5,1865,0,4.9666667,149
3.4333334,103,5,1866,0,5.0,150
3.4666667,104,5,1867,0,5.0333333,151
3.5,105,5,1868,0,5.0666666,152
3.5333333,106,5,1869,0,5.1,153
3.5666666,107,5,1870,0,5.133333,154
3.6,108,5,1871,0,5.1666665,155
3.6333334,109,5,1872,0,5.2,156
3.6666667,110,5,1873,0,5.233333,157
3.7,111,5,1874,0,5.266667,158
3.7333333,112,5,1875,0,5.3,159
3.7666667,113,5,1876,0,5.3333335,160
3.8,114,5,1877,0,5.366667,161
3.8333333,115,5,1878,0,5.4,162
3.8666666,116,5,1879,0,5.4333334,163
3.9,117,5,1880,0,5.4666667,164
3.9333334,118,5,1881,0,5.5,165
3.9666667,119,5,1882,0,5.5333333,166
4.0,120,5,1883,0,5.5666666,167
4.0333333,121,5,1884,0,5.6,168
4.0666666,122,5,1885,0,5.633333,169
4.1,123,5,1886,0,5.6666665,170
4.133333,124,5,1887,0,5.7,171
4.1666665,125,5,1888,0,5.733333,172
4.2,126,5,1889,0,5.766667,173
4.233333,127,5,1890,0,5.8,174
4.266667,128,5,1891,0,5.8333335,175
4.3,129,5,1892,0,5.866667,176
4.3333335,130,5,1893,0,5.9,177
4.366667,131,5,1894,0,5.9333334,178
4.4,132,5,1895,0,5.9666667,179
4.4333334,133,5,1896,0,6.0,180
4.4666667,134,5,1897,0,6.0333333,181
4.5,135,5,1898,0,6.0666666,182
4.5333333,136,5,1899,0,6.1,183
4.5666666,137,5,1900,0,6.133333,184
4.6,138,5,1901,0,6.1666665,185
4.633333,139,5,1902,0,6.2,186
4.6666665,140,5,1903,0,6.233333,187
4.7,141,5,1904,0,6.266667,188
4.733333,142,5,1905,0,6.3,189
4.766667,143,5,1906,0,6.3333335,190
4.8,144,5,1907,0,6.366667,191
4.8333335,145,5,1908,0,6.4,192
4.866667,146,5,1909,0,6.4333334,193
4.9,147,5,1910,0,6.4666667,194
4.9333334,148,5,1911,0,6.5,195
4.9666667,149,5,1912,0,6.5333333,196
5.0,150,5,1913,0,6.5666666,197
5.0333333,151,5,1914,0,6.6,198
5.0666666,152,5,1915,0,6.633333,199
5.1,153,5,1916,0,6.6666665,200
5.133333,154,5,1917,0,6.7,201
5.1666665,155,5,1918,0,6.733333,202
5.2,156,5,1919,0,6.766667,203
5.233333,157,5,1920,0,6.8,204
5.266667,158,5,1921,0,6.8333335,205
5.3,159,5,1922,0,6.866667,206
5.3333335,160,5,1923,0,6.9,207
5.366667,161,5,1924,0,6.9333334,208
5.4,162,5,1925,0,6.9666667,209
5.4333334,163,5,1926,0,7.0,210
5.4666667,164,5,1927,0,7.0333333,211
5.5,165,5,1928,0,7.0666666,212
5.5333333,166,5,1929,0,7.1,213
5.5666666,167,5,1930,0,7.133333,214
5.6,168,5,1931,0,7.1666665,215
5.633333,169,5,1932,0,7.2,216
5.6666665,170,5,1933,0,7.233333,217
5.7,171,5,1934,0,7.266667,218
5.733333,172,5,1935,0,7.3,219
5.766667,173,5,1936,0,7.3333335,220
5.8,174,5,1937,0,7.366667,221
5.8333335,175,5,1938,0,7.4,222
5.866667,176,5,1939,0,7.4333334,223
5.9,177,5,1940,0,7.4666667,224
5.9333334,178,5,1941,0,7.5,225
5.9666667,179,5,1942,0,7.5333333,226
6.0,180,5,1943,0,7.5666666,227
6.0333333,181,5,1944,0,7.6,228
6.0666666,182,5,1945,0,7.633333,229
6.1,183,5,1946,0,7.6666665,230
6.133333,184,5,1947,0,7.7,231
6.1666665,185,5,1948,0,7.733333,232
6.2,186,5,1949,0,7.766667,233
6.233333,187,5,1950,0,7.8,234
6.266667,188,5,1951,0,7.8333335,235
6.3,189,5,1952,0,7.866667,236
6.3333335,190,5,1953,0,7.9,237
6.366667,191,5,1954,0,7.9333334,238
6.4,192,5,1955,0,7.9666667,239
6.4333334,193,5,1956,0,8.0,240
6.4666667,194,5,1957,0,8.033334,241
6.5,195,5,1958,0,8.066667,242
6.5333333,196,5,1959,0,8.1,243
6.5666666,197,5,1960,0,8.133333,244
6.6,198,5,1961,0,8.166667,245
6.633333,199,5,1962,0,8.2,246
6.6666665,200,5,1963,0,8.233334,247
6.7,201,5,1964,0,8.266666,248
6.733333,202,5,1965,0,8.3,249
6.766667,203,5,1966,0,8.333333,250
6.8,204,5,1967,0,8.366667,251
6.8333335,205,5,1968,0,8.4,252
6.866667,206,5,1969,0,8.433333,253
6.9,207,5,1970,0,8.466666,254
6.9333334,208,5,1971,0,8.5,255
6.9666667,209,5,1972,0,8.533334,256
7.0,210,5,1973,0,8.566667,257
7.0333333,211,5,1974,0,8.6,258
7.0666666,212,5,1975,0,8.633333,259
7.1,213,5,1976,0,8.666667,260
7.133333,214,5,1977,0,8.7,261
7.1666665,215,5,1978,0,8.733334,262
7.2,216,5,1979,0,8.766666,263
7.233333,217,5,1980,0,8.8,264
7.266667,218,5,1981,0,8.833333,265
7.3,219,5,1982,0,8.866667,266
7.3333335,220,5,1983,0,8.9,267
7.366667,221,5,1984,0,8.933333,268
7.4,222,5,1985,0,8.966666,269
7.4333334,223,5,1986,0,9.0,270
7.4666667,224,5,1987,0,9.033334,271
7.5,225,5,1988,0,9.066667,272
7.5333333,226,5,1989,0,9.1,273
7.5666666,227,5,1990,0,9.133333,274
7.6,228,5,1991,0,9.166667,275
7.633333,229,5,1992,0,9.2,276
7.6666665,230,5,1993,0,9.233334,277
7.7,231,5,1994,0,9.266666,278
7.733333,232,5,1995,0,9.3,279
7.766667,233,5,1996,0,9.333333,280
7.8,234,5,1997,0,9.366667,281
7.8333335,235,5,1998,0,9.4,282
7.866667,236,5,1999,0,9.433333,283
7.9,237,5,2000,0,9.466666,284
7.9333334,238,5,2001,0,9.5,285
7.9666667,239,5,2002,0,9.533334,286
8.0,240,5,2003,0,9.566667,287
8.033334,241,5,2004,0,9.6,288
8.066667,242,5,2005,0,9.633333,289
8.1,243,5,2006,0,9.666667,290
8.133333,244,5,2007,0,9.7,291
8.166667,245,5,2008,0,9.733334,292
8.2,246,5,2009,0,9.766666,293
8.233334,247,5,2010,0,9.8,294
8.266666,248,5,2011,0,9.833333,295
8.3,249,5,2012,0,9.866667,296
8.333333,250,5,2013,0,9.9,297
8.366667,251,5,2014,0,9.933333,298
8.4,252,5,2015,0,9.966666,299
8.433333,253,5,2016,0,10.0,300
8.466666,254,5,2017,0,10.033334,301
8.5,255,5,2018,0,10.066667,302
8.533334,256,5,2019,0,10.1,303
8.566667,257,5,2020,0,10.133333,304
8.6,258,5,2021,0,10.166667,305
8.633333,259,5,2022,0,10.2,306
8.666667,260,5,2023,0,10.233334,307
8.7,261,5,2024,0,10.266666,308
8.733334,262,5,2025,0,10.3,309
8.766666,263,5,2026,0,10.333333,310
8.8,264,5,2027,0,10.366667,311
8.833333,265,5,2028,0,10.4,312
8.866667,266,5,2029,0,10.433333,313
8.9,267,5,2030,0,10.466666,314
8.933333,268,5,2031,0,10.5,315
8.966666,269,5,2032,0,10.533334,316
9.0,270,5,2033,0,10.566667,317
9.033334,271,5,2034,0,10.6,318
9.066667,272,5,2035,0,10.633333,319
9.1,273,5,2036,0,10.666667,320
9.133333,274,5,2037,0,10.7,321
9.166667,275,5,2038,0,10.733334,322
9.2,276,5,2039,0,10.766666,323
9.233334,277,5,2040,0,10.8,324
9.266666,278,5,2041,0,10.833333,325
9.3,279,5,2042,0,10.866667,326
9.333333,280,5,2043,0,10.9,327
9.366667,281,5,2044,0,10.933333,328
9.4,282,5,2045,0,10.966666,329
9.433333,283,5,2046,0,11.0,330
9.466666,284,5,2047,0,11.033334,331
9.5,285,5,2048,0,11.066667,332
9.533334,286,5,2049,0,11.1,333
9.566667,287,5,2050,0,11.133333,334
9.6,288,5,2051,0,11.166667,335
9.633333,289,5,2052,0,11.2,336
9.666667,290,5,2053,0,11.233334,337
9.7,291,5,2054,0,11.266666,338
9.733334,292,5,2055,0,11.3,339
9.766666,293,5,2056,0,11.333333,340
9.8,294,5,2057,0,11.366667,341
9.833333,295,5,2058,0,11.4,342
9.866667,296,5,2059,0,11.433333,343
9.9,297,5,2060,0,11.466666,344
9.933333,298,5,2061,0,11.5,345
9.966666,299,5,2062,0,11.533334,346
10.0,300,5,2063,0,11.566667,347
10.033334,301,5,2064,0,11.6,348
10.066667,302,5,2065,0,11.633333,349
10.1,303,5,2066,0,11.666667,350
10.133333,304,5,2067,0,11.7,351
10.166667,305,5,2068,0,11.733334,352
10.2,306,5,2069,0,11.766666,353
10.233334,307,5,2070,0,11.8,354
10.266666,308,5,2071,0,11.833333,355
10.3,309,5,2072,0,11.866667,356
10.333333,310,5,2073,0,11.9,357
10.366667,311,5,2074,0,11.933333,358
10.4,312,5,2075,0,11.966666,359
10.433333,313,5,2076,0,12.0,360
10.466666,314,5,2077,0,12.033334,361
10.5,315,5,2078,0,12.066667,362
10.533334,316,5,2079,0,12.1,363
10.566667,317,5,2080,0,12.133333,364
10.6,318,5,2081,0,12.166667,365
10.633333,319,5,2082,0,12.2,366
10.666667,320,5,2083,0,12.233334,367
10.7,321,5,2084,0,12.266666,368
10.733334,322,5,2085,0,12.3,369
10.766666,323,5,2086,0,12.333333,370
10.8,324,5,2087,0,12.366667,371
10.833333,325,5,2088,0,12.4,372
10.866667,326,5,2089,0,12.433333,373
10.9,327,5,2090,0,12.466666,374
10.933333,328,5,2091,0,12.5,375
10.966666,329,5,2092,0,12.533334,376
11.0,330,5,2093,0,12.566667,377
11.033334,331,5,2094,0,12.6,378
11.066667,332,5,2095,0,12.633333,379
11.1,333,5,2096,0,12.666667,380
11.133333,334,5,2097,0,12.7,381
11.166667,335,5,2098,0,12.733334,382
11.2,336,5,2099,0,12.766666,383
11.233334,337,5,2100,0,12.8,384
11.266666,338,5,2101,0,12.833333,385
11.3,339,5,2102,0,12.866667,386
11.333333,340,5,2103,0,12.9,387
11.366667,341,5,2104,0,12.933333,388
0.0,0,6,2105,0,0.0,0
0.033333335,1,6,2106,0,1.8666667,56
0.06666667,2,6,2107,0,1.9,57
0.1,3,6,2108,0,2.2666667,68
0.13333334,4,6,2109,0,2.4666667,74
0.16666667,5,6,2110,0,2.5,75
0.2,6,6,2111,0,2.5333333,76
0.23333333,7,6,2112,0,2.5666666,77
0.26666668,8,6,2113,0,2.6,78
0.3,9,6,2114,0,2.6333334,79
0.33333334,10,6,2115,0,2.6666667,80
0.36666667,11,6,2116,0,2.7333333,82
0.4,12,6,2117,0,2.8,84
0.43333334,13,6,2118,0,2.8333333,85
0.46666667,14,6,2119,0,2.8666666,86
0.5,15,6,2120,0,2.9,87
0.53333336,16,6,2121,0,3.0,90
0.56666666,17,6,2122,0,3.2,96
0.6,18,6,2123,0,3.4333334,103
0.6333333,19,6,2124,0,3.5,105
0.6666667,20,6,2125,0,3.5333333,106
0.7,21,6,2126,0,3.5666666,107
0.73333335,22,6,2127,0,3.6,108
0.76666665,23,6,2128,0,3.6333334,109
0.8,24,6,2129,0,3.6666667,110
0.8333333,25,6,2130,0,3.7,111
0.8666667,26,6,2131,0,3.7333333,112
0.9,27,6,2132,0,3.7666667,113
0.93333334,28,6,2133,0,3.8,114
0.96666664,29,6,2134,0,3.8333333,115
1.0,30,6,2135,0,3.8666666,116
1.0333333,31,6,2136,0,3.9,117
1.0666667,32,6,2137,0,3.9333334,118
1.1,33,6,2138,0,3.9666667,119
1.1333333,34,6,2139,0,4.0,120
1.1666666,35,6,2140,0,4.0333333,121
1.2,36,6,2141,0,4.0666666,122
1.2333333,37,6,2142,0,4.1,123
1.2666667,38,6,2143,0,4.133333,124
1.3,39,6,2144,0,4.1666665,125
1.3333334,40,6,2145,0,4.2,126
1.3666667,41,6,2146,0,4.233333,127
1.4,42,6,2147,0,4.266667,128
1.4333333,43,6,2148,0,4.3,129
1.4666667,44,6,2149,0,4.3333335,130
1.5,45,6,2150,0,4.366667,131
1.5333333,46,6,2151,0,4.4,132
1.5666667,47,6,2152,0,4.4333334,133
1.6,48,6,2153,0,4.4666667,134
1.6333333,49,6,2154,0,4.5,135
1.6666666,50,6,2155,0,4.5333333,136
1.7,51,6,2156,0,4.5666666,137
1.7333333,52,6,2157,0,4.6,138
1.7666667,53,6,2158,0,4.633333,139
1.8,54,6,2159,0,4.6666665,140
1.8333334,55,6,2160,0,4.7,141
1.8666667,56,6,2161,0,4.733333,142
1.9,57,6,2162,0,4.766667,143
1.9333333,58,6,2163,0,4.8,144
1.9666667,59,6,2164,0,4.8333335,145
2.0,60,6,2165,0,4.866667,146
2.0333333,61,6,2166,0,4.9,147
2.0666666,62,6,2167,0,4.9333334,148
2.1,63,6,2168,0,4.9666667,149
2.1333334,64,6,2169,0,5.0,150
2.1666667,65,6,2170,0,5.0333333,151
2.2,66,6,2171,0,5.0666666,152
2.2333333,67,6,2172,0,5.1,153
2.2666667,68,6,2173,0,5.133333,154
2.3,69,6,2174,0,5.1666665,155
2.3333333,70,6,2175,0,5.2,156
2.3666666,71,6,2176,0,5.233333,157
2.4,72,6,2177,0,5.266667,158
2.4333334,73,6,2178,0,5.3,159
2.4666667,74,6,2179,0,5.3333335,160
2.5,75,6,2180,0,5.366667,161
2.5333333,76,6,2181,0,5.4,162
2.5666666,77,6,2182,0,5.4333334,163
2.6,78,6,2183,0,5.4666667,164
2.6333334,79,6,2184,0,5.5,165
2.6666667,80,6,2185,0,5.5333333,166
2.7,81,6,2186,0,5.5666666,167
2.7333333,82,6,2187,0,5.6,168
2.7666667,83,6,2188,0,5.633333,169
2.8,84,6,2189,0,5.6666665,170
2.8333333,85,6,2190,0,5.7,171
2.8666666,86,6,2191,0,5.733333,172
2.9,87,6,2192,0,5.766667,173
2.9333334,88,6,2193,0,5.8,174
2.9666667,89,6,2194,0,5.8333335,175
3.0,90,6,2195,0,5.866667,176
3.0333333,91,6,2196,0,5.9,177
3.0666666,92,6,2197,0,5.9333334,178
3.1,93,6,2198,0,5.9666667,179
3.1333334,94,6,2199,0,6.0,180
3.1666667,95,6,2200,0,6.0333333,181
3.2,96,6,2201,0,6.0666666,182
3.2333333,97,6,2202,0,6.1,183
3.2666667,98,6,2203,0,6.133333,184
3.3,99,6,2204,0,6.1666665,185
3.3333333,100,6,2205,0,6.2,186
3.3666666,101,6,2206,0,6.233333,187
3.4,102,6,2207,0,6.266667,188
3.4333334,103,6,2208,0,6.3,189
3.4666667,104,6,2209,0,6.3333335,190
3.5,105,6,2210,0,6.366667,191
3.5333333,106,6,2211,0,6.4,192
3.5666666,107,6,2212,0,6.4333334,193
3.6,108,6,2213,0,6.4666667,194
3.6333334,109,6,2214,0,6.5,195
3.6666667,110,6,2215,0,6.5333333,196
3.7,111,6,2216,0,6.5666666,197
3.7333333,112,6,2217,0,6.6,198
3.7666667,113,6,2218,0,6.633333,199
3.8,114,6,2219,0,6.6666665,200
3.8333333,115,6,2220,0,6.7,201
3.8666666,116,6,2221,0,6.733333,202
3.9,117,6,2222,0,6.766667,203
3.9333334,118,6,2223,0,6.8,204
3.9666667,119,6,2224,0,6.8333335,205
4.0,120,6,2225,0,6.866667,206
4.0333333,121,6,2226,0,6.9,207
4.0666666,122,6,2227,0,6.9333334,208
4.1,123,6,2228,0,6.9666667,209
4.133333,124,6,2229,0,7.0,210
4.1666665,125,6,2230,0,7.0333333,211
4.2,126,6,2231,0,7.0666666,212
4.233333,127,6,2232,0,7.1,213
4.266667,128,6,2233,0,7.133333,214
4.3,129,6,2234,0,7.1666665,215
4.3333335,130,6,2235,0,7.2,216
4.366667,131,6,2236,0,7.233333,217
4.4,132,6,2237,0,7.266667,218
4.4333334,133,6,2238,0,7.3,219
4.4666667,134,6,2239,0,7.3333335,220
4.5,135,6,2240,0,7.366667,221
4.5333333,136,6,2241,0,7.4,222
4.5666666,137,6,2242,0,7.4333334,223
4.6,138,6,2243,0,7.4666667,224
4.633333,139,6,2244,0,7.5,225
4.6666665,140,6,2245,0,7.5333333,226
4.7,141,6,2246,0,7.5666666,227
4.733333,142,6,2247,0,7.6,228
4.766667,143,6,2248,0,7.633333,229
4.8,144,6,2249,0,7.6666665,230
4.8333335,145,6,2250,0,7.7,231
4.866667,146,6,2251,0,7.733333,232
4.9,147,6,2252,0,7.766667,233
4.9333334,148,6,2253,0,7.8,234
4.9666667,149,6,2254,0,7.8333335,235
5.0,150,6,2255,0,7.866667,236
5.0333333,151,6,2256,0,7.9,237
5.0666666,152,6,2257,0,7.9333334,238
5.1,153,6,2258,0,7.9666667,239
5.133333,154,6,2259,0,8.0,240
5.1666665,155,6,2260,0,8.033334,241
5.2,156,6,2261,0,8.066667,242
5.233333,157,6,2262,0,8.1,243
5.266667,158,6,2263,0,8.133333,244
5.3,159,6,2264,0,8.166667,245
5.3333335,160,6,2265,0,8.2,246
5.366667,161,6,2266,0,8.233334,247
5.4,162,6,2267,0,8.266666,248
5.4333334,163,6,2268,0,8.3,249
5.4666667,164,6,2269,0,8.333333,250
5.5,165,6,2270,0,8.366667,251
5.5333333,166,6,2271,0,8.4,252
5.5666666,167,6,2272,0,8.433333,253
5.6,168,6,2273,0,8.466666,254
5.633333,169,6,2274,0,8.5,255
5.6666665,170,6,2275,0,8.533334,256
5.7,171,6,2276,0,8.566667,257
5.733333,172,6,2277,0,8.6,258
5.766667,173,6,2278,0,8.633333,259
5.8,174,6,2279,0,8.666667,260
5.8333335,175,6,2280,0,8.7,261
5.866667,176,6,2281,0,8.733334,262
5.9,177,6,2282,0,8.766666,263
5.9333334,178,6,2283,0,8.8,264
5.9666667,179,6,2284,0,8.833333,265
6.0,180,6,2285,0,8.866667,266
6.0333333,181,6,2286,0,8.9,267
6.0666666,182,6,2287,0,8.933333,268
6.1,183,6,2288,0,8.966666,269
6.133333,184,6,2289,0,9.0,270
6.1666665,185,6,2290,0,9.033334,271
6.2,186,6,2291,0,9.066667,272
6.233333,187,6,2292,0,9.1,273
6.266667,188,6,2293,0,9.133333,274
6.3,189,6,2294,0,9.166667,275
6.3333335,190,6,2295,0,9.2,276
6.366667,191,6,2296,0,9.233334,277
6.4,192,6,2297,0,9.266666,278
6.4333334,193,6,2298,0,9.3,279
6.4666667,194,6,2299,0,9.333333,280
6.5,195,6,2300,0,9.366667,281
6.5333333,196,6,2301,0,9.4,282
6.5666666,197,6,2302,0,9.433333,283
6.6,198,6,2303,0,9.466666,284
6.633333,199,6,2304,0,9.5,285
6.6666665,200,6,2305,0,9.533334,286
6.7,201,6,2306,0,9.566667,287
6.733333,202,6,2307,0,9.6,288
6.766667,203,6,2308,0,9.633333,289
6.8,204,6,2309,0,9.666667,290
6.8333335,205,6,2310,0,9.7,291
6.866667,206,6,2311,0,9.733334,292
6.9,207,6,2312,0,9.766666,293
6.9333334,208,6,2313,0,9.8,294
6.9666667,209,6,2314,0,9.833333,295
7.0,210,6,2315,0,9.866667,296
7.0333333,211,6,2316,0,9.9,297
7.0666666,212,6,2317,0,9.933333,298
7.1,213,6,2318,0,9.966666,299
7.133333,214,6,2319,0,10.0,300
7.1666665,215,6,2320,0,10.033334,301
7.2,216,6,2321,0,10.066667,302
7.233333,217,6,2322,0,10.1,303
7.266667,218,6,2323,0,10.133333,304
7.3,219,6,2324,0,10.166667,305
7.3333335,220,6,2325,0,10.2,306
7.366667,221,6,2326,0,10.233334,307
7.4,222,6,2327,0,10.266666,308
7.4333334,223,6,2328,0,10.3,309
7.4666667,224,6,2329,0,10.333333,310
7.5,225,6,2330,0,10.366667,311
7.5333333,226,6,2331,0,10.4,312
7.5666666,227,6,2332,0,10.433333,313
7.6,228,6,2333,0,10.466666,314
7.633333,229,6,2334,0,10.5,315
7.6666665,230,6,2335,0,10.533334,316
7.7,231,6,2336,0,10.566667,317
7.733333,232,6,2337,0,10.6,318
7.766667,233,6,2338,0,10.633333,319
7.8,234,6,2339,0,10.666667,320
7.8333335,235,6,2340,0,10.7,321
7.866667,236,6,2341,0,10.733334,322
7.9,237,6,2342,0,10.766666,323
7.9333334,238,6,2343,0,10.8,324
7.9666667,239,6,2344,0,10.833333,325
8.0,240,6,2345,0,10.866667,326
8.033334,241,6,2346,0,10.9,327
8.066667,242,6,2347,0,10.933333,328
8.1,243,6,2348,0,10.966666,329
8.133333,244,6,2349,0,11.0,330
8.166667,245,6,2350,0,11.033334,331
8.2,246,6,2351,0,11.066667,332
8.233334,247,6,2352,0,11.1,333
8.266666,248,6,2353,0,11.133333,334
8.3,249,6,2354,0,11.166667,335
8.333333,250,6,2355,0,11.2,336
8.366667,251,6,2356,0,11.233334,337
8.4,252,6,2357,0,11.266666,338
8.433333,253,6,2358,0,11.3,339
8.466666,254,6,2359,0,11.333333,340
8.5,255,6,2360,0,11.366667,341
8.533334,256,6,2361,0,11.4,342
8.566667,257,6,2362,0,11.433333,343
8.6,258,6,2363,0,11.466666,344
8.633333,259,6,2364,0,11.5,345
8.666667,260,6,2365,0,11.533334,346
8.7,261,6,2366,0,11.566667,347
8.733334,262,6,2367,0,11.6,348
8.766666,263,6,2368,0,11.633333,349
8.8,264,6,2369,0,11.666667,350
8.833333,265,6,2370,0,11.7,351
8.866667,266,6,2371,0,11.733334,352
8.9,267,6,2372,0,11.766666,353
8.933333,268,6,2373,0,11.8,354
8.966666,269,6,2374,0,11.833333,355
9.0,270,6,2375,0,11.866667,356
9.033334,271,6,2376,0,11.9,357
9.066667,272,6,2377,0,11.933333,358
9.1,273,6,2378,0,11.966666,359
9.133333,274,6,2379,0,12.0,360
9.166667,275,6,2380,0,12.033334,361
9.2,276,6,2381,0,12.066667,362
9.233334,277,6,2382,0,12.1,363
9.266666,278,6,2383,0,12.133333,364
9.3,279,6,2384,0,12.166667,365
9.333333,280,6,2385,0,12.2,366
9.366667,281,6,2386,0,12.233334,367
9.4,282,6,2387,0,12.266666,368
9.433333,283,6,2388,0,12.3,369
9.466666,284,6,2389,0,12.333333,370
9.5,285,6,2390,0,12.366667,371
9.533334,286,6,2391,0,12.4,372
9.566667,287,6,2392,0,12.433333,373
9.6,288,6,2393,0,12.466666,374
9.633333,289,6,2394,0,12.5,375
9.666667,290,6,2395,0,12.533334,376
9.7,291,6,2396,0,12.566667,377
9.733334,292,6,2397,0,12.6,378
9.766666,293,6,2398,0,12.633333,379
9.8,294,6,2399,0,12.666667,380
9.833333,295,6,2400,0,12.7,381
9.866667,296,6,2401,0,12.733334,382
9.9,297,6,2402,0,12.766666,383
9.933333,298,6,2403,0,12.8,384
9.966666,299,6,2404,0,12.833333,385
10.0,300,6,2405,0,12.866667,386
10.033334,301,6,2406,0,12.9,387
10.066667,302,6,2407,0,12.933333,388
10.1,303,6,2408,0,12.966666,389
10.133333,304,6,2409,0,13.0,390
10.166667,305,6,2410,0,13.033334,391
10.2,306,6,2411,0,13.066667,392
10.233334,307,6,2412,0,13.1,393
10.266666,308,6,2413,0,13.133333,394
10.3,309,6,2414,0,13.166667,395
10.333333,310,6,2415,0,13.2,396
10.366667,311,6,2416,0,13.233334,397
10.4,312,6,2417,0,13.266666,398
10.433333,313,6,2418,0,13.3,399
10.466666,314,6,2419,0,13.333333,400
10.5,315,6,2420,0,13.366667,401
10.533334,316,6,2421,0,13.4,402
10.566667,317,6,2422,0,13.433333,403
10.6,318,6,2423,0,13.466666,404
10.633333,319,6,2424,0,13.5,405
10.666667,320,6,2425,0,13.533334,406
10.7,321,6,2426,0,13.566667,407
10.733334,322,6,2427,0,13.6,408
10.766666,323,6,2428,0,13.633333,409
10.8,324,6,2429,0,13.666667,410
10.833333,325,6,2430,0,13.7,411
10.866667,326,6,2431,0,13.733334,412
10.9,327,6,2432,0,13.766666,413
10.933333,328,6,2433,0,13.8,414
10.966666,329,6,2434,0,13.833333,415
11.0,330,6,2435,0,13.866667,416
11.033334,331,6,2436,0,13.9,417
11.066667,332,6,2437,0,13.966666,419
11.1,333,6,2438,0,14.1,423
11.133333,334,6,2439,0,14.166667,425
11.166667,335,6,2440,0,14.233334,427
0.0,0,7,2441,0,0.0,0
0.033333335,1,7,2442,0,2.6333334,79
0.06666667,2,7,2443,0,2.6666667,80
0.1,3,7,2444,0,2.7,81
0.13333334,4,7,2445,0,2.7666667,83
0.16666667,5,7,2446,0,2.8,84
0.2,6,7,2447,0,2.8333333,85
0.23333333,7,7,2448,0,2.8666666,86
0.26666668,8,7,2449,0,2.9,87
0.3,9,7,2450,0,2.9666667,89
0.33333334,10,7,2451,0,3.0,90
0.36666667,11,7,2452,0,3.0333333,91
0.4,12,7,2453,0,3.0666666,92
0.43333334,13,7,2454,0,3.1,93
0.46666667,14,7,2455,0,3.1333334,94
0.5,15,7,2456,0,3.2,96
0.53333336,16,7,2457,0,3.2333333,97
0.56666666,17,7,2458,0,3.2666667,98
0.6,18,7,2459,0,3.3,99
0.6333333,19,7,2460,0,3.3333333,100
0.6666667,20,7,2461,0,3.3666666,101
0.7,21,7,2462,0,3.4,102
0.73333335,22,7,2463,0,3.4333334,103
0.76666665,23,7,2464,0,3.4666667,104
0.8,24,7,2465,0,3.5,105
0.8333333,25,7,2466,0,3.5666666,107
0.8666667,26,7,2467,0,3.6,108
0.9,27,7,2468,0,3.6333334,109
0.93333334,28,7,2469,0,3.6666667,110
0.96666664,29,7,2470,0,3.7,111
1.0,30,7,2471,0,3.7333333,112
1.0333333,31,7,2472,0,3.7666667,113
1.0666667,32,7,2473,0,3.8,114
1.1,33,7,2474,0,3.8666666,116
1.1333333,34,7,2475,0,3.9,117
1.1666666,35,7,2476,0,3.9666667,119
1.2,36,7,2477,0,4.0,120
1.2333333,37,7,2478,0,4.0333333,121
1.2666667,38,7,2479,0,4.0666666,122
1.3,39,7,2480,0,4.1,123
1.3333334,40,7,2481,0,4.133333,124
1.3666667,41,7,2482,0,4.1666665,125
1.4,42,7,2483,0,4.2,126
1.4333333,43,7,2484,0,4.233333,127
1.4666667,44,7,2485,0,4.266667,128
1.5,45,7,2486,0,4.3,129
1.5333333,46,7,2487,0,4.3333335,130
1.5666667,47,7,2488,0,4.366667,131
1.6,48,7,2489,0,4.4,132
1.6333333,49,7,2490,0,4.4333334,133
1.6666666,50,7,2491,0,4.4666667,134
1.7,51,7,2492,0,4.5,135
1.7333333,52,7,2493,0,4.5333333,136
1.7666667,53,7,2494,0,4.5666666,137
1.8,54,7,2495,0,4.6,138
1.8333334,55,7,2496,0,4.633333,139
1.8666667,56,7,2497,0,4.6666665,140
1.9,57,7,2498,0,4.7,141
1.9333333,58,7,2499,0,4.733333,142
1.9666667,59,7,2500,0,4.766667,143
2.0,60,7,2501,0,4.8,144
2.0333333,61,7,2502,0,4.8333335,145
2.0666666,62,7,2503,0,4.866667,146
2.1,63,7,2504,0,4.9,147
2.1333334,64,7,2505,0,4.9333334,148
2.1666667,65,7,2506,0,4.9666667,149
2.2,66,7,2507,0,5.0,150
2.2333333,67,7,2508,0,5.0333333,151
2.2666667,68,7,2509,0,5.0666666,152
2.3,69,7,2510,0,5.1,153
2.3333333,70,7,2511,0,5.133333,154
2.3666666,71,7,2512,0,5.1666665,155
2.4,72,7,2513,0,5.2,156
2.4333334,73,7,2514,0,5.233333,157
2.4666667,74,7,2515,0,5.266667,158
2.5,75,7,2516,0,5.3,159
2.5333333,76,7,2517,0,5.3333335,160
2.5666666,77,7,2518,0,5.366667,161
2.6,78,7,2519,0,5.4,162
2.6333334,79,7,2520,0,5.4333334,163
2.6666667,80,7,2521,0,5.4666667,164
2.7,81,7,2522,0,5.5,165
2.7333333,82,7,2523,0,5.5333333,166
2.7666667,83,7,2524,0,5.5666666,167
2.8,84,7,2525,0,5.6,168
2.8333333,85,7,2526,0,5.633333,169
2.8666666,86,7,2527,0,5.6666665,170
2.9,87,7,2528,0,5.7,171
2.9333334,88,7,2529,0,5.733333,172
2.9666667,89,7,2530,0,5.766667,173
3.0,90,7,2531,0,5.8,174
3.0333333,91,7,2532,0,5.8333335,175
3.0666666,92,7,2533,0,5.866667,176
3.1,93,7,2534,0,5.9,177
3.1333334,94,7,2535,0,5.9333334,178
3.1666667,95,7,2536,0,5.9666667,179
3.2,96,7,2537,0,6.0,180
3.2333333,97,7,2538,0,6.0333333,181
3.2666667,98,7,2539,0,6.0666666,182
3.3,99,7,2540,0,6.1,183
3.3333333,100,7,2541,0,6.133333,184
3.3666666,101,7,2542,0,6.1666665,185
3.4,102,7,2543,0,6.2,186
3.4333334,103,7,2544,0,6.233333,187
3.4666667,104,7,2545,0,6.266667,188
3.5,105,7,2546,0,6.3,189
3.5333333,106,7,2547,0,6.3333335,190
3.5666666,107,7,2548,0,6.366667,191
3.6,108,7,2549,0,6.4,192
3.6333334,109,7,2550,0,6.4333334,193
3.6666667,110,7,2551,0,6.4666667,194
3.7,111,7,2552,0,6.5,195
3.7333333,112,7,2553,0,6.5333333,196
3.7666667,113,7,2554,0,6.5666666,197
3.8,114,7,2555,0,6.6,198
3.8333333,115,7,2556,0,6.633333,199
3.8666666,116,7,2557,0,6.6666665,200
3.9,117,7,2558,0,6.7,201
3.9333334,118,7,2559,0,6.733333,202
3.9666667,119,7,2560,0,6.766667,203
4.0,120,7,2561,0,6.8,204
4.0333333,121,7,2562,0,6.8333335,205
4.0666666,122,7,2563,0,6.866667,206
4.1,123,7,2564,0,6.9,207
4.133333,124,7,2565,0,6.9333334,208
4.1666665,125,7,2566,0,6.9666667,209
4.2,126,7,2567,0,7.0,210
4.233333,127,7,2568,0,7.0333333,211
4.266667,128,7,2569,0,7.0666666,212
4.3,129,7,2570,0,7.1,213
4.3333335,130,7,2571,0,7.133333,214
4.366667,131,7,2572,0,7.1666665,215
4.4,132,7,2573,0,7.2,216
4.4333334,133,7,2574,0,7.233333,217
4.4666667,134,7,2575,0,7.266667,218
4.5,135,7,2576,0,7.3,219
4.5333333,136,7,2577,0,7.3333335,220
4.5666666,137,7,2578,0,7.366667,221
4.6,138,7,2579,0,7.4,222
4.633333,139,7,2580,0,7.4333334,223
4.6666665,140,7,2581,0,7.4666667,224
4.7,141,7,2582,0,7.5,225
4.733333,142,7,2583,0,7.5333333,226
4.766667,143,7,2584,0,7.5666666,227
4.8,144,7,2585,0,7.6,228
4.8333335,145,7,2586,0,7.633333,229
4.866667,146,7,2587,0,7.6666665,230
4.9,147,7,2588,0,7.7,231
4.9333334,148,7,2589,0,7.733333,232
4.9666667,149,7,2590,0,7.766667,233
5.0,150,7,2591,0,7.8,234
5.0333333,151,7,2592,0,7.8333335,235
5.0666666,152,7,2593,0,7.866667,236
5.1,153,7,2594,0,7.9,237
5.133333,154,7,2595,0,7.9333334,238
5.1666665,155,7,2596,0,7.9666667,239
5.2,156,7,2597,0,8.0,240
5.233333,157,7,2598,0,8.033334,241
5.266667,158,7,2599,0,8.066667,242
5.3,159,7,2600,0,8.1,243
5.3333335,160,7,2601,0,8.133333,244
5.366667,161,7,2602,0,8.166667,245
5.4,162,7,2603,0,8.2,246
5.4333334,163,7,2604,0,8.233334,247
5.4666667,164,7,2605,0,8.266666,248
5.5,165,7,2606,0,8.3,249
5.5333333,166,7,2607,0,8.333333,250
5.5666666,167,7,2608,0,8.366667,251
5.6,168,7,2609,0,8.4,252
5.633333,169,7,2610,0,8.433333,253
5.6666665,170,7,2611,0,8.466666,254
5.7,171,7,2612,0,8.5,255
5.733333,172,7,2613,0,8.533334,256
5.766667,173,7,2614,0,8.566667,257
5.8,174,7,2615,0,8.6,258
5.8333335,175,7,2616,0,8.633333,259
5.866667,176,7,2617,0,8.666667,260
5.9,177,7,2618,0,8.7,261
5.9333334,178,7,2619,0,8.733334,262
5.9666667,179,7,2620,0,8.766666,263
6.0,180,7,2621,0,8.8,264
6.0333333,181,7,2622,0,8.833333,265
6.0666666,182,7,2623,0,8.866667,266
6.1,183,7,2624,0,8.9,267
6.133333,184,7,2625,0,8.933333,268
6.1666665,185,7,2626,0,8.966666,269
6.2,186,7,2627,0,9.0,270
6.233333,187,7,2628,0,9.033334,271
6.266667,188,7,2629,0,9.066667,272
6.3,189,7,2630,0,9.1,273
6.3333335,190,7,2631,0,9.133333,274
6.366667,191,7,2632,0,9.166667,275
6.4,192,7,2633,0,9.2,276
6.4333334,193,7,2634,0,9.233334,277
6.4666667,194,7,2635,0,9.266666,278
6.5,195,7,2636,0,9.3,279
6.5333333,196,7,2637,0,9.333333,280
6.5666666,197,7,2638,0,9.366667,281
6.6,198,7,2639,0,9.4,282
6.633333,199,7,2640,0,9.433333,283
6.6666665,200,7,2641,0,9.466666,284
6.7,201,7,2642,0,9.5,285
6.733333,202,7,2643,0,9.533334,286
6.766667,203,7,2644,0,9.566667,287
6.8,204,7,2645,0,9.6,288
6.8333335,205,7,2646,0,9.633333,289
6.866667,206,7,2647,0,9.666667,290
6.9,207,7,2648,0,9.7,291
6.9333334,208,7,2649,0,9.733334,292
6.9666667,209,7,2650,0,9.766666,293
7.0,210,7,2651,0,9.8,294
7.0333333,211,7,2652,0,9.833333,295
7.0666666,212,7,2653,0,9.866667,296
7.1,213,7,2654,0,9.9,297
7.133333,214,7,2655,0,9.933333,298
7.1666665,215,7,2656,0,9.966666,299
7.2,216,7,2657,0,10.0,300
7.233333,217,7,2658,0,10.033334,301
7.266667,218,7,2659,0,10.066667,302
7.3,219,7,2660,0,10.1,303
7.3333335,220,7,2661,0,10.133333,304
7.366667,221,7,2662,0,10.166667,305
7.4,222,7,2663,0,10.2,306
7.4333334,223,7,2664,0,10.233334,307
7.4666667,224,7,2665,0,10.266666,308
7.5,225,7,2666,0,10.3,309
7.5333333,226,7,2667,0,10.333333,310
7.5666666,227,7,2668,0,10.366667,311
7.6,228,7,2669,0,10.4,312
7.633333,229,7,2670,0,10.433333,313
7.6666665,230,7,2671,0,10.466666,314
7.7,231,7,2672,0,10.5,315
7.733333,232,7,2673,0,10.533334,316
7.766667,233,7,2674,0,10.566667,317
7.8,234,7,2675,0,10.6,318
7.8333335,235,7,2676,0,10.633333,319
7.866667,236,7,2677,0,10.666667,320
7.9,237,7,2678,0,10.7,321
7.9333334,238,7,2679,0,10.733334,322
7.9666667,239,7,2680,0,10.766666,323
8.0,240,7,2681,0,10.8,324
8.033334,241,7,2682,0,10.833333,325
8.066667,242,7,2683,0,10.866667,326
8.1,243,7,2684,0,10.9,327
8.133333,244,7,2685,0,10.933333,328
8.166667,245,7,2686,0,10.966666,329
8.2,246,7,2687,0,11.0,330
8.233334,247,7,2688,0,11.033334,331
8.266666,248,7,2689,0,11.066667,332
8.3,249,7,2690,0,11.1,333
8.333333,250,7,2691,0,11.133333,334
8.366667,251,7,2692,0,11.166667,335
8.4,252,7,2693,0,11.2,336
8.433333,253,7,2694,0,11.233334,337
8.466666,254,7,2695,0,11.266666,338
8.5,255,7,2696,0,11.3,339
8.533334,256,7,2697,0,11.333333,340
8.566667,257,7,2698,0,11.366667,341
8.6,258,7,2699,0,11.4,342
8.633333,259,7,2700,0,11.433333,343
8.666667,260,7,2701,0,11.466666,344
8.7,261,7,2702,0,11.5,345
8.733334,262,7,2703,0,11.533334,346
8.766666,263,7,2704,0,11.566667,347
8.8,264,7,2705,0,11.6,348
8.833333,265,7,2706,0,11.633333,349
8.866667,266,7,2707,0,11.666667,350
8.9,267,7,2708,0,11.7,351
8.933333,268,7,2709,0,11.733334,352
8.966666,269,7,2710,0,11.766666,353
9.0,270,7,2711,0,11.8,354
9.033334,271,7,2712,0,11.833333,355
9.066667,272,7,2713,0,11.866667,356
9.1,273,7,2714,0,11.9,357
9.133333,274,7,2715,0,11.933333,358
9.166667,275,7,2716,0,11.966666,359
9.2,276,7,2717,0,12.0,360
9.233334,277,7,2718,0,12.033334,361
9.266666,278,7,2719,0,12.066667,362
9.3,279,7,2720,0,12.1,363
9.333333,280,7,2721,0,12.133333,364
9.366667,281,7,2722,0,12.166667,365
9.4,282,7,2723,0,12.2,366
9.433333,283,7,2724,0,12.233334,367
9.466666,284,7,2725,0,12.266666,368
9.5,285,7,2726,0,12.3,369
9.533334,286,7,2727,0,12.333333,370
9.566667,287,7,2728,0,12.366667,371
9.6,288,7,2729,0,12.4,372
9.633333,289,7,2730,0,12.433333,373
9.666667,290,7,2731,0,12.466666,374
9.7,291,7,2732,0,12.5,375
9.733334,292,7,2733,0,12.533334,376
9.766666,293,7,2734,0,12.566667,377
9.8,294,7,2735,0,12.6,378
9.833333,295,7,2736,0,12.633333,379
9.866667,296,7,2737,0,12.666667,380
9.9,297,7,2738,0,12.7,381
9.933333,298,7,2739,0,12.733334,382
9.966666,299,7,2740,0,12.766666,383
10.0,300,7,2741,0,12.8,384
10.033334,301,7,2742,0,12.833333,385
10.066667,302,7,2743,0,12.866667,386
10.1,303,7,2744,0,12.9,387
10.133333,304,7,2745,0,12.933333,388
10.166667,305,7,2746,0,12.966666,389
10.2,306,7,2747,0,13.0,390
10.233334,307,7,2748,0,13.033334,391
10.266666,308,7,2749,0,13.066667,392
10.3,309,7,2750,0,13.1,393
10.333333,310,7,2751,0,13.133333,394
10.366667,311,7,2752,0,13.166667,395
10.4,312,7,2753,0,13.2,396
10.433333,313,7,2754,0,13.233334,397
10.466666,314,7,2755,0,13.266666,398
10.5,315,7,2756,0,13.3,399
10.533334,316,7,2757,0,13.333333,400
10.566667,317,7,2758,0,13.366667,401
10.6,318,7,2759,0,13.4,402
10.633333,319,7,2760,0,13.433333,403
10.666667,320,7,2761,0,13.466666,404
10.7,321,7,2762,0,13.5,405
10.733334,322,7,2763,0,13.533334,406
10.766666,323,7,2764,0,13.566667,407
10.8,324,7,2765,0,13.6,408
10.833333,325,7,2766,0,13.633333,409
10.866667,326,7,2767,0,13.666667,410
10.9,327,7,2768,0,13.7,411
10.933333,328,7,2769,0,13.733334,412
10.966666,329,7,2770,0,13.766666,413
11.0,330,7,2771,0,13.8,414
11.033334,331,7,2772,0,13.833333,415
11.066667,332,7,2773,0,13.866667,416
11.1,333,7,2774,0,13.9,417
11.133333,334,7,2775,0,13.933333,418
11.166667,335,7,2776,0,13.966666,419
11.2,336,7,2777,0,14.0,420
11.233334,337,7,2778,0,14.033334,421
11.266666,338,7,2779,0,14.066667,422
11.3,339,7,2780,0,14.1,423
11.333333,340,7,2781,0,14.133333,424
11.366667,341,7,2782,0,14.2,426
11.4,342,7,2783,0,14.233334,427
11.433333,343,7,2784,0,14.266666,428
11.466666,344,7,2785,0,14.3,429
11.5,345,7,2786,0,14.333333,430
11.533334,346,7,2787,0,14.366667,431
11.566667,347,7,2788,0,14.4,432
11.6,348,7,2789,0,14.433333,433
11.633333,349,7,2790,0,14.466666,434
11.666667,350,7,2791,0,14.5,435
11.7,351,7,2792,0,14.533334,436
11.733334,352,7,2793,0,14.566667,437
11.766666,353,7,2794,0,14.6,438
0.0,0,8,2795,0,0.0,0
0.033333335,1,8,2796,0,2.4333334,73
0.06666667,2,8,2797,0,2.4666667,74
0.1,3,8,2798,0,2.5333333,76
0.13333334,4,8,2799,0,2.5666666,77
0.16666667,5,8,2800,0,2.6,78
0.2,6,8,2801,0,2.6333334,79
0.23333333,7,8,2802,0,2.6666667,80
0.26666668,8,8,2803,0,2.7,81
0.3,9,8,2804,0,2.7333333,82
0.33333334,10,8,2805,0,2.8,84
0.36666667,11,8,2806,0,2.8333333,85
0.4,12,8,2807,0,2.9,87
0.43333334,13,8,2808,0,2.9333334,88
0.46666667,14,8,2809,0,2.9666667,89
0.5,15,8,2810,0,3.0,90
0.53333336,16,8,2811,0,3.0333333,91
0.56666666,17,8,2812,0,3.0666666,92
0.6,18,8,2813,0,3.1,93
0.6333333,19,8,2814,0,3.1333334,94
0.6666667,20,8,2815,0,3.1666667,95
0.7,21,8,2816,0,3.2,96
0.73333335,22,8,2817,0,3.2333333,97
0.76666665,23,8,2818,0,3.2666667,98
0.8,24,8,2819,0,3.3,99
0.8333333,25,8,2820,0,3.3333333,100
0.8666667,26,8,2821,0,3.3666666,101
0.9,27,8,2822,0,3.4,102
0.93333334,28,8,2823,0,3.4333334,103
0.96666664,29,8,2824,0,3.4666667,104
1.0,30,8,2825,0,3.5,105
1.0333333,31,8,2826,0,3.5333333,106
1.0666667,32,8,2827,0,3.5666666,107
1.1,33,8,2828,0,3.6,108
1.1333333,34,8,2829,0,3.6333334,109
1.1666666,35,8,2830,0,3.6666667,110
1.2,36,8,2831,0,3.7,111
1.2333333,37,8,2832,0,3.7333333,112
1.2666667,38,8,2833,0,3.7666667,113
1.3,39,8,2834,0,3.8,114
1.3333334,40,8,2835,0,3.8333333,115
1.3666667,41,8,2836,0,3.8666666,116
1.4,42,8,2837,0,3.9,117
1.4333333,43,8,2838,0,3.9333334,118
1.4666667,44,8,2839,0,3.9666667,119
1.5,45,8,2840,0,4.0,120
1.5333333,46,8,2841,0,4.0333333,121
1.5666667,47,8,2842,0,4.0666666,122
1.6,48,8,2843,0,4.1,123
1.6333333,49,8,2844,0,4.133333,124
1.6666666,50,8,2845,0,4.1666665,125
1.7,51,8,2846,0,4.2,126
1.7333333,52,8,2847,0,4.233333,127
1.7666667,53,8,2848,0,4.266667,128
1.8,54,8,2849,0,4.3,129
1.8333334,55,8,2850,0,4.3333335,130
1.8666667,56,8,2851,0,4.366667,131
1.9,57,8,2852,0,4.4,132
1.9333333,58,8,2853,0,4.4333334,133
1.9666667,59,8,2854,0,4.4666667,134
2.0,60,8,2855,0,4.5,135
2.0333333,61,8,2856,0,4.5333333,136
2.0666666,62,8,2857,0,4.5666666,137
2.1,63,8,2858,0,4.6,138
2.1333334,64,8,2859,0,4.633333,139
2.1666667,65,8,2860,0,4.6666665,140
2.2,66,8,2861,0,4.7,141
2.2333333,67,8,2862,0,4.733333,142
2.2666667,68,8,2863,0,4.766667,143
2.3,69,8,2864,0,4.8,144
2.3333333,70,8,2865,0,4.8333335,145
2.3666666,71,8,2866,0,4.866667,146
2.4,72,8,2867,0,4.9,147
2.4333334,73,8,2868,0,4.9333334,148
2.4666667,74,8,2869,0,4.9666667,149
2.5,75,8,2870,0,5.0,150
2.5333333,76,8,2871,0,5.0333333,151
2.5666666,77,8,2872,0,5.0666666,152
2.6,78,8,2873,0,5.1,153
2.6333334,79,8,2874,0,5.133333,154
2.6666667,80,8,2875,0,5.1666665,155
2.7,81,8,2876,0,5.2,156
2.7333333,82,8,2877,0,5.233333,157
2.7666667,83,8,2878,0,5.266667,158
2.8,84,8,2879,0,5.3,159
2.8333333,85,8,2880,0,5.3333335,160
2.8666666,86,8,2881,0,5.366667,161
2.9,87,8,2882,0,5.4,162
2.9333334,88,8,2883,0,5.4333334,163
2.9666667,89,8,2884,0,5.4666667,164
3.0,90,8,2885,0,5.5,165
3.0333333,91,8,2886,0,5.5333333,166
3.0666666,92,8,2887,0,5.5666666,167
3.1,93,8,2888,0,5.6,168
3.1333334,94,8,2889,0,5.633333,169
3.1666667,95,8,2890,0,5.6666665,170
3.2,96,8,2891,0,5.7,171
3.2333333,97,8,2892,0,5.733333,172
3.2666667,98,8,2893,0,5.766667,173
3.3,99,8,2894,0,5.8,174
3.3333333,100,8,2895,0,5.8333335,175
3.3666666,101,8,2896,0,5.866667,176
3.4,102,8,2897,0,5.9,177
3.4333334,103,8,2898,0,5.9333334,178
3.4666667,104,8,2899,0,5.9666667,179
3.5,105,8,2900,0,6.0,180
3.5333333,106,8,2901,0,6.0333333,181
3.5666666,107,8,2902,0,6.0666666,182
3.6,108,8,2903,0,6.1,183
3.6333334,109,8,2904,0,6.133333,184
3.6666667,110,8,2905,0,6.1666665,185
3.7,111,8,2906,0,6.2,186
3.7333333,112,8,2907,0,6.233333,187
3.7666667,113,8,2908,0,6.266667,188
3.8,114,8,2909,0,6.3,189
3.8333333,115,8,2910,0,6.3333335,190
3.8666666,116,8,2911,0,6.366667,191
3.9,117,8,2912,0,6.4,192
3.9333334,118,8,2913,0,6.4333334,193
3.9666667,119,8,2914,0,6.4666667,194
4.0,120,8,2915,0,6.5,195
4.0333333,121,8,2916,0,6.5333333,196
4.0666666,122,8,2917,0,6.5666666,197
4.1,123,8,2918,0,6.6,198
4.133333,124,8,2919,0,6.633333,199
4.1666665,125,8,2920,0,6.6666665,200
4.2,126,8,2921,0,6.7,201
4.233333,127,8,2922,0,6.733333,202
4.266667,128,8,2923,0,6.766667,203
4.3,129,8,2924,0,6.8,204
4.3333335,130,8,2925,0,6.8333335,205
4.366667,131,8,2926,0,6.866667,206
4.4,132,8,2927,0,6.9,207
4.4333334,133,8,2928,0,6.9333334,208
4.4666667,134,8,2929,0,6.9666667,209
4.5,135,8,2930,0,7.0,210
4.5333333,136,8,2931,0,7.0333333,211
4.5666666,137,8,2932,0,7.0666666,212
4.6,138,8,2933,0,7.1,213
4.633333,139,8,2934,0,7.133333,214
4.6666665,140,8,2935,0,7.1666665,215
4.7,141,8,2936,0,7.2,216
4.733333,142,8,2937,0,7.233333,217
4.766667,143,8,2938,0,7.266667,218
4.8,144,8,2939,0,7.3,219
4.8333335,145,8,2940,0,7.3333335,220
4.866667,146,8,2941,0,7.366667,221
4.9,147,8,2942,0,7.4,222
4.9333334,148,8,2943,0,7.4333334,223
4.9666667,149,8,2944,0,7.4666667,224
5.0,150,8,2945,0,7.5,225
5.0333333,151,8,2946,0,7.5333333,226
5.0666666,152,8,2947,0,7.5666666,227
5.1,153,8,2948,0,7.6,228
5.133333,154,8,2949,0,7.633333,229
5.1666665,155,8,2950,0,7.6666665,230
5.2,156,8,2951,0,7.7,231
5.233333,157,8,2952,0,7.733333,232
5.266667,158,8,2953,0,7.766667,233
5.3,159,8,2954,0,7.8,234
5.3333335,160,8,2955,0,7.8333335,235
5.366667,161,8,2956,0,7.866667,236
5.4,162,8,2957,0,7.9,237
5.4333334,163,8,2958,0,7.9333334,238
5.4666667,164,8,2959,0,7.9666667,239
5.5,165,8,2960,0,8.0,240
5.5333333,166,8,2961,0,8.033334,241
5.5666666,167,8,2962,0,8.066667,242
5.6,168,8,2963,0,8.1,243
5.633333,169,8,2964,0,8.133333,244
5.6666665,170,8,2965,0,8.166667,245
5.7,171,8,2966,0,8.2,246
5.733333,172,8,2967,0,8.233334,247
5.766667,173,8,2968,0,8.266666,248
5.8,174,8,2969,0,8.3,249
5.8333335,175,8,2970,0,8.333333,250
5.866667,176,8,2971,0,8.366667,251
5.9,177,8,2972,0,8.4,252
5.9333334,178,8,2973,0,8.433333,253
5.9666667,179,8,2974,0,8.466666,254
6.0,180,8,2975,0,8.5,255
6.0333333,181,8,2976,0,8.533334,256
6.0666666,182,8,2977,0,8.566667,257
6.1,183,8,2978,0,8.6,258
6.133333,184,8,2979,0,8.633333,259
6.1666665,185,8,2980,0,8.666667,260
6.2,186,8,2981,0,8.7,261
6.233333,187,8,2982,0,8.733334,262
6.266667,188,8,2983,0,8.766666,263
6.3,189,8,2984,0,8.8,264
6.3333335,190,8,2985,0,8.833333,265
6.366667,191,8,2986,0,8.866667,266
6.4,192,8,2987,0,8.9,267
6.4333334,193,8,2988,0,8.933333,268
6.4666667,194,8,2989,0,8.966666,269
6.5,195,8,2990,0,9.0,270
6.5333333,196,8,2991,0,9.033334,271
6.5666666,197,8,2992,0,9.066667,272
6.6,198,8,2993,0,9.1,273
6.633333,199,8,2994,0,9.133333,274
6.6666665,200,8,2995,0,9.166667,275
6.7,201,8,2996,0,9.2,276
6.733333,202,8,2997,0,9.233334,277
6.766667,203,8,2998,0,9.266666,278
6.8,204,8,2999,0,9.3,279
6.8333335,205,8,3000,0,9.333333,280
6.866667,206,8,3001,0,9.366667,281
6.9,207,8,3002,0,9.4,282
6.9333334,208,8,3003,0,9.433333,283
6.9666667,209,8,3004,0,9.466666,284
7.0,210,8,3005,0,9.5,285
7.0333333,211,8,3006,0,9.533334,286
7.0666666,212,8,3007,0,9.566667,287
7.1,213,8,3008,0,9.6,288
7.133333,214,8,3009,0,9.633333,289
7.1666665,215,8,3010,0,9.666667,290
7.2,216,8,3011,0,9.7,291
7.233333,217,8,3012,0,9.733334,292
7.266667,218,8,3013,0,9.766666,293
7.3,219,8,3014,0,9.8,294
7.3333335,220,8,3015,0,9.833333,295
7.366667,221,8,3016,0,9.866667,296
7.4,222,8,3017,0,9.9,297
7.4333334,223,8,3018,0,9.933333,298
7.4666667,224,8,3019,0,9.966666,299
7.5,225,8,3020,0,10.0,300
7.5333333,226,8,3021,0,10.033334,301
7.5666666,227,8,3022,0,10.066667,302
7.6,228,8,3023,0,10.1,303
7.633333,229,8,3024,0,10.133333,304
7.6666665,230,8,3025,0,10.166667,305
7.7,231,8,3026,0,10.2,306
7.733333,232,8,3027,0,10.233334,307
7.766667,233,8,3028,0,10.266666,308
7.8,234,8,3029,0,10.3,309
7.8333335,235,8,3030,0,10.333333,310
7.866667,236,8,3031,0,10.366667,311
7.9,237,8,3032,0,10.4,312
7.9333334,238,8,3033,0,10.433333,313
7.9666667,239,8,3034,0,10.466666,314
8.0,240,8,3035,0,10.5,315
8.033334,241,8,3036,0,10.533334,316
8.066667,242,8,3037,0,10.566667,317
8.1,243,8,3038,0,10.6,318
8.133333,244,8,3039,0,10.633333,319
8.166667,245,8,3040,0,10.666667,320
8.2,246,8,3041,0,10.7,321
8.233334,247,8,3042,0,10.733334,322
8.266666,248,8,3043,0,10.766666,323
8.3,249,8,3044,0,10.8,324
8.333333,250,8,3045,0,10.833333,325
8.366667,251,8,3046,0,10.866667,326
8.4,252,8,3047,0,10.9,327
8.433333,253,8,3048,0,10.933333,328
8.466666,254,8,3049,0,10.966666,329
8.5,255,8,3050,0,11.0,330
8.533334,256,8,3051,0,11.033334,331
8.566667,257,8,3052,0,11.066667,332
8.6,258,8,3053,0,11.1,333
8.633333,259,8,3054,0,11.133333,334
8.666667,260,8,3055,0,11.166667,335
8.7,261,8,3056,0,11.2,336
8.733334,262,8,3057,0,11.233334,337
8.766666,263,8,3058,0,11.266666,338
8.8,264,8,3059,0,11.3,339
8.833333,265,8,3060,0,11.333333,340
8.866667,266,8,3061,0,11.366667,341
8.9,267,8,3062,0,11.4,342
8.933333,268,8,3063,0,11.433333,343
8.966666,269,8,3064,0,11.466666,344
9.0,270,8,3065,0,11.5,345
9.033334,271,8,3066,0,11.533334,346
9.066667,272,8,3067,0,11.566667,347
9.1,273,8,3068,0,11.6,348
9.133333,274,8,3069,0,11.633333,349
9.166667,275,8,3070,0,11.666667,350
9.2,276,8,3071,0,11.7,351
9.233334,277,8,3072,0,11.733334,352
9.266666,278,8,3073,0,11.766666,353
9.3,279,8,3074,0,11.8,354
9.333333,280,8,3075,0,11.833333,355
9.366667,281,8,3076,0,11.866667,356
9.4,282,8,3077,0,11.9,357
9.433333,283,8,3078,0,11.933333,358
9.466666,284,8,3079,0,11.966666,359
9.5,285,8,3080,0,12.0,360
9.533334,286,8,3081,0,12.033334,361
9.566667,287,8,3082,0,12.066667,362
9.6,288,8,3083,0,12.1,363
9.633333,289,8,3084,0,12.133333,364
9.666667,290,8,3085,0,12.166667,365
9.7,291,8,3086,0,12.2,366
9.733334,292,8,3087,0,12.233334,367
9.766666,293,8,3088,0,12.266666,368
9.8,294,8,3089,0,12.3,369
9.833333,295,8,3090,0,12.333333,370
9.866667,296,8,3091,0,12.366667,371
9.9,297,8,3092,0,12.4,372
9.933333,298,8,3093,0,12.433333,373
9.966666,299,8,3094,0,12.466666,374
10.0,300,8,3095,0,12.5,375
10.033334,301,8,3096,0,12.533334,376
10.066667,302,8,3097,0,12.566667,377
10.1,303,8,3098,0,12.6,378
10.133333,304,8,3099,0,12.633333,379
10.166667,305,8,3100,0,12.666667,380
10.2,306,8,3101,0,12.7,381
10.233334,307,8,3102,0,12.733334,382
10.266666,308,8,3103,0,12.766666,383
10.3,309,8,3104,0,12.8,384
10.333333,310,8,3105,0,12.833333,385
10.366667,311,8,3106,0,12.866667,386
10.4,312,8,3107,0,12.9,387
10.433333,313,8,3108,0,12.933333,388
10.466666,314,8,3109,0,12.966666,389
10.5,315,8,3110,0,13.0,390
10.533334,316,8,3111,0,13.033334,391
10.566667,317,8,3112,0,13.066667,392
10.6,318,8,3113,0,13.1,393
10.633333,319,8,3114,0,13.133333,394
10.666667,320,8,3115,0,13.166667,395
10.7,321,8,3116,0,13.2,396
10.733334,322,8,3117,0,13.233334,397
10.766666,323,8,3118,0,13.266666,398
10.8,324,8,3119,0,13.3,399
10.833333,325,8,3120,0,13.333333,400
10.866667,326,8,3121,0,13.366667,401
10.9,327,8,3122,0,13.4,402
10.933333,328,8,3123,0,13.433333,403
10.966666,329,8,3124,0,13.466666,404
11.0,330,8,3125,0,13.5,405
11.033334,331,8,3126,0,13.533334,406
11.066667,332,8,3127,0,13.566667,407
11.1,333,8,3128,0,13.6,408
11.133333,334,8,3129,0,13.633333,409
11.166667,335,8,3130,0,13.666667,410
11.2,336,8,3131,0,13.7,411
11.233334,337,8,3132,0,13.733334,412
11.266666,338,8,3133,0,13.766666,413
11.3,339,8,3134,0,13.8,414
11.333333,340,8,3135,0,13.833333,415
11.366667,341,8,3136,0,13.866667,416
11.4,342,8,3137,0,13.9,417
11.433333,343,8,3138,0,13.933333,418
11.466666,344,8,3139,0,13.966666,419
11.5,345,8,3140,0,14.0,420
11.533334,346,8,3141,0,14.033334,421
11.566667,347,8,3142,0,14.066667,422
11.6,348,8,3143,0,14.1,423
11.633333,349,8,3144,0,14.133333,424
11.666667,350,8,3145,0,14.166667,425
11.7,351,8,3146,0,14.2,426
11.733334,352,8,3147,0,14.233334,427
11.766666,353,8,3148,0,14.266666,428
11.8,354,8,3149,0,14.3,429
11.833333,355,8,3150,0,14.333333,430
11.866667,356,8,3151,0,14.366667,431
11.9,357,8,3152,0,14.4,432
11.933333,358,8,3153,0,14.433333,433
0.0,0,9,3154,0,0.0,0
0.033333335,1,9,3155,0,0.06666667,2
0.06666667,2,9,3156,0,0.1,3
0.1,3,9,3157,0,2.5333333,76
0.13333334,4,9,3158,0,2.6333334,79
0.16666667,5,9,3159,0,2.6666667,80
0.2,6,9,3160,0,2.7333333,82
0.23333333,7,9,3161,0,2.8,84
0.26666668,8,9,3162,0,2.8333333,85
0.3,9,9,3163,0,2.8666666,86
0.33333334,10,9,3164,0,2.9,87
0.36666667,11,9,3165,0,2.9333334,88
0.4,12,9,3166,0,2.9666667,89
0.43333334,13,9,3167,0,3.0,90
0.46666667,14,9,3168,0,3.0333333,91
0.5,15,9,3169,0,3.0666666,92
0.53333336,16,9,3170,0,3.1,93
0.56666666,17,9,3171,0,3.1333334,94
0.6,18,9,3172,0,3.1666667,95
0.6333333,19,9,3173,0,3.2333333,97
0.6666667,20,9,3174,0,3.2666667,98
0.7,21,9,3175,0,3.3,99
0.73333335,22,9,3176,0,3.3333333,100
0.76666665,23,9,3177,0,3.3666666,101
0.8,24,9,3178,0,3.4,102
0.8333333,25,9,3179,0,3.4333334,103
0.8666667,26,9,3180,0,3.4666667,104
0.9,27,9,3181,0,3.5,105
0.93333334,28,9,3182,0,3.5333333,106
0.96666664,29,9,3183,0,3.5666666,107
1.0,30,9,3184,0,3.6,108
1.0333333,31,9,3185,0,3.6333334,109
1.0666667,32,9,3186,0,3.6666667,110
1.1,33,9,3187,0,3.7,111
1.1333333,34,9,3188,0,3.7333333,112
1.1666666,35,9,3189,0,3.7666667,113
1.2,36,9,3190,0,3.8,114
1.2333333,37,9,3191,0,3.8333333,115
1.2666667,38,9,3192,0,3.8666666,116
1.3,39,9,3193,0,3.9,117
1.3333334,40,9,3194,0,3.9333334,118
1.3666667,41,9,3195,0,3.9666667,119
1.4,42,9,3196,0,4.0,120
1.4333333,43,9,3197,0,4.0333333,121
1.4666667,44,9,3198,0,4.0666666,122
1.5,45,9,3199,0,4.1,123
1.5333333,46,9,3200,0,4.133333,124
1.5666667,47,9,3201,0,4.1666665,125
1.6,48,9,3202,0,4.2,126
1.6333333,49,9,3203,0,4.233333,127
1.6666666,50,9,3204,0,4.266667,128
1.7,51,9,3205,0,4.3,129
1.7333333,52,9,3206,0,4.3333335,130
1.7666667,53,9,3207,0,4.366667,131
1.8,54,9,3208,0,4.4,132
1.8333334,55,9,3209,0,4.4333334,133
1.8666667,56,9,3210,0,4.4666667,134
1.9,57,9,3211,0,4.5,135
1.9333333,58,9,3212,0,4.5333333,136
1.9666667,59,9,3213,0,4.5666666,137
2.0,60,9,3214,0,4.6,138
2.0333333,61,9,3215,0,4.633333,139
2.0666666,62,9,3216,0,4.6666665,140
2.1,63,9,3217,0,4.7,141
2.1333334,64,9,3218,0,4.733333,142
2.1666667,65,9,3219,0,4.766667,143
2.2,66,9,3220,0,4.8,144
2.2333333,67,9,3221,0,4.8333335,145
2.2666667,68,9,3222,0,4.866667,146
2.3,69,9,3223,0,4.9,147
2.3333333,70,9,3224,0,4.9333334,148
2.3666666,71,9,3225,0,4.9666667,149
2.4,72,9,3226,0,5.0,150
2.4333334,73,9,3227,0,5.0333333,151
2.4666667,74,9,3228,0,5.0666666,152
2.5,75,9,3229,0,5.1,153
2.5333333,76,9,3230,0,5.133333,154
2.5666666,77,9,3231,0,5.1666665,155
2.6,78,9,3232,0,5.2,156
2.6333334,79,9,3233,0,5.233333,157
2.6666667,80,9,3234,0,5.266667,158
2.7,81,9,3235,0,5.3,159
2.7333333,82,9,3236,0,5.3333335,160
2.7666667,83,9,3237,0,5.366667,161
2.8,84,9,3238,0,5.4,162
2.8333333,85,9,3239,0,5.4333334,163
2.8666666,86,9,3240,0,5.4666667,164
2.9,87,9,3241,0,5.5,165
2.9333334,88,9,3242,0,5.5333333,166
2.9666667,89,9,3243,0,5.5666666,167
3.0,90,9,3244,0,5.6,168
3.0333333,91,9,3245,0,5.633333,169
3.0666666,92,9,3246,0,5.6666665,170
3.1,93,9,3247,0,5.7,171
3.1333334,94,9,3248,0,5.733333,172
3.1666667,95,9,3249,0,5.766667,173
3.2,96,9,3250,0,5.8,174
3.2333333,97,9,3251,0,5.8333335,175
3.2666667,98,9,3252,0,5.866667,176
3.3,99,9,3253,0,5.9,177
3.3333333,100,9,3254,0,5.9333334,178
3.3666666,101,9,3255,0,5.9666667,179
3.4,102,9,3256,0,6.0,180
3.4333334,103,9,3257,0,6.0333333,181
3.4666667,104,9,3258,0,6.0666666,182
3.5,105,9,3259,0,6.1,183
3.5333333,106,9,3260,0,6.133333,184
3.5666666,107,9,3261,0,6.1666665,185
3.6,108,9,3262,0,6.2,186
3.6333334,109,9,3263,0,6.233333,187
3.6666667,110,9,3264,0,6.266667,188
3.7,111,9,3265,0,6.3,189
3.7333333,112,9,3266,0,6.3333335,190
3.7666667,113,9,3267,0,6.366667,191
3.8,114,9,3268,0,6.4,192
3.8333333,115,9,3269,0,6.4333334,193
3.8666666,116,9,3270,0,6.4666667,194
3.9,117,9,3271,0,6.5,195
3.9333334,118,9,3272,0,6.5333333,196
3.9666667,119,9,3273,0,6.5666666,197
4.0,120,9,3274,0,6.6,198
4.0333333,121,9,3275,0,6.633333,199
4.0666666,122,9,3276,0,6.6666665,200
4.1,123,9,3277,0,6.7,201
4.133333,124,9,3278,0,6.733333,202
4.1666665,125,9,3279,0,6.766667,203
4.2,126,9,3280,0,6.8,204
4.233333,127,9,3281,0,6.8333335,205
4.266667,128,9,3282,0,6.866667,206
4.3,129,9,3283,0,6.9,207
4.3333335,130,9,3284,0,6.9333334,208
4.366667,131,9,3285,0,6.9666667,209
4.4,132,9,3286,0,7.0,210
4.4333334,133,9,3287,0,7.0333333,211
4.4666667,134,9,3288,0,7.0666666,212
4.5,135,9,3289,0,7.1,213
4.5333333,136,9,3290,0,7.133333,214
4.5666666,137,9,3291,0,7.1666665,215
4.6,138,9,3292,0,7.2,216
4.633333,139,9,3293,0,7.233333,217
4.6666665,140,9,3294,0,7.266667,218
4.7,141,9,3295,0,7.3,219
4.733333,142,9,3296,0,7.3333335,220
4.766667,143,9,3297,0,7.366667,221
4.8,144,9,3298,0,7.4,222
4.8333335,145,9,3299,0,7.4333334,223
4.866667,146,9,3300,0,7.4666667,224
4.9,147,9,3301,0,7.5,225
4.9333334,148,9,3302,0,7.5333333,226
4.9666667,149,9,3303,0,7.5666666,227
5.0,150,9,3304,0,7.6,228
5.0333333,151,9,3305,0,7.633333,229
5.0666666,152,9,3306,0,7.6666665,230
5.1,153,9,3307,0,7.7,231
5.133333,154,9,3308,0,7.733333,232
5.1666665,155,9,3309,0,7.766667,233
5.2,156,9,3310,0,7.8,234
5.233333,157,9,3311,0,7.8333335,235
5.266667,158,9,3312,0,7.866667,236
5.3,159,9,3313,0,7.9,237
5.3333335,160,9,3314,0,7.9333334,238
5.366667,161,9,3315,0,7.9666667,239
5.4,162,9,3316,0,8.0,240
5.4333334,163,9,3317,0,8.033334,241
5.4666667,164,9,3318,0,8.066667,242
5.5,165,9,3319,0,8.1,243
5.5333333,166,9,3320,0,8.133333,244
5.5666666,167,9,3321,0,8.166667,245
5.6,168,9,3322,0,8.2,246
5.633333,169,9,3323,0,8.233334,247
5.6666665,170,9,3324,0,8.266666,248
5.7,171,9,3325,0,8.3,249
5.733333,172,9,3326,0,8.333333,250
5.766667,173,9,3327,0,8.366667,251
5.8,174,9,3328,0,8.4,252
5.8333335,175,9,3329,0,8.433333,253
5.866667,176,9,3330,0,8.466666,254
5.9,177,9,3331,0,8.5,255
5.9333334,178,9,3332,0,8.533334,256
5.9666667,179,9,3333,0,8.566667,257
6.0,180,9,3334,0,8.6,258
6.0333333,181,9,3335,0,8.633333,259
6.0666666,182,9,3336,0,8.666667,260
6.1,183,9,3337,0,8.7,261
6.133333,184,9,3338,0,8.733334,262
6.1666665,185,9,3339,0,8.766666,263
6.2,186,9,3340,0,8.8,264
6.233333,187,9,3341,0,8.833333,265
6.266667,188,9,3342,0,8.866667,266
6.3,189,9,3343,0,8.9,267
6.3333335,190,9,3344,0,8.933333,268
6.366667,191,9,3345,0,8.966666,269
6.4,192,9,3346,0,9.0,270
6.4333334,193,9,3347,0,9.033334,271
6.4666667,194,9,3348,0,9.066667,272
6.5,195,9,3349,0,9.1,273
6.5333333,196,9,3350,0,9.133333,274
6.5666666,197,9,3351,0,9.166667,275
6.6,198,9,3352,0,9.2,276
6.633333,199,9,3353,0,9.233334,277
6.6666665,200,9,3354,0,9.266666,278
6.7,201,9,3355,0,9.3,279
6.733333,202,9,3356,0,9.333333,280
6.766667,203,9,3357,0,9.366667,281
6.8,204,9,3358,0,9.4,282
6.8333335,205,9,3359,0,9.433333,283
6.866667,206,9,3360,0,9.466666,284
6.9,207,9,3361,0,9.5,285
6.9333334,208,9,3362,0,9.533334,286
6.9666667,209,9,3363,0,9.566667,287
7.0,210,9,3364,0,9.6,288
7.0333333,211,9,3365,0,9.633333,289
7.0666666,212,9,3366,0,9.666667,290
7.1,213,9,3367,0,9.7,291
7.133333,214,9,3368,0,9.733334,292
7.1666665,215,9,3369,0,9.766666,293
7.2,216,9,3370,0,9.8,294
7.233333,217,9,3371,0,9.833333,295
7.266667,218,9,3372,0,9.866667,296
7.3,219,9,3373,0,9.9,297
7.3333335,220,9,3374,0,9.933333,298
7.366667,221,9,3375,0,9.966666,299
7.4,222,9,3376,0,10.0,300
7.4333334,223,9,3377,0,10.033334,301
7.4666667,224,9,3378,0,10.066667,302
7.5,225,9,3379,0,10.1,303
7.5333333,226,9,3380,0,10.133333,304
7.5666666,227,9,3381,0,10.166667,305
7.6,228,9,3382,0,10.2,306
7.633333,229,9,3383,0,10.233334,307
7.6666665,230,9,3384,0,10.266666,308
7.7,231,9,3385,0,10.3,309
7.733333,232,9,3386,0,10.333333,310
7.766667,233,9,3387,0,10.366667,311
7.8,234,9,3388,0,10.4,312
7.8333335,235,9,3389,0,10.433333,313
7.866667,236,9,3390,0,10.466666,314
7.9,237,9,3391,0,10.5,315
7.9333334,238,9,3392,0,10.533334,316
7.9666667,239,9,3393,0,10.566667,317
8.0,240,9,3394,0,10.6,318
8.033334,241,9,3395,0,10.633333,319
8.066667,242,9,3396,0,10.666667,320
8.1,243,9,3397,0,10.7,321
8.133333,244,9,3398,0,10.733334,322
8.166667,245,9,3399,0,10.766666,323
8.2,246,9,3400,0,10.8,324
8.233334,247,9,3401,0,10.833333,325
8.266666,248,9,3402,0,10.866667,326
8.3,249,9,3403,0,10.9,327
8.333333,250,9,3404,0,10.933333,328
8.366667,251,9,3405,0,10.966666,329
8.4,252,9,3406,0,11.0,330
8.433333,253,9,3407,0,11.033334,331
8.466666,254,9,3408,0,11.066667,332
8.5,255,9,3409,0,11.1,333
8.533334,256,9,3410,0,11.133333,334
8.566667,257,9,3411,0,11.166667,335
8.6,258,9,3412,0,11.2,336
8.633333,259,9,3413,0,11.233334,337
8.666667,260,9,3414,0,11.266666,338
8.7,261,9,3415,0,11.3,339
8.733334,262,9,3416,0,11.333333,340
8.766666,263,9,3417,0,11.366667,341
8.8,264,9,3418,0,11.4,342
8.833333,265,9,3419,0,11.433333,343
8.866667,266,9,3420,0,11.466666,344
8.9,267,9,3421,0,11.5,345
8.933333,268,9,3422,0,11.533334,346
8.966666,269,9,3423,0,11.566667,347
9.0,270,9,3424,0,11.6,348
9.033334,271,9,3425,0,11.633333,349
9.066667,272,9,3426,0,11.666667,350
9.1,273,9,3427,0,11.7,351
9.133333,274,9,3428,0,11.733334,352
9.166667,275,9,3429,0,11.766666,353
9.2,276,9,3430,0,11.8,354
9.233334,277,9,3431,0,11.833333,355
9.266666,278,9,3432,0,11.866667,356
9.3,279,9,3433,0,11.9,357
9.333333,280,9,3434,0,11.933333,358
9.366667,281,9,3435,0,11.966666,359
9.4,282,9,3436,0,12.0,360
9.433333,283,9,3437,0,12.033334,361
9.466666,284,9,3438,0,12.066667,362
9.5,285,9,3439,0,12.1,363
9.533334,286,9,3440,0,12.133333,364
9.566667,287,9,3441,0,12.166667,365
9.6,288,9,3442,0,12.2,366
9.633333,289,9,3443,0,12.233334,367
9.666667,290,9,3444,0,12.266666,368
9.7,291,9,3445,0,12.3,369
9.733334,292,9,3446,0,12.333333,370
9.766666,293,9,3447,0,12.366667,371
9.8,294,9,3448,0,12.4,372
9.833333,295,9,3449,0,12.433333,373
9.866667,296,9,3450,0,12.466666,374
9.9,297,9,3451,0,12.5,375
9.933333,298,9,3452,0,12.533334,376
9.966666,299,9,3453,0,12.566667,377
10.0,300,9,3454,0,12.6,378
10.033334,301,9,3455,0,12.633333,379
10.066667,302,9,3456,0,12.666667,380
10.1,303,9,3457,0,12.7,381
10.133333,304,9,3458,0,12.733334,382
10.166667,305,9,3459,0,12.766666,383
10.2,306,9,3460,0,12.8,384
10.233334,307,9,3461,0,12.833333,385
10.266666,308,9,3462,0,12.866667,386
10.3,309,9,3463,0,12.9,387
10.333333,310,9,3464,0,12.933333,388
10.366667,311,9,3465,0,12.966666,389
10.4,312,9,3466,0,13.0,390
10.433333,313,9,3467,0,13.033334,391
10.466666,314,9,3468,0,13.066667,392
10.5,315,9,3469,0,13.1,393
10.533334,316,9,3470,0,13.133333,394
10.566667,317,9,3471,0,13.166667,395
10.6,318,9,3472,0,13.2,396
10.633333,319,9,3473,0,13.233334,397
10.666667,320,9,3474,0,13.266666,398
10.7,321,9,3475,0,13.3,399
10.733334,322,9,3476,0,13.333333,400
10.766666,323,9,3477,0,13.366667,401
10.8,324,9,3478,0,13.4,402
10.833333,325,9,3479,0,13.433333,403
10.866667,326,9,3480,0,13.466666,404
10.9,327,9,3481,0,13.5,405
10.933333,328,9,3482,0,13.533334,406
10.966666,329,9,3483,0,13.566667,407
11.0,330,9,3484,0,13.6,408
11.033334,331,9,3485,0,13.633333,409
11.066667,332,9,3486,0,13.666667,410
11.1,333,9,3487,0,13.7,411
11.133333,334,9,3488,0,13.733334,412
11.166667,335,9,3489,0,13.766666,413
11.2,336,9,3490,0,13.8,414
11.233334,337,9,3491,0,13.833333,415
11.266666,338,9,3492,0,13.866667,416
11.3,339,9,3493,0,13.9,417
11.333333,340,9,3494,0,13.933333,418
11.366667,341,9,3495,0,13.966666,419
11.4,342,9,3496,0,14.0,420
11.433333,343,9,3497,0,14.033334,421
11.466666,344,9,3498,0,14.066667,422
11.5,345,9,3499,0,14.1,423
11.533334,346,9,3500,0,14.133333,424
11.566667,347,9,3501,0,14.166667,425
11.6,348,9,3502,0,14.2,426
11.633333,349,9,3503,0,14.233334,427
11.666667,350,9,3504,0,14.266666,428
11.7,351,9,3505,0,14.3,429
11.733334,352,9,3506,0,14.333333,430
11.766666,353,9,3507,0,14.366667,431
11.8,354,9,3508,0,14.4,432
11.833333,355,9,3509,0,14.433333,433
11.866667,356,9,3510,0,14.466666,434
11.9,357,9,3511,0,14.5,435
11.933333,358,9,3512,0,14.533334,436
11.966666,359,9,3513,0,14.566667,437
12.0,360,9,3514,0,14.6,438
12.033334,361,9,3515,0,14.633333,439
12.066667,362,9,3516,0,14.666667,440
12.1,363,9,3517,0,14.7,441
12.133333,364,9,3518,0,14.733334,442
12.166667,365,9,3519,0,14.766666,443
12.2,366,9,3520,0,15.533334,466
0.0,0,10,3521,0,0.0,0
0.033333335,1,10,3522,0,1.9333333,58
0.06666667,2,10,3523,0,1.9666667,59
0.1,3,10,3524,0,2.0,60
0.13333334,4,10,3525,0,2.0333333,61
0.16666667,5,10,3526,0,2.0666666,62
0.2,6,10,3527,0,2.1,63
0.23333333,7,10,3528,0,2.2666667,68
0.26666668,8,10,3529,0,2.4666667,74
0.3,9,10,3530,0,2.5,75
0.33333334,10,10,3531,0,2.6,78
0.36666667,11,10,3532,0,2.6333334,79
0.4,12,10,3533,0,2.6666667,80
0.43333334,13,10,3534,0,2.7,81
0.46666667,14,10,3535,0,2.7666667,83
0.5,15,10,3536,0,2.8,84
0.53333336,16,10,3537,0,2.8333333,85
0.56666666,17,10,3538,0,2.8666666,86
0.6,18,10,3539,0,2.9,87
0.6333333,19,10,3540,0,2.9333334,88
0.6666667,20,10,3541,0,2.9666667,89
0.7,21,10,3542,0,3.0,90
0.73333335,22,10,3543,0,3.0333333,91
0.76666665,23,10,3544,0,3.0666666,92
0.8,24,10,3545,0,3.1,93
0.8333333,25,10,3546,0,3.1333334,94
0.8666667,26,10,3547,0,3.1666667,95
0.9,27,10,3548,0,3.2,96
0.93333334,28,10,3549,0,3.2333333,97
0.96666664,29,10,3550,0,3.2666667,98
1.0,30,10,3551,0,3.3,99
1.0333333,31,10,3552,0,3.3333333,100
1.0666667,32,10,3553,0,3.3666666,101
1.1,33,10,3554,0,3.4,102
1.1333333,34,10,3555,0,3.4333334,103
1.1666666,35,10,3556,0,3.4666667,104
1.2,36,10,3557,0,3.5,105
1.2333333,37,10,3558,0,3.5333333,106
1.2666667,38,10,3559,0,3.5666666,107
1.3,39,10,3560,0,3.6,108
1.3333334,40,10,3561,0,3.6333334,109
1.3666667,41,10,3562,0,3.6666667,110
1.4,42,10,3563,0,3.7,111
1.4333333,43,10,3564,0,3.7333333,112
1.4666667,44,10,3565,0,3.7666667,113
1.5,45,10,3566,0,3.8,114
1.5333333,46,10,3567,0,3.8333333,115
1.5666667,47,10,3568,0,3.8666666,116
1.6,48,10,3569,0,3.9,117
1.6333333,49,10,3570,0,3.9333334,118
1.6666666,50,10,3571,0,3.9666667,119
1.7,51,10,3572,0,4.0,120
1.7333333,52,10,3573,0,4.0333333,121
1.7666667,53,10,3574,0,4.0666666,122
1.8,54,10,3575,0,4.1,123
1.8333334,55,10,3576,0,4.133333,124
1.8666667,56,10,3577,0,4.1666665,125
1.9,57,10,3578,0,4.2,126
1.9333333,58,10,3579,0,4.233333,127
1.9666667,59,10,3580,0,4.266667,128
2.0,60,10,3581,0,4.3,129
2.0333333,61,10,3582,0,4.3333335,130
2.0666666,62,10,3583,0,4.366667,131
2.1,63,10,3584,0,4.4,132
2.1333334,64,10,3585,0,4.4333334,133
2.1666667,65,10,3586,0,4.4666667,134
2.2,66,10,3587,0,4.5,135
2.2333333,67,10,3588,0,4.5333333,136
2.2666667,68,10,3589,0,4.5666666,137
2.3,69,10,3590,0,4.6,138
2.3333333,70,10,3591,0,4.633333,139
2.3666666,71,10,3592,0,4.6666665,140
2.4,72,10,3593,0,4.7,141
2.4333334,73,10,3594,0,4.733333,142
2.4666667,74,10,3595,0,4.766667,143
2.5,75,10,3596,0,4.8,144
2.5333333,76,10,3597,0,4.8333335,145
2.5666666,77,10,3598,0,4.866667,146
2.6,78,10,3599,0,4.9,147
2.6333334,79,10,3600,0,4.9333334,148
2.6666667,80,10,3601,0,4.9666667,149
2.7,81,10,3602,0,5.0,150
2.7333333,82,10,3603,0,5.0333333,151
2.7666667,83,10,3604,0,5.0666666,152
2.8,84,10,3605,0,5.1,153
2.8333333,85,10,3606,0,5.133333,154
2.8666666,86,10,3607,0,5.1666665,155
2.9,87,10,3608,0,5.2,156
2.9333334,88,10,3609,0,5.233333,157
2.9666667,89,10,3610,0,5.266667,158
3.0,90,10,3611,0,5.3,159
3.0333333,91,10,3612,0,5.3333335,160
3.0666666,92,10,3613,0,5.366667,161
3.1,93,10,3614,0,5.4,162
3.1333334,94,10,3615,0,5.4333334,163
3.1666667,95,10,3616,0,5.4666667,164
3.2,96,10,3617,0,5.5,165
3.2333333,97,10,3618,0,5.5333333,166
3.2666667,98,10,3619,0,5.5666666,167
3.3,99,10,3620,0,5.6,168
3.3333333,100,10,3621,0,5.633333,169
3.3666666,101,10,3622,0,5.6666665,170
3.4,102,10,3623,0,5.7,171
3.4333334,103,10,3624,0,5.733333,172
3.4666667,104,10,3625,0,5.766667,173
3.5,105,10,3626,0,5.8,174
3.5333333,106,10,3627,0,5.8333335,175
3.5666666,107,10,3628,0,5.866667,176
3.6,108,10,3629,0,5.9,177
3.6333334,109,10,3630,0,5.9333334,178
3.6666667,110,10,3631,0,5.9666667,179
3.7,111,10,3632,0,6.0,180
3.7333333,112,10,3633,0,6.0333333,181
3.7666667,113,10,3634,0,6.0666666,182
3.8,114,10,3635,0,6.1,183
3.8333333,115,10,3636,0,6.133333,184
3.8666666,116,10,3637,0,6.1666665,185
3.9,117,10,3638,0,6.2,186
3.9333334,118,10,3639,0,6.233333,187
3.9666667,119,10,3640,0,6.266667,188
4.0,120,10,3641,0,6.3,189
4.0333333,121,10,3642,0,6.3333335,190
4.0666666,122,10,3643,0,6.366667,191
4.1,123,10,3644,0,6.4,192
4.133333,124,10,3645,0,6.4333334,193
4.1666665,125,10,3646,0,6.4666667,194
4.2,126,10,3647,0,6.5,195
4.233333,127,10,3648,0,6.5333333,196
4.266667,128,10,3649,0,6.5666666,197
4.3,129,10,3650,0,6.6,198
4.3333335,130,10,3651,0,6.633333,199
4.366667,131,10,3652,0,6.6666665,200
4.4,132,10,3653,0,6.7,201
4.4333334,133,10,3654,0,6.733333,202
4.4666667,134,10,3655,0,6.766667,203
4.5,135,10,3656,0,6.8,204
4.5333333,136,10,3657,0,6.8333335,205
4.5666666,137,10,3658,0,6.866667,206
4.6,138,10,3659,0,6.9,207
4.633333,139,10,3660,0,6.9333334,208
4.6666665,140,10,3661,0,6.9666667,209
4.7,141,10,3662,0,7.0,210
4.733333,142,10,3663,0,7.0333333,211
4.766667,143,10,3664,0,7.0666666,212
4.8,144,10,3665,0,7.1,213
4.8333335,145,10,3666,0,7.133333,214
4.866667,146,10,3667,0,7.1666665,215
4.9,147,10,3668,0,7.2,216
4.9333334,148,10,3669,0,7.233333,217
4.9666667,149,10,3670,0,7.266667,218
5.0,150,10,3671,0,7.3,219
5.0333333,151,10,3672,0,7.3333335,220
5.0666666,152,10,3673,0,7.366667,221
5.1,153,10,3674,0,7.4,222
5.133333,154,10,3675,0,7.4333334,223
5.1666665,155,10,3676,0,7.4666667,224
5.2,156,10,3677,0,7.5,225
5.233333,157,10,3678,0,7.5333333,226
5.266667,158,10,3679,0,7.5666666,227
5.3,159,10,3680,0,7.6,228
5.3333335,160,10,3681,0,7.633333,229
5.366667,161,10,3682,0,7.6666665,230
5.4,162,10,3683,0,7.7,231
5.4333334,163,10,3684,0,7.733333,232
5.4666667,164,10,3685,0,7.766667,233
5.5,165,10,3686,0,7.8,234
5.5333333,166,10,3687,0,7.8333335,235
5.5666666,167,10,3688,0,7.866667,236
5.6,168,10,3689,0,7.9,237
5.633333,169,10,3690,0,7.9333334,238
5.6666665,170,10,3691,0,7.9666667,239
5.7,171,10,3692,0,8.0,240
5.733333,172,10,3693,0,8.033334,241
5.766667,173,10,3694,0,8.066667,242
5.8,174,10,3695,0,8.1,243
5.8333335,175,10,3696,0,8.133333,244
5.866667,176,10,3697,0,8.166667,245
5.9,177,10,3698,0,8.2,246
5.9333334,178,10,3699,0,8.233334,247
5.9666667,179,10,3700,0,8.266666,248
6.0,180,10,3701,0,8.3,249
6.0333333,181,10,3702,0,8.333333,250
6.0666666,182,10,3703,0,8.366667,251
6.1,183,10,3704,0,8.4,252
6.133333,184,10,3705,0,8.433333,253
6.1666665,185,10,3706,0,8.466666,254
6.2,186,10,3707,0,8.5,255
6.233333,187,10,3708,0,8.533334,256
6.266667,188,10,3709,0,8.566667,257
6.3,189,10,3710,0,8.6,258
6.3333335,190,10,3711,0,8.633333,259
6.366667,191,10,3712,0,8.666667,260
6.4,192,10,3713,0,8.7,261
6.4333334,193,10,3714,0,8.733334,262
6.4666667,194,10,3715,0,8.766666,263
6.5,195,10,3716,0,8.8,264
6.5333333,196,10,3717,0,8.833333,265
6.5666666,197,10,3718,0,8.866667,266
6.6,198,10,3719,0,8.9,267
6.633333,199,10,3720,0,8.933333,268
6.6666665,200,10,3721,0,8.966666,269
6.7,201,10,3722,0,9.0,270
6.733333,202,10,3723,0,9.033334,271
6.766667,203,10,3724,0,9.066667,272
6.8,204,10,3725,0,9.1,273
6.8333335,205,10,3726,0,9.133333,274
6.866667,206,10,3727,0,9.166667,275
6.9,207,10,3728,0,9.2,276
6.9333334,208,10,3729,0,9.233334,277
6.9666667,209,10,3730,0,9.266666,278
7.0,210,10,3731,0,9.3,279
7.0333333,211,10,3732,0,9.333333,280
7.0666666,212,10,3733,0,9.366667,281
7.1,213,10,3734,0,9.4,282
7.133333,214,10,3735,0,9.433333,283
7.1666665,215,10,3736,0,9.466666,284
7.2,216,10,3737,0,9.5,285
7.233333,217,10,3738,0,9.533334,286
7.266667,218,10,3739,0,9.566667,287
7.3,219,10,3740,0,9.6,288
7.3333335,220,10,3741,0,9.633333,289
7.366667,221,10,3742,0,9.666667,290
7.4,222,10,3743,0,9.7,291
7.4333334,223,10,3744,0,9.733334,292
7.4666667,224,10,3745,0,9.766666,293
7.5,225,10,3746,0,9.8,294
7.5333333,226,10,3747,0,9.833333,295
7.5666666,227,10,3748,0,9.866667,296
7.6,228,10,3749,0,9.9,297
7.633333,229,10,3750,0,9.933333,298
7.6666665,230,10,3751,0,9.966666,299
7.7,231,10,3752,0,10.0,300
7.733333,232,10,3753,0,10.033334,301
7.766667,233,10,3754,0,10.066667,302
7.8,234,10,3755,0,10.1,303
7.8333335,235,10,3756,0,10.133333,304
7.866667,236,10,3757,0,10.166667,305
7.9,237,10,3758,0,10.2,306
7.9333334,238,10,3759,0,10.233334,307
7.9666667,239,10,3760,0,10.266666,308
8.0,240,10,3761,0,10.3,309
8.033334,241,10,3762,0,10.333333,310
8.066667,242,10,3763,0,10.366667,311
8.1,243,10,3764,0,10.4,312
8.133333,244,10,3765,0,10.433333,313
8.166667,245,10,3766,0,10.466666,314
8.2,246,10,3767,0,10.5,315
8.233334,247,10,3768,0,10.533334,316
8.266666,248,10,3769,0,10.566667,317
8.3,249,10,3770,0,10.6,318
8.333333,250,10,3771,0,10.633333,319
8.366667,251,10,3772,0,10.666667,320
8.4,252,10,3773,0,10.7,321
8.433333,253,10,3774,0,10.733334,322
8.466666,254,10,3775,0,10.766666,323
8.5,255,10,3776,0,10.8,324
8.533334,256,10,3777,0,10.833333,325
8.566667,257,10,3778,0,10.866667,326
8.6,258,10,3779,0,10.9,327
8.633333,259,10,3780,0,10.933333,328
8.666667,260,10,3781,0,10.966666,329
8.7,261,10,3782,0,11.0,330
8.733334,262,10,3783,0,11.033334,331
8.766666,263,10,3784,0,11.066667,332
8.8,264,10,3785,0,11.1,333
8.833333,265,10,3786,0,11.133333,334
8.866667,266,10,3787,0,11.166667,335
8.9,267,10,3788,0,11.2,336
8.933333,268,10,3789,0,11.233334,337
8.966666,269,10,3790,0,11.266666,338
9.0,270,10,3791,0,11.3,339
9.033334,271,10,3792,0,11.333333,340
9.066667,272,10,3793,0,11.366667,341
9.1,273,10,3794,0,11.4,342
9.133333,274,10,3795,0,11.433333,343
9.166667,275,10,3796,0,11.466666,344
9.2,276,10,3797,0,11.5,345
9.233334,277,10,3798,0,11.533334,346
9.266666,278,10,3799,0,11.566667,347
9.3,279,10,3800,0,11.6,348
9.333333,280,10,3801,0,11.633333,349
9.366667,281,10,3802,0,11.7,351
9.4,282,10,3803,0,11.733334,352
9.433333,283,10,3804,0,11.766666,353
9.466666,284,10,3805,0,11.8,354
9.5,285,10,3806,0,11.833333,355
9.533334,286,10,3807,0,11.866667,356
9.566667,287,10,3808,0,11.9,357
9.6,288,10,3809,0,11.933333,358
9.633333,289,10,3810,0,11.966666,359
9.666667,290,10,3811,0,12.0,360
9.7,291,10,3812,0,12.033334,361
9.733334,292,10,3813,0,12.066667,362
9.766666,293,10,3814,0,12.1,363
9.8,294,10,3815,0,12.133333,364
9.833333,295,10,3816,0,12.166667,365
9.866667,296,10,3817,0,12.2,366
9.9,297,10,3818,0,12.233334,367
9.933333,298,10,3819,0,12.266666,368
9.966666,299,10,3820,0,12.3,369
10.0,300,10,3821,0,12.333333,370
10.033334,301,10,3822,0,12.366667,371
10.066667,302,10,3823,0,12.4,372
10.1,303,10,3824,0,12.433333,373
10.133333,304,10,3825,0,12.466666,374
10.166667,305,10,3826,0,12.5,375
10.2,306,10,3827,0,12.533334,376
10.233334,307,10,3828,0,12.566667,377
10.266666,308,10,3829,0,12.6,378
10.3,309,10,3830,0,12.633333,379
10.333333,310,10,3831,0,12.666667,380
10.366667,311,10,3832,0,12.7,381
10.4,312,10,3833,0,12.733334,382
10.433333,313,10,3834,0,12.766666,383
10.466666,314,10,3835,0,12.8,384
10.5,315,10,3836,0,12.833333,385
10.533334,316,10,3837,0,12.866667,386
10.566667,317,10,3838,0,12.9,387
10.6,318,10,3839,0,12.933333,388
10.633333,319,10,3840,0,12.966666,389
10.666667,320,10,3841,0,13.0,390
10.7,321,10,3842,0,13.033334,391
10.733334,322,10,3843,0,13.066667,392
10.766666,323,10,3844,0,13.1,393
10.8,324,10,3845,0,13.133333,394
10.833333,325,10,3846,0,13.166667,395
10.866667,326,10,3847,0,13.2,396
10.9,327,10,3848,0,13.233334,397
10.933333,328,10,3849,0,13.266666,398
10.966666,329,10,3850,0,13.3,399
11.0,330,10,3851,0,13.333333,400
11.033334,331,10,3852,0,13.366667,401
11.066667,332,10,3853,0,13.4,402
11.1,333,10,3854,0,13.433333,403
11.133333,334,10,3855,0,13.466666,404
11.166667,335,10,3856,0,13.5,405
11.2,336,10,3857,0,13.533334,406
11.233334,337,10,3858,0,13.566667,407
11.266666,338,10,3859,0,13.6,408
11.3,339,10,3860,0,13.633333,409
11.333333,340,10,3861,0,13.666667,410
11.366667,341,10,3862,0,13.7,411
11.4,342,10,3863,0,13.733334,412
11.433333,343,10,3864,0,13.766666,413
11.466666,344,10,3865,0,13.8,414
11.5,345,10,3866,0,13.833333,415
11.533334,346,10,3867,0,13.866667,416
11.566667,347,10,3868,0,13.9,417
11.6,348,10,3869,0,13.933333,418
11.633333,349,10,3870,0,13.966666,419
11.666667,350,10,3871,0,14.0,420
11.7,351,10,3872,0,14.033334,421
11.733334,352,10,3873,0,14.066667,422
11.766666,353,10,3874,0,14.1,423
11.8,354,10,3875,0,14.133333,424
11.833333,355,10,3876,0,14.166667,425
11.866667,356,10,3877,0,14.2,426
11.9,357,10,3878,0,14.233334,427
11.933333,358,10,3879,0,14.266666,428
11.966666,359,10,3880,0,14.3,429
12.0,360,10,3881,0,14.333333,430
12.033334,361,10,3882,0,14.366667,431
12.066667,362,10,3883,0,14.4,432
12.1,363,10,3884,0,14.433333,433
12.133333,364,10,3885,0,14.466666,434
12.166667,365,10,3886,0,14.5,435
12.2,366,10,3887,0,14.533334,436
12.233334,367,10,3888,0,14.566667,437
12.266666,368,10,3889,0,14.6,438
12.3,369,10,3890,0,14.633333,439
12.333333,370,10,3891,0,14.733334,442
0.0,0,11,3892,0,0.0,0
0.033333335,1,11,3893,0,2.7333333,82
0.06666667,2,11,3894,0,2.7666667,83
0.1,3,11,3895,0,2.8,84
0.13333334,4,11,3896,0,2.8333333,85
0.16666667,5,11,3897,0,2.8666666,86
0.2,6,11,3898,0,2.9333334,88
0.23333333,7,11,3899,0,2.9666667,89
0.26666668,8,11,3900,0,3.0,90
0.3,9,11,3901,0,3.0333333,91
0.33333334,10,11,3902,0,3.0666666,92
0.36666667,11,11,3903,0,3.1,93
0.4,12,11,3904,0,3.1333334,94
0.43333334,13,11,3905,0,3.1666667,95
0.46666667,14,11,3906,0,3.2,96
0.5,15,11,3907,0,3.2333333,97
0.53333336,16,11,3908,0,3.2666667,98
0.56666666,17,11,3909,0,3.3,99
0.6,18,11,3910,0,3.3333333,100
0.6333333,19,11,3911,0,3.3666666,101
0.6666667,20,11,3912,0,3.4,102
0.7,21,11,3913,0,3.4333334,103
0.73333335,22,11,3914,0,3.4666667,104
0.76666665,23,11,3915,0,3.5,105
0.8,24,11,3916,0,3.5333333,106
0.8333333,25,11,3917,0,3.5666666,107
0.8666667,26,11,3918,0,3.6,108
0.9,27,11,3919,0,3.6333334,109
0.93333334,28,11,3920,0,3.6666667,110
0.96666664,29,11,3921,0,3.7,111
1.0,30,11,3922,0,3.7333333,112
1.0333333,31,11,3923,0,3.7666667,113
1.0666667,32,11,3924,0,3.8,114
1.1,33,11,3925,0,3.8333333,115
1.1333333,34,11,3926,0,3.8666666,116
1.1666666,35,11,3927,0,3.9,117
1.2,36,11,3928,0,3.9333334,118
1.2333333,37,11,3929,0,3.9666667,119
1.2666667,38,11,3930,0,4.0,120
1.3,39,11,3931,0,4.0333333,121
1.3333334,40,11,3932,0,4.0666666,122
1.3666667,41,11,3933,0,4.1,123
1.4,42,11,3934,0,4.133333,124
1.4333333,43,11,3935,0,4.1666665,125
1.4666667,44,11,3936,0,4.2,126
1.5,45,11,3937,0,4.233333,127
1.5333333,46,11,3938,0,4.266667,128
1.5666667,47,11,3939,0,4.3,129
1.6,48,11,3940,0,4.3333335,130
1.6333333,49,11,3941,0,4.366667,131
1.6666666,50,11,3942,0,4.4,132
1.7,51,11,3943,0,4.4333334,133
1.7333333,52,11,3944,0,4.4666667,134
1.7666667,53,11,3945,0,4.5,135
1.8,54,11,3946,0,4.5333333,136
1.8333334,55,11,3947,0,4.5666666,137
1.8666667,56,11,3948,0,4.6,138
1.9,57,11,3949,0,4.633333,139
1.9333333,58,11,3950,0,4.6666665,140
1.9666667,59,11,3951,0,4.7,141
2.0,60,11,3952,0,4.733333,142
2.0333333,61,11,3953,0,4.766667,143
2.0666666,62,11,3954,0,4.8,144
2.1,63,11,3955,0,4.8333335,145
2.1333334,64,11,3956,0,4.866667,146
2.1666667,65,11,3957,0,4.9,147
2.2,66,11,3958,0,4.9333334,148
2.2333333,67,11,3959,0,4.9666667,149
2.2666667,68,11,3960,0,5.0,150
2.3,69,11,3961,0,5.0333333,151
2.3333333,70,11,3962,0,5.0666666,152
2.3666666,71,11,3963,0,5.1,153
2.4,72,11,3964,0,5.133333,154
2.4333334,73,11,3965,0,5.1666665,155
2.4666667,74,11,3966,0,5.2,156
2.5,75,11,3967,0,5.233333,157
2.5333333,76,11,3968,0,5.266667,158
2.5666666,77,11,3969,0,5.3,159
2.6,78,11,3970,0,5.3333335,160
2.6333334,79,11,3971,0,5.366667,161
2.6666667,80,11,3972,0,5.4,162
2.7,81,11,3973,0,5.4333334,163
2.7333333,82,11,3974,0,5.4666667,164
2.7666667,83,11,3975,0,5.5,165
2.8,84,11,3976,0,5.5333333,166
2.8333333,85,11,3977,0,5.5666666,167
2.8666666,86,11,3978,0,5.6,168
2.9,87,11,3979,0,5.633333,169
2.9333334,88,11,3980,0,5.6666665,170
2.9666667,89,11,3981,0,5.7,171
3.0,90,11,3982,0,5.733333,172
3.0333333,91,11,3983,0,5.766667,173
3.0666666,92,11,3984,0,5.8,174
3.1,93,11,3985,0,5.8333335,175
3.1333334,94,11,3986,0,5.866667,176
3.1666667,95,11,3987,0,5.9,177
3.2,96,11,3988,0,5.9333334,178
3.2333333,97,11,3989,0,5.9666667,179
3.2666667,98,11,3990,0,6.0,180
3.3,99,11,3991,0,6.0333333,181
3.3333333,100,11,3992,0,6.0666666,182
3.3666666,101,11,3993,0,6.1,183
3.4,102,11,3994,0,6.133333,184
3.4333334,103,11,3995,0,6.1666665,185
3.4666667,104,11,3996,0,6.2,186
3.5,105,11,3997,0,6.233333,187
3.5333333,106,11,3998,0,6.266667,188
3.5666666,107,11,3999,0,6.3,189
3.6,108,11,4000,0,6.3333335,190
3.6333334,109,11,4001,0,6.366667,191
3.6666667,110,11,4002,0,6.4,192
3.7,111,11,4003,0,6.4333334,193
3.7333333,112,11,4004,0,6.4666667,194
3.7666667,113,11,4005,0,6.5,195
3.8,114,11,4006,0,6.5333333,196
3.8333333,115,11,4007,0,6.5666666,197
3.8666666,116,11,4008,0,6.6,198
3.9,117,11,4009,0,6.633333,199
3.9333334,118,11,4010,0,6.6666665,200
3.9666667,119,11,4011,0,6.7,201
4.0,120,11,4012,0,6.733333,202
4.0333333,121,11,4013,0,6.766667,203
4.0666666,122,11,4014,0,6.8,204
4.1,123,11,4015,0,6.8333335,205
4.133333,124,11,4016,0,6.866667,206
4.1666665,125,11,4017,0,6.9,207
4.2,126,11,4018,0,6.9333334,208
4.233333,127,11,4019,0,6.9666667,209
4.266667,128,11,4020,0,7.0,210
4.3,129,11,4021,0,7.0333333,211
4.3333335,130,11,4022,0,7.0666666,212
4.366667,131,11,4023,0,7.1,213
4.4,132,11,4024,0,7.133333,214
4.4333334,133,11,4025,0,7.1666665,215
4.4666667,134,11,4026,0,7.2,216
4.5,135,11,4027,0,7.233333,217
4.5333333,136,11,4028,0,7.266667,218
4.5666666,137,11,4029,0,7.3,219
4.6,138,11,4030,0,7.3333335,220
4.633333,139,11,4031,0,7.366667,221
4.6666665,140,11,4032,0,7.4,222
4.7,141,11,4033,0,7.4333334,223
4.733333,142,11,4034,0,7.4666667,224
4.766667,143,11,4035,0,7.5,225
4.8,144,11,4036,0,7.5333333,226
4.8333335,145,11,4037,0,7.5666666,227
4.866667,146,11,4038,0,7.6,228
4.9,147,11,4039,0,7.633333,229
4.9333334,148,11,4040,0,7.6666665,230
4.9666667,149,11,4041,0,7.7,231
5.0,150,11,4042,0,7.733333,232
5.0333333,151,11,4043,0,7.766667,233
5.0666666,152,11,4044,0,7.8,234
5.1,153,11,4045,0,7.8333335,235
5.133333,154,11,4046,0,7.866667,236
5.1666665,155,11,4047,0,7.9,237
5.2,156,11,4048,0,7.9333334,238
5.233333,157,11,4049,0,7.9666667,239
5.266667,158,11,4050,0,8.0,240
5.3,159,11,4051,0,8.033334,241
5.3333335,160,11,4052,0,8.066667,242
5.366667,161,11,4053,0,8.1,243
5.4,162,11,4054,0,8.133333,244
5.4333334,163,11,4055,0,8.166667,245
5.4666667,164,11,4056,0,8.2,246
5.5,165,11,4057,0,8.233334,247
5.5333333,166,11,4058,0,8.266666,248
5.5666666,167,11,4059,0,8.3,249
5.6,168,11,4060,0,8.333333,250
5.633333,169,11,4061,0,8.366667,251
5.6666665,170,11,4062,0,8.4,252
5.7,171,11,4063,0,8.433333,253
5.733333,172,11,4064,0,8.466666,254
5.766667,173,11,4065,0,8.5,255
5.8,174,11,4066,0,8.533334,256
5.8333335,175,11,4067,0,8.566667,257
5.866667,176,11,4068,0,8.6,258
5.9,177,11,4069,0,8.633333,259
5.9333334,178,11,4070,0,8.666667,260
5.9666667,179,11,4071,0,8.7,261
6.0,180,11,4072,0,8.733334,262
6.0333333,181,11,4073,0,8.766666,263
6.0666666,182,11,4074,0,8.8,264
6.1,183,11,4075,0,8.833333,265
6.133333,184,11,4076,0,8.866667,266
6.1666665,185,11,4077,0,8.9,267
6.2,186,11,4078,0,8.933333,268
6.233333,187,11,4079,0,8.966666,269
6.266667,188,11,4080,0,9.0,270
6.3,189,11,4081,0,9.033334,271
6.3333335,190,11,4082,0,9.066667,272
6.366667,191,11,4083,0,9.1,273
6.4,192,11,4084,0,9.133333,274
6.4333334,193,11,4085,0,9.166667,275
6.4666667,194,11,4086,0,9.2,276
6.5,195,11,4087,0,9.233334,277
6.5333333,196,11,4088,0,9.266666,278
6.5666666,197,11,4089,0,9.3,279
6.6,198,11,4090,0,9.333333,280
6.633333,199,11,4091,0,9.366667,281
6.6666665,200,11,4092,0,9.4,282
6.7,201,11,4093,0,9.433333,283
6.733333,202,11,4094,0,9.466666,284
6.766667,203,11,4095,0,9.5,285
6.8,204,11,4096,0,9.533334,286
6.8333335,205,11,4097,0,9.566667,287
6.866667,206,11,4098,0,9.6,288
6.9,207,11,4099,0,9.633333,289
6.9333334,208,11,4100,0,9.666667,290
6.9666667,209,11,4101,0,9.7,291
7.0,210,11,4102,0,9.733334,292
7.0333333,211,11,4103,0,9.766666,293
7.0666666,212,11,4104,0,9.8,294
7.1,213,11,4105,0,9.833333,295
7.133333,214,11,4106,0,9.866667,296
7.1666665,215,11,4107,0,9.9,297
7.2,216,11,4108,0,9.933333,298
7.233333,217,11,4109,0,9.966666,299
7.266667,218,11,4110,0,10.0,300
7.3,219,11,4111,0,10.033334,301
7.3333335,220,11,4112,0,10.066667,302
7.366667,221,11,4113,0,10.1,303
7.4,222,11,4114,0,10.133333,304
7.4333334,223,11,4115,0,10.166667,305
7.4666667,224,11,4116,0,10.2,306
7.5,225,11,4117,0,10.233334,307
7.5333333,226,11,4118,0,10.266666,308
7.5666666,227,11,4119,0,10.3,309
7.6,228,11,4120,0,10.333333,310
7.633333,229,11,4121,0,10.366667,311
7.6666665,230,11,4122,0,10.4,312
7.7,231,11,4123,0,10.433333,313
7.733333,232,11,4124,0,10.466666,314
7.766667,233,11,4125,0,10.5,315
7.8,234,11,4126,0,10.533334,316
7.8333335,235,11,4127,0,10.566667,317
7.866667,236,11,4128,0,10.6,318
7.9,237,11,4129,0,10.633333,319
7.9333334,238,11,4130,0,10.666667,320
7.9666667,239,11,4131,0,10.7,321
8.0,240,11,4132,0,10.733334,322
8.033334,241,11,4133,0,10.766666,323
8.066667,242,11,4134,0,10.8,324
8.1,243,11,4135,0,10.833333,325
8.133333,244,11,4136,0,10.866667,326
8.166667,245,11,4137,0,10.9,327
8.2,246,11,4138,0,10.933333,328
8.233334,247,11,4139,0,10.966666,329
8.266666,248,11,4140,0,11.0,330
8.3,249,11,4141,0,11.033334,331
8.333333,250,11,4142,0,11.066667,332
8.366667,251,11,4143,0,11.1,333
8.4,252,11,4144,0,11.133333,334
8.433333,253,11,4145,0,11.166667,335
8.466666,254,11,4146,0,11.2,336
8.5,255,11,4147,0,11.233334,337
8.533334,256,11,4148,0,11.266666,338
8.566667,257,11,4149,0,11.3,339
8.6,258,11,4150,0,11.333333,340
8.633333,259,11,4151,0,11.366667,341
8.666667,260,11,4152,0,11.4,342
8.7,261,11,4153,0,11.433333,343
8.733334,262,11,4154,0,11.466666,344
8.766666,263,11,4155,0,11.5,345
8.8,264,11,4156,0,11.533334,346
8.833333,265,11,4157,0,11.566667,347
8.866667,266,11,4158,0,11.6,348
8.9,267,11,4159,0,11.633333,349
8.933333,268,11,4160,0,11.666667,350
8.966666,269,11,4161,0,11.7,351
9.0,270,11,4162,0,11.733334,352
9.033334,271,11,4163,0,11.766666,353
9.066667,272,11,4164,0,11.8,354
9.1,273,11,4165,0,11.833333,355
9.133333,274,11,4166,0,11.866667,356
9.166667,275,11,4167,0,11.9,357
9.2,276,11,4168,0,11.933333,358
9.233334,277,11,4169,0,11.966666,359
9.266666,278,11,4170,0,12.0,360
9.3,279,11,4171,0,12.033334,361
9.333333,280,11,4172,0,12.066667,362
9.366667,281,11,4173,0,12.1,363
9.4,282,11,4174,0,12.133333,364
9.433333,283,11,4175,0,12.166667,365
9.466666,284,11,4176,0,12.2,366
9.5,285,11,4177,0,12.233334,367
9.533334,286,11,4178,0,12.266666,368
9.566667,287,11,4179,0,12.3,369
9.6,288,11,4180,0,12.333333,370
9.633333,289,11,4181,0,12.366667,371
9.666667,290,11,4182,0,12.4,372
9.7,291,11,4183,0,12.433333,373
9.733334,292,11,4184,0,12.466666,374
9.766666,293,11,4185,0,12.5,375
9.8,294,11,4186,0,12.533334,376
9.833333,295,11,4187,0,12.566667,377
9.866667,296,11,4188,0,12.6,378
9.9,297,11,4189,0,12.633333,379
9.933333,298,11,4190,0,12.666667,380
9.966666,299,11,4191,0,12.7,381
10.0,300,11,4192,0,12.733334,382
10.033334,301,11,4193,0,12.766666,383
10.066667,302,11,4194,0,12.8,384
10.1,303,11,4195,0,12.833333,385
10.133333,304,11,4196,0,12.866667,386
10.166667,305,11,4197,0,12.9,387
10.2,306,11,4198,0,12.933333,388
10.233334,307,11,4199,0,12.966666,389
10.266666,308,11,4200,0,13.0,390
10.3,309,11,4201,0,13.033334,391
10.333333,310,11,4202,0,13.066667,392
10.366667,311,11,4203,0,13.1,393
10.4,312,11,4204,0,13.133333,394
10.433333,313,11,4205,0,13.166667,395
10.466666,314,11,4206,0,13.2,396
10.5,315,11,4207,0,13.233334,397
10.533334,316,11,4208,0,13.266666,398
10.566667,317,11,4209,0,13.3,399
10.6,318,11,4210,0,13.333333,400
10.633333,319,11,4211,0,13.366667,401
10.666667,320,11,4212,0,13.4,402
10.7,321,11,4213,0,13.433333,403
10.733334,322,11,4214,0,13.466666,404
10.766666,323,11,4215,0,13.5,405
10.8,324,11,4216,0,13.533334,406
10.833333,325,11,4217,0,13.566667,407
10.866667,326,11,4218,0,13.6,408
10.9,327,11,4219,0,13.633333,409
10.933333,328,11,4220,0,13.666667,410
10.966666,329,11,4221,0,13.7,411
11.0,330,11,4222,0,13.733334,412
11.033334,331,11,4223,0,13.766666,413
11.066667,332,11,4224,0,13.8,414
11.1,333,11,4225,0,13.833333,415
11.133333,334,11,4226,0,13.866667,416
11.166667,335,11,4227,0,13.9,417
11.2,336,11,4228,0,13.933333,418
11.233334,337,11,4229,0,13.966666,419
11.266666,338,11,4230,0,14.0,420
11.3,339,11,4231,0,14.033334,421
11.333333,340,11,4232,0,14.066667,422
11.366667,341,11,4233,0,14.1,423
11.4,342,11,4234,0,14.133333,424
11.433333,343,11,4235,0,14.166667,425
11.466666,344,11,4236,0,14.2,426
11.5,345,11,4237,0,14.233334,427
11.533334,346,11,4238,0,14.266666,428
11.566667,347,11,4239,0,14.3,429
11.6,348,11,4240,0,14.333333,430
11.633333,349,11,4241,0,14.4,432
11.666667,350,11,4242,0,14.433333,433
11.7,351,11,4243,0,14.466666,434
11.733334,352,11,4244,0,14.5,435
11.766666,353,11,4245,0,14.533334,436
11.8,354,11,4246,0,14.566667,437
11.833333,355,11,4247,0,14.6,438
11.866667,356,11,4248,0,14.633333,439
11.9,357,11,4249,0,14.666667,440
11.933333,358,11,4250,0,14.7,441
11.966666,359,11,4251,0,14.733334,442
12.0,360,11,4252,0,14.766666,443
12.033334,361,11,4253,0,15.033334,451
0.0,0,12,4254,0,0.0,0
0.033333335,1,12,4255,0,3.6333334,109
0.06666667,2,12,4256,0,3.6666667,110
0.1,3,12,4257,0,3.7,111
0.13333334,4,12,4258,0,3.7333333,112
0.16666667,5,12,4259,0,3.7666667,113
0.2,6,12,4260,0,3.8,114
0.23333333,7,12,4261,0,3.9666667,119
0.26666668,8,12,4262,0,4.0,120
0.3,9,12,4263,0,4.0333333,121
0.33333334,10,12,4264,0,4.0666666,122
0.36666667,11,12,4265,0,4.1,123
0.4,12,12,4266,0,4.133333,124
0.43333334,13,12,4267,0,4.1666665,125
0.46666667,14,12,4268,0,4.2,126
0.5,15,12,4269,0,4.233333,127
0.53333336,16,12,4270,0,4.266667,128
0.56666666,17,12,4271,0,4.3,129
0.6,18,12,4272,0,4.3333335,130
0.6333333,19,12,4273,0,4.366667,131
0.6666667,20,12,4274,0,4.4,132
0.7,21,12,4275,0,4.4333334,133
0.73333335,22,12,4276,0,4.4666667,134
0.76666665,23,12,4277,0,4.5,135
0.8,24,12,4278,0,4.5333333,136
0.8333333,25,12,4279,0,4.5666666,137
0.8666667,26,12,4280,0,4.6,138
0.9,27,12,4281,0,4.633333,139
0.93333334,28,12,4282,0,4.6666665,140
0.96666664,29,12,4283,0,4.7,141
1.0,30,12,4284,0,4.733333,142
1.0333333,31,12,4285,0,4.766667,143
1.0666667,32,12,4286,0,4.8,144
1.1,33,12,4287,0,4.8333335,145
1.1333333,34,12,4288,0,4.866667,146
1.1666666,35,12,4289,0,4.9,147
1.2,36,12,4290,0,4.9333334,148
1.2333333,37,12,4291,0,4.9666667,149
1.2666667,38,12,4292,0,5.0,150
1.3,39,12,4293,0,5.0333333,151
1.3333334,40,12,4294,0,5.0666666,152
1.3666667,41,12,4295,0,5.1,153
1.4,42,12,4296,0,5.133333,154
1.4333333,43,12,4297,0,5.1666665,155
1.4666667,44,12,4298,0,5.2,156
1.5,45,12,4299,0,5.233333,157
1.5333333,46,12,4300,0,5.266667,158
1.5666667,47,12,4301,0,5.3,159
1.6,48,12,4302,0,5.3333335,160
1.6333333,49,12,4303,0,5.366667,161
1.6666666,50,12,4304,0,5.4,162
1.7,51,12,4305,0,5.4333334,163
1.7333333,52,12,4306,0,5.4666667,164
1.7666667,53,12,4307,0,5.5,165
1.8,54,12,4308,0,5.5333333,166
1.8333334,55,12,4309,0,5.5666666,167
1.8666667,56,12,4310,0,5.6,168
1.9,57,12,4311,0,5.633333,169
1.9333333,58,12,4312,0,5.6666665,170
1.9666667,59,12,4313,0,5.7,171
2.0,60,12,4314,0,5.733333,172
2.0333333,61,12,4315,0,5.766667,173
2.0666666,62,12,4316,0,5.8,174
2.1,63,12,4317,0,5.8333335,175
2.1333334,64,12,4318,0,5.866667,176
2.1666667,65,12,4319,0,5.9,177
2.2,66,12,4320,0,5.9333334,178
2.2333333,67,12,4321,0,5.9666667,179
2.2666667,68,12,4322,0,6.0,180
2.3,69,12,4323,0,6.0333333,181
2.3333333,70,12,4324,0,6.0666666,182
2.3666666,71,12,4325,0,6.1,183
2.4,72,12,4326,0,6.133333,184
2.4333334,73,12,4327,0,6.1666665,185
2.4666667,74,12,4328,0,6.2,186
2.5,75,12,4329,0,6.233333,187
2.5333333,76,12,4330,0,6.266667,188
2.5666666,77,12,4331,0,6.3,189
2.6,78,12,4332,0,6.3333335,190
2.6333334,79,12,4333,0,6.366667,191
2.6666667,80,12,4334,0,6.4,192
2.7,81,12,4335,0,6.4333334,193
2.7333333,82,12,4336,0,6.4666667,194
2.7666667,83,12,4337,0,6.5,195
2.8,84,12,4338,0,6.5333333,196
2.8333333,85,12,4339,0,6.5666666,197
2.8666666,86,12,4340,0,6.6,198
2.9,87,12,4341,0,6.633333,199
2.9333334,88,12,4342,0,6.6666665,200
2.9666667,89,12,4343,0,6.7,201
3.0,90,12,4344,0,6.733333,202
3.0333333,91,12,4345,0,6.766667,203
3.0666666,92,12,4346,0,6.8,204
3.1,93,12,4347,0,6.8333335,205
3.1333334,94,12,4348,0,6.866667,206
3.1666667,95,12,4349,0,6.9,207
3.2,96,12,4350,0,6.9333334,208
3.2333333,97,12,4351,0,6.9666667,209
3.2666667,98,12,4352,0,7.0,210
3.3,99,12,4353,0,7.0333333,211
3.3333333,100,12,4354,0,7.0666666,212
3.3666666,101,12,4355,0,7.1,213
3.4,102,12,4356,0,7.133333,214
3.4333334,103,12,4357,0,7.1666665,215
3.4666667,104,12,4358,0,7.2,216
3.5,105,12,4359,0,7.233333,217
3.5333333,106,12,4360,0,7.266667,218
3.5666666,107,12,4361,0,7.3,219
3.6,108,12,4362,0,7.3333335,220
3.6333334,109,12,4363,0,7.366667,221
3.6666667,110,12,4364,0,7.4,222
3.7,111,12,4365,0,7.4333334,223
3.7333333,112,12,4366,0,7.4666667,224
3.7666667,113,12,4367,0,7.5,225
3.8,114,12,4368,0,7.5333333,226
3.8333333,115,12,4369,0,7.5666666,227
3.8666666,116,12,4370,0,7.6,228
3.9,117,12,4371,0,7.633333,229
3.9333334,118,12,4372,0,7.6666665,230
3.9666667,119,12,4373,0,7.7,231
4.0,120,12,4374,0,7.733333,232
4.0333333,121,12,4375,0,7.766667,233
4.0666666,122,12,4376,0,7.8,234
4.1,123,12,4377,0,7.8333335,235
4.133333,124,12,4378,0,7.866667,236
4.1666665,125,12,4379,0,7.9,237
4.2,126,12,4380,0,7.9333334,238
4.233333,127,12,4381,0,7.9666667,239
4.266667,128,12,4382,0,8.0,240
4.3,129,12,4383,0,8.033334,241
4.3333335,130,12,4384,0,8.066667,242
4.366667,131,12,4385,0,8.1,243
4.4,132,12,4386,0,8.133333,244
4.4333334,133,12,4387,0,8.166667,245
4.4666667,134,12,4388,0,8.2,246
4.5,135,12,4389,0,8.233334,247
4.5333333,136,12,4390,0,8.266666,248
4.5666666,137,12,4391,0,8.3,249
4.6,138,12,4392,0,8.333333,250
4.633333,139,12,4393,0,8.366667,251
4.6666665,140,12,4394,0,8.4,252
4.7,141,12,4395,0,8.433333,253
4.733333,142,12,4396,0,8.466666,254
4.766667,143,12,4397,0,8.5,255
4.8,144,12,4398,0,8.533334,256
4.8333335,145,12,4399,0,8.566667,257
4.866667,146,12,4400,0,8.6,258
4.9,147,12,4401,0,8.633333,259
4.9333334,148,12,4402,0,8.666667,260
4.9666667,149,12,4403,0,8.7,261
5.0,150,12,4404,0,8.733334,262
5.0333333,151,12,4405,0,8.766666,263
5.0666666,152,12,4406,0,8.8,264
5.1,153,12,4407,0,8.833333,265
5.133333,154,12,4408,0,8.866667,266
5.1666665,155,12,4409,0,8.9,267
5.2,156,12,4410,0,8.933333,268
5.233333,157,12,4411,0,8.966666,269
5.266667,158,12,4412,0,9.0,270
5.3,159,12,4413,0,9.033334,271
5.3333335,160,12,4414,0,9.066667,272
5.366667,161,12,4415,0,9.1,273
5.4,162,12,4416,0,9.133333,274
5.4333334,163,12,4417,0,9.166667,275
5.4666667,164,12,4418,0,9.2,276
5.5,165,12,4419,0,9.233334,277
5.5333333,166,12,4420,0,9.266666,278
5.5666666,167,12,4421,0,9.3,279
5.6,168,12,4422,0,9.333333,280
5.633333,169,12,4423,0,9.366667,281
5.6666665,170,12,4424,0,9.4,282
5.7,171,12,4425,0,9.433333,283
5.733333,172,12,4426,0,9.466666,284
5.766667,173,12,4427,0,9.5,285
5.8,174,12,4428,0,9.533334,286
5.8333335,175,12,4429,0,9.566667,287
5.866667,176,12,4430,0,9.6,288
5.9,177,12,4431,0,9.633333,289
5.9333334,178,12,4432,0,9.666667,290
5.9666667,179,12,4433,0,9.7,291
6.0,180,12,4434,0,9.733334,292
6.0333333,181,12,4435,0,9.766666,293
6.0666666,182,12,4436,0,9.8,294
6.1,183,12,4437,0,9.833333,295
6.133333,184,12,4438,0,9.866667,296
6.1666665,185,12,4439,0,9.9,297
6.2,186,12,4440,0,9.933333,298
6.233333,187,12,4441,0,9.966666,299
6.266667,188,12,4442,0,10.0,300
6.3,189,12,4443,0,10.033334,301
6.3333335,190,12,4444,0,10.066667,302
6.366667,191,12,4445,0,10.1,303
6.4,192,12,4446,0,10.133333,304
6.4333334,193,12,4447,0,10.166667,305
6.4666667,194,12,4448,0,10.2,306
6.5,195,12,4449,0,10.233334,307
6.5333333,196,12,4450,0,10.266666,308
6.5666666,197,12,4451,0,10.3,309
6.6,198,12,4452,0,10.333333,310
6.633333,199,12,4453,0,10.366667,311
6.6666665,200,12,4454,0,10.4,312
6.7,201,12,4455,0,10.433333,313
6.733333,202,12,4456,0,10.466666,314
6.766667,203,12,4457,0,10.5,315
6.8,204,12,4458,0,10.533334,316
6.8333335,205,12,4459,0,10.566667,317
6.866667,206,12,4460,0,10.6,318
6.9,207,12,4461,0,10.633333,319
6.9333334,208,12,4462,0,10.666667,320
6.9666667,209,12,4463,0,10.7,321
7.0,210,12,4464,0,10.733334,322
7.0333333,211,12,4465,0,10.766666,323
7.0666666,212,12,4466,0,10.8,324
7.1,213,12,4467,0,10.833333,325
7.133333,214,12,4468,0,10.866667,326
7.1666665,215,12,4469,0,10.9,327
7.2,216,12,4470,0,10.933333,328
7.233333,217,12,4471,0,10.966666,329
7.266667,218,12,4472,0,11.0,330
7.3,219,12,4473,0,11.033334,331
7.3333335,220,12,4474,0,11.066667,332
7.366667,221,12,4475,0,11.1,333
7.4,222,12,4476,0,11.133333,334
7.4333334,223,12,4477,0,11.166667,335
7.4666667,224,12,4478,0,11.2,336
7.5,225,12,4479,0,11.233334,337
7.5333333,226,12,4480,0,11.266666,338
7.5666666,227,12,4481,0,11.3,339
7.6,228,12,4482,0,11.333333,340
7.633333,229,12,4483,0,11.366667,341
7.6666665,230,12,4484,0,11.4,342
7.7,231,12,4485,0,11.433333,343
7.733333,232,12,4486,0,11.466666,344
7.766667,233,12,4487,0,11.5,345
7.8,234,12,4488,0,11.533334,346
7.8333335,235,12,4489,0,11.566667,347
7.866667,236,12,4490,0,11.6,348
7.9,237,12,4491,0,11.633333,349
7.9333334,238,12,4492,0,11.666667,350
7.9666667,239,12,4493,0,11.7,351
8.0,240,12,4494,0,11.733334,352
8.033334,241,12,4495,0,11.766666,353
8.066667,242,12,4496,0,11.8,354
8.1,243,12,4497,0,11.833333,355
8.133333,244,12,4498,0,11.866667,356
8.166667,245,12,4499,0,11.9,357
8.2,246,12,4500,0,11.933333,358
8.233334,247,12,4501,0,11.966666,359
8.266666,248,12,4502,0,12.0,360
8.3,249,12,4503,0,12.033334,361
8.333333,250,12,4504,0,12.066667,362
8.366667,251,12,4505,0,12.1,363
8.4,252,12,4506,0,12.133333,364
8.433333,253,12,4507,0,12.166667,365
8.466666,254,12,4508,0,12.2,366
8.5,255,12,4509,0,12.233334,367
8.533334,256,12,4510,0,12.266666,368
8.566667,257,12,4511,0,12.3,369
8.6,258,12,4512,0,12.333333,370
8.633333,259,12,4513,0,12.366667,371
8.666667,260,12,4514,0,12.4,372
8.7,261,12,4515,0,12.433333,373
8.733334,262,12,4516,0,12.466666,374
8.766666,263,12,4517,0,12.5,375
8.8,264,12,4518,0,12.533334,376
8.833333,265,12,4519,0,12.566667,377
8.866667,266,12,4520,0,12.6,378
8.9,267,12,4521,0,12.633333,379
8.933333,268,12,4522,0,12.666667,380
8.966666,269,12,4523,0,12.7,381
9.0,270,12,4524,0,12.733334,382
9.033334,271,12,4525,0,12.766666,383
9.066667,272,12,4526,0,12.8,384
9.1,273,12,4527,0,12.833333,385
9.133333,274,12,4528,0,12.866667,386
9.166667,275,12,4529,0,12.9,387
9.2,276,12,4530,0,12.933333,388
9.233334,277,12,4531,0,12.966666,389
9.266666,278,12,4532,0,13.0,390
9.3,279,12,4533,0,13.033334,391
9.333333,280,12,4534,0,13.066667,392
9.366667,281,12,4535,0,13.1,393
9.4,282,12,4536,0,13.133333,394
9.433333,283,12,4537,0,13.166667,395
9.466666,284,12,4538,0,13.2,396
9.5,285,12,4539,0,13.233334,397
9.533334,286,12,4540,0,13.266666,398
9.566667,287,12,4541,0,13.3,399
9.6,288,12,4542,0,13.333333,400
9.633333,289,12,4543,0,13.366667,401
9.666667,290,12,4544,0,13.4,402
9.7,291,12,4545,0,13.433333,403
9.733334,292,12,4546,0,13.466666,404
9.766666,293,12,4547,0,13.5,405
9.8,294,12,4548,0,13.533334,406
9.833333,295,12,4549,0,13.566667,407
9.866667,296,12,4550,0,13.6,408
9.9,297,12,4551,0,13.633333,409
9.933333,298,12,4552,0,13.666667,410
9.966666,299,12,4553,0,13.7,411
10.0,300,12,4554,0,13.733334,412
10.033334,301,12,4555,0,13.766666,413
10.066667,302,12,4556,0,13.8,414
10.1,303,12,4557,0,13.833333,415
10.133333,304,12,4558,0,13.866667,416
10.166667,305,12,4559,0,13.9,417
10.2,306,12,4560,0,13.933333,418
10.233334,307,12,4561,0,13.966666,419
10.266666,308,12,4562,0,14.0,420
10.3,309,12,4563,0,14.033334,421
10.333333,310,12,4564,0,14.066667,422
10.366667,311,12,4565,0,14.1,423
10.4,312,12,4566,0,14.133333,424
10.433333,313,12,4567,0,14.166667,425
10.466666,314,12,4568,0,14.2,426
10.5,315,12,4569,0,14.233334,427
10.533334,316,12,4570,0,14.266666,428
10.566667,317,12,4571,0,14.3,429
10.6,318,12,4572,0,14.333333,430
10.633333,319,12,4573,0,14.366667,431
10.666667,320,12,4574,0,14.4,432
10.7,321,12,4575,0,14.433333,433
10.733334,322,12,4576,0,14.466666,434
10.766666,323,12,4577,0,14.5,435
10.8,324,12,4578,0,14.533334,436
10.833333,325,12,4579,0,14.566667,437
10.866667,326,12,4580,0,14.6,438
10.9,327,12,4581,0,14.633333,439
10.933333,328,12,4582,0,14.666667,440
10.966666,329,12,4583,0,14.7,441
11.0,330,12,4584,0,14.733334,442
11.033334,331,12,4585,0,14.766666,443
11.066667,332,12,4586,0,14.8,444
11.1,333,12,4587,0,14.833333,445
11.133333,334,12,4588,0,14.866667,446
11.166667,335,12,4589,0,14.9,447
11.2,336,12,4590,0,14.933333,448
11.233334,337,12,4591,0,14.966666,449
11.266666,338,12,4592,0,15.0,450
11.3,339,12,4593,0,15.033334,451
11.333333,340,12,4594,0,15.066667,452
11.366667,341,12,4595,0,15.1,453
11.4,342,12,4596,0,15.133333,454
11.433333,343,12,4597,0,15.166667,455
11.466666,344,12,4598,0,15.2,456
11.5,345,12,4599,0,15.233334,457
11.533334,346,12,4600,0,15.266666,458
11.566667,347,12,4601,0,15.3,459
11.6,348,12,4602,0,15.333333,460
11.633333,349,12,4603,0,15.366667,461
11.666667,350,12,4604,0,15.4,462
11.7,351,12,4605,0,15.433333,463
11.733334,352,12,4606,0,15.466666,464
11.766666,353,12,4607,0,15.5,465
11.8,354,12,4608,0,15.533334,466
11.833333,355,12,4609,0,15.566667,467
11.866667,356,12,4610,0,15.6,468
11.9,357,12,4611,0,15.633333,469
11.933333,358,12,4612,0,15.666667,470
11.966666,359,12,4613,0,15.7,471
12.0,360,12,4614,0,15.733334,472
12.033334,361,12,4615,0,15.766666,473
12.066667,362,12,4616,0,15.8,474
12.1,363,12,4617,0,15.833333,475
12.133333,364,12,4618,0,15.866667,476
12.166667,365,12,4619,0,15.9,477
12.2,366,12,4620,0,15.933333,478
12.233334,367,12,4621,0,15.966666,479
12.266666,368,12,4622,0,16.0,480
12.3,369,12,4623,0,16.033333,481
12.333333,370,12,4624,0,16.066668,482
12.366667,371,12,4625,0,16.1,483
12.4,372,12,4626,0,16.133333,484
12.433333,373,12,4627,0,16.166666,485
12.466666,374,12,4628,0,16.2,486
12.5,375,12,4629,0,16.233334,487
12.533334,376,12,4630,0,16.266666,488
12.566667,377,12,4631,0,16.3,489
12.6,378,12,4632,0,16.333334,490
12.633333,379,12,4633,0,16.366667,491
12.666667,380,12,4634,0,16.4,492
12.7,381,12,4635,0,16.566668,497
12.733334,382,12,4636,0,16.666666,500
0.0,0,13,4637,0,0.0,0
0.033333335,1,13,4638,0,2.5333333,76
0.06666667,2,13,4639,0,2.5666666,77
0.1,3,13,4640,0,2.6333334,79
0.13333334,4,13,4641,0,2.7333333,82
0.16666667,5,13,4642,0,2.7666667,83
0.2,6,13,4643,0,2.8,84
0.23333333,7,13,4644,0,2.8333333,85
0.26666668,8,13,4645,0,2.8666666,86
0.3,9,13,4646,0,2.9,87
0.33333334,10,13,4647,0,2.9333334,88
0.36666667,11,13,4648,0,2.9666667,89
0.4,12,13,4649,0,3.0,90
0.43333334,13,13,4650,0,3.0333333,91
0.46666667,14,13,4651,0,3.0666666,92
0.5,15,13,4652,0,3.1,93
0.53333336,16,13,4653,0,3.1333334,94
0.56666666,17,13,4654,0,3.1666667,95
0.6,18,13,4655,0,3.2,96
0.6333333,19,13,4656,0,3.2333333,97
0.6666667,20,13,4657,0,3.2666667,98
0.7,21,13,4658,0,3.3,99
0.73333335,22,13,4659,0,3.3333333,100
0.76666665,23,13,4660,0,3.3666666,101
0.8,24,13,4661,0,3.4,102
0.8333333,25,13,4662,0,3.4333334,103
0.8666667,26,13,4663,0,3.4666667,104
0.9,27,13,4664,0,3.5,105
0.93333334,28,13,4665,0,3.5333333,106
0.96666664,29,13,4666,0,3.5666666,107
1.0,30,13,4667,0,3.6,108
1.0333333,31,13,4668,0,3.6333334,109
1.0666667,32,13,4669,0,3.6666667,110
1.1,33,13,4670,0,3.7,111
1.1333333,34,13,4671,0,3.7333333,112
1.1666666,35,13,4672,0,3.7666667,113
1.2,36,13,4673,0,3.8,114
1.2333333,37,13,4674,0,3.8333333,115
1.2666667,38,13,4675,0,3.8666666,116
1.3,39,13,4676,0,3.9,117
1.3333334,40,13,4677,0,3.9333334,118
1.3666667,41,13,4678,0,3.9666667,119
1.4,42,13,4679,0,4.0,120
1.4333333,43,13,4680,0,4.0333333,121
1.4666667,44,13,4681,0,4.0666666,122
1.5,45,13,4682,0,4.1,123
1.5333333,46,13,4683,0,4.133333,124
1.5666667,47,13,4684,0,4.1666665,125
1.6,48,13,4685,0,4.2,126
1.6333333,49,13,4686,0,4.233333,127
1.6666666,50,13,4687,0,4.266667,128
1.7,51,13,4688,0,4.3,129
1.7333333,52,13,4689,0,4.3333335,130
1.7666667,53,13,4690,0,4.366667,131
1.8,54,13,4691,0,4.4,132
1.8333334,55,13,4692,0,4.4333334,133
1.8666667,56,13,4693,0,4.4666667,134
1.9,57,13,4694,0,4.5,135
1.9333333,58,13,4695,0,4.5333333,136
1.9666667,59,13,4696,0,4.5666666,137
2.0,60,13,4697,0,4.6,138
2.0333333,61,13,4698,0,4.633333,139
2.0666666,62,13,4699,0,4.6666665,140
2.1,63,13,4700,0,4.7,141
2.1333334,64,13,4701,0,4.733333,142
2.1666667,65,13,4702,0,4.766667,143
2.2,66,13,4703,0,4.8,144
2.2333333,67,13,4704,0,4.8333335,145
2.2666667,68,13,4705,0,4.866667,146
2.3,69,13,4706,0,4.9,147
2.3333333,70,13,4707,0,4.9333334,148
2.3666666,71,13,4708,0,4.9666667,149
2.4,72,13,4709,0,5.0,150
2.4333334,73,13,4710,0,5.0333333,151
2.4666667,74,13,4711,0,5.0666666,152
2.5,75,13,4712,0,5.1,153
2.5333333,76,13,4713,0,5.133333,154
2.5666666,77,13,4714,0,5.1666665,155
2.6,78,13,4715,0,5.2,156
2.6333334,79,13,4716,0,5.233333,157
2.6666667,80,13,4717,0,5.266667,158
2.7,81,13,4718,0,5.3,159
2.7333333,82,13,4719,0,5.3333335,160
2.7666667,83,13,4720,0,5.366667,161
2.8,84,13,4721,0,5.4,162
2.8333333,85,13,4722,0,5.4333334,163
2.8666666,86,13,4723,0,5.4666667,164
2.9,87,13,4724,0,5.5,165
2.9333334,88,13,4725,0,5.5333333,166
2.9666667,89,13,4726,0,5.5666666,167
3.0,90,13,4727,0,5.6,168
3.0333333,91,13,4728,0,5.633333,169
3.0666666,92,13,4729,0,5.6666665,170
3.1,93,13,4730,0,5.7,171
3.1333334,94,13,4731,0,5.733333,172
3.1666667,95,13,4732,0,5.766667,173
3.2,96,13,4733,0,5.8,174
3.2333333,97,13,4734,0,5.8333335,175
3.2666667,98,13,4735,0,5.866667,176
3.3,99,13,4736,0,5.9,177
3.3333333,100,13,4737,0,5.9333334,178
3.3666666,101,13,4738,0,5.9666667,179
3.4,102,13,4739,0,6.0,180
3.4333334,103,13,4740,0,6.0333333,181
3.4666667,104,13,4741,0,6.0666666,182
3.5,105,13,4742,0,6.1,183
3.5333333,106,13,4743,0,6.133333,184
3.5666666,107,13,4744,0,6.1666665,185
3.6,108,13,4745,0,6.2,186
3.6333334,109,13,4746,0,6.233333,187
3.6666667,110,13,4747,0,6.266667,188
3.7,111,13,4748,0,6.3,189
3.7333333,112,13,4749,0,6.3333335,190
3.7666667,113,13,4750,0,6.366667,191
3.8,114,13,4751,0,6.4,192
3.8333333,115,13,4752,0,6.4333334,193
3.8666666,116,13,4753,0,6.4666667,194
3.9,117,13,4754,0,6.5,195
3.9333334,118,13,4755,0,6.5333333,196
3.9666667,119,13,4756,0,6.5666666,197
4.0,120,13,4757,0,6.6,198
4.0333333,121,13,4758,0,6.633333,199
4.0666666,122,13,4759,0,6.6666665,200
4.1,123,13,4760,0,6.7,201
4.133333,124,13,4761,0,6.733333,202
4.1666665,125,13,4762,0,6.766667,203
4.2,126,13,4763,0,6.8,204
4.233333,127,13,4764,0,6.8333335,205
4.266667,128,13,4765,0,6.866667,206
4.3,129,13,4766,0,6.9,207
4.3333335,130,13,4767,0,6.9333334,208
4.366667,131,13,4768,0,6.9666667,209
4.4,132,13,4769,0,7.0,210
4.4333334,133,13,4770,0,7.0333333,211
4.4666667,134,13,4771,0,7.0666666,212
4.5,135,13,4772,0,7.1,213
4.5333333,136,13,4773,0,7.133333,214
4.5666666,137,13,4774,0,7.1666665,215
4.6,138,13,4775,0,7.2,216
4.633333,139,13,4776,0,7.233333,217
4.6666665,140,13,4777,0,7.266667,218
4.7,141,13,4778,0,7.3,219
4.733333,142,13,4779,0,7.3333335,220
4.766667,143,13,4780,0,7.366667,221
4.8,144,13,4781,0,7.4,222
4.8333335,145,13,4782,0,7.4333334,223
4.866667,146,13,4783,0,7.4666667,224
4.9,147,13,4784,0,7.5,225
4.9333334,148,13,4785,0,7.5333333,226
4.9666667,149,13,4786,0,7.5666666,227
5.0,150,13,4787,0,7.6,228
5.0333333,151,13,4788,0,7.633333,229
5.0666666,152,13,4789,0,7.6666665,230
5.1,153,13,4790,0,7.7,231
5.133333,154,13,4791,0,7.733333,232
5.1666665,155,13,4792,0,7.766667,233
5.2,156,13,4793,0,7.8,234
5.233333,157,13,4794,0,7.8333335,235
5.266667,158,13,4795,0,7.866667,236
5.3,159,13,4796,0,7.9,237
5.3333335,160,13,4797,0,7.9333334,238
5.366667,161,13,4798,0,7.9666667,239
5.4,162,13,4799,0,8.0,240
5.4333334,163,13,4800,0,8.033334,241
5.4666667,164,13,4801,0,8.066667,242
5.5,165,13,4802,0,8.1,243
5.5333333,166,13,4803,0,8.133333,244
5.5666666,167,13,4804,0,8.166667,245
5.6,168,13,4805,0,8.2,246
5.633333,169,13,4806,0,8.233334,247
5.6666665,170,13,4807,0,8.266666,248
5.7,171,13,4808,0,8.3,249
5.733333,172,13,4809,0,8.333333,250
5.766667,173,13,4810,0,8.366667,251
5.8,174,13,4811,0,8.4,252
5.8333335,175,13,4812,0,8.433333,253
5.866667,176,13,4813,0,8.466666,254
5.9,177,13,4814,0,8.5,255
5.9333334,178,13,4815,0,8.533334,256
5.9666667,179,13,4816,0,8.566667,257
6.0,180,13,4817,0,8.6,258
6.0333333,181,13,4818,0,8.633333,259
6.0666666,182,13,4819,0,8.666667,260
6.1,183,13,4820,0,8.7,261
6.133333,184,13,4821,0,8.733334,262
6.1666665,185,13,4822,0,8.766666,263
6.2,186,13,4823,0,8.8,264
6.233333,187,13,4824,0,8.833333,265
6.266667,188,13,4825,0,8.866667,266
6.3,189,13,4826,0,8.9,267
6.3333335,190,13,4827,0,8.933333,268
6.366667,191,13,4828,0,8.966666,269
6.4,192,13,4829,0,9.0,270
6.4333334,193,13,4830,0,9.033334,271
6.4666667,194,13,4831,0,9.066667,272
6.5,195,13,4832,0,9.1,273
6.5333333,196,13,4833,0,9.133333,274
6.5666666,197,13,4834,0,9.166667,275
6.6,198,13,4835,0,9.2,276
6.633333,199,13,4836,0,9.233334,277
6.6666665,200,13,4837,0,9.266666,278
6.7,201,13,4838,0,9.3,279
6.733333,202,13,4839,0,9.333333,280
6.766667,203,13,4840,0,9.366667,281
6.8,204,13,4841,0,9.4,282
6.8333335,205,13,4842,0,9.433333,283
6.866667,206,13,4843,0,9.466666,284
6.9,207,13,4844,0,9.5,285
6.9333334,208,13,4845,0,9.533334,286
6.9666667,209,13,4846,0,9.566667,287
7.0,210,13,4847,0,9.6,288
7.0333333,211,13,4848,0,9.633333,289
7.0666666,212,13,4849,0,9.666667,290
7.1,213,13,4850,0,9.7,291
7.133333,214,13,4851,0,9.733334,292
7.1666665,215,13,4852,0,9.766666,293
7.2,216,13,4853,0,9.8,294
7.233333,217,13,4854,0,9.833333,295
7.266667,218,13,4855,0,9.866667,296
7.3,219,13,4856,0,9.9,297
7.3333335,220,13,4857,0,9.933333,298
7.366667,221,13,4858,0,9.966666,299
7.4,222,13,4859,0,10.0,300
7.4333334,223,13,4860,0,10.033334,301
7.4666667,224,13,4861,0,10.066667,302
7.5,225,13,4862,0,10.1,303
7.5333333,226,13,4863,0,10.133333,304
7.5666666,227,13,4864,0,10.166667,305
7.6,228,13,4865,0,10.2,306
7.633333,229,13,4866,0,10.233334,307
7.6666665,230,13,4867,0,10.266666,308
7.7,231,13,4868,0,10.3,309
7.733333,232,13,4869,0,10.333333,310
7.766667,233,13,4870,0,10.366667,311
7.8,234,13,4871,0,10.4,312
7.8333335,235,13,4872,0,10.433333,313
7.866667,236,13,4873,0,10.466666,314
7.9,237,13,4874,0,10.5,315
7.9333334,238,13,4875,0,10.533334,316
7.9666667,239,13,4876,0,10.566667,317
8.0,240,13,4877,0,10.6,318
8.033334,241,13,4878,0,10.633333,319
8.066667,242,13,4879,0,10.666667,320
8.1,243,13,4880,0,10.7,321
8.133333,244,13,4881,0,10.733334,322
8.166667,245,13,4882,0,10.766666,323
8.2,246,13,4883,0,10.8,324
8.233334,247,13,4884,0,10.833333,325
8.266666,248,13,4885,0,10.866667,326
8.3,249,13,4886,0,10.9,327
8.333333,250,13,4887,0,10.933333,328
8.366667,251,13,4888,0,10.966666,329
8.4,252,13,4889,0,11.0,330
8.433333,253,13,4890,0,11.033334,331
8.466666,254,13,4891,0,11.066667,332
8.5,255,13,4892,0,11.1,333
8.533334,256,13,4893,0,11.133333,334
8.566667,257,13,4894,0,11.166667,335
8.6,258,13,4895,0,11.2,336
8.633333,259,13,4896,0,11.233334,337
8.666667,260,13,4897,0,11.266666,338
8.7,261,13,4898,0,11.3,339
8.733334,262,13,4899,0,11.333333,340
8.766666,263,13,4900,0,11.366667,341
8.8,264,13,4901,0,11.4,342
8.833333,265,13,4902,0,11.433333,343
8.866667,266,13,4903,0,11.466666,344
8.9,267,13,4904,0,11.5,345
8.933333,268,13,4905,0,11.533334,346
8.966666,269,13,4906,0,11.566667,347
9.0,270,13,4907,0,11.6,348
9.033334,271,13,4908,0,11.633333,349
9.066667,272,13,4909,0,11.666667,350
9.1,273,13,4910,0,11.7,351
9.133333,274,13,4911,0,11.733334,352
9.166667,275,13,4912,0,11.766666,353
9.2,276,13,4913,0,11.8,354
9.233334,277,13,4914,0,11.833333,355
9.266666,278,13,4915,0,11.866667,356
9.3,279,13,4916,0,11.9,357
9.333333,280,13,4917,0,11.933333,358
9.366667,281,13,4918,0,11.966666,359
9.4,282,13,4919,0,12.0,360
9.433333,283,13,4920,0,12.033334,361
9.466666,284,13,4921,0,12.066667,362
9.5,285,13,4922,0,12.1,363
9.533334,286,13,4923,0,12.133333,364
9.566667,287,13,4924,0,12.166667,365
9.6,288,13,4925,0,12.2,366
9.633333,289,13,4926,0,12.233334,367
9.666667,290,13,4927,0,12.266666,368
9.7,291,13,4928,0,12.3,369
9.733334,292,13,4929,0,12.333333,370
9.766666,293,13,4930,0,12.366667,371
9.8,294,13,4931,0,12.4,372
9.833333,295,13,4932,0,12.433333,373
9.866667,296,13,4933,0,12.466666,374
9.9,297,13,4934,0,12.5,375
9.933333,298,13,4935,0,12.533334,376
9.966666,299,13,4936,0,12.566667,377
10.0,300,13,4937,0,12.6,378
10.033334,301,13,4938,0,12.633333,379
10.066667,302,13,4939,0,12.666667,380
10.1,303,13,4940,0,12.7,381
10.133333,304,13,4941,0,12.733334,382
10.166667,305,13,4942,0,12.766666,383
10.2,306,13,4943,0,12.8,384
10.233334,307,13,4944,0,12.833333,385
10.266666,308,13,4945,0,12.866667,386
10.3,309,13,4946,0,12.9,387
10.333333,310,13,4947,0,12.933333,388
10.366667,311,13,4948,0,12.966666,389
10.4,312,13,4949,0,13.0,390
10.433333,313,13,4950,0,13.033334,391
10.466666,314,13,4951,0,13.066667,392
10.5,315,13,4952,0,13.1,393
10.533334,316,13,4953,0,13.133333,394
10.566667,317,13,4954,0,13.166667,395
10.6,318,13,4955,0,13.2,396
10.633333,319,13,4956,0,13.233334,397
10.666667,320,13,4957,0,13.266666,398
10.7,321,13,4958,0,13.3,399
10.733334,322,13,4959,0,13.333333,400
10.766666,323,13,4960,0,13.366667,401
10.8,324,13,4961,0,13.4,402
10.833333,325,13,4962,0,13.433333,403
10.866667,326,13,4963,0,13.466666,404
10.9,327,13,4964,0,13.5,405
10.933333,328,13,4965,0,13.533334,406
10.966666,329,13,4966,0,13.566667,407
11.0,330,13,4967,0,13.6,408
11.033334,331,13,4968,0,13.633333,409
11.066667,332,13,4969,0,13.666667,410
11.1,333,13,4970,0,13.7,411
11.133333,334,13,4971,0,13.733334,412
11.166667,335,13,4972,0,13.766666,413
11.2,336,13,4973,0,13.8,414
11.233334,337,13,4974,0,13.833333,415
11.266666,338,13,4975,0,13.866667,416
11.3,339,13,4976,0,13.9,417
11.333333,340,13,4977,0,13.933333,418
11.366667,341,13,4978,0,13.966666,419
11.4,342,13,4979,0,14.0,420
11.433333,343,13,4980,0,14.033334,421
11.466666,344,13,4981,0,14.066667,422
11.5,345,13,4982,0,14.1,423
11.533334,346,13,4983,0,14.133333,424
11.566667,347,13,4984,0,14.166667,425
11.6,348,13,4985,0,14.2,426
11.633333,349,13,4986,0,14.233334,427
11.666667,350,13,4987,0,14.266666,428
11.7,351,13,4988,0,14.433333,433
11.733334,352,13,4989,0,14.633333,439
11.766666,353,13,4990,0,14.7,441
11.8,354,13,4991,0,14.733334,442
0.0,0,14,4992,0,0.0,0
0.033333335,1,14,4993,0,1.6333333,49
0.06666667,2,14,4994,0,1.6666666,50
0.1,3,14,4995,0,1.7,51
0.13333334,4,14,4996,0,1.8,54
0.16666667,5,14,4997,0,1.8333334,55
0.2,6,14,4998,0,1.8666667,56
0.23333333,7,14,4999,0,1.9333333,58
0.26666668,8,14,5000,0,2.0,60
0.3,9,14,5001,0,2.0333333,61
0.33333334,10,14,5002,0,2.0666666,62
0.36666667,11,14,5003,0,2.1666667,65
0.4,12,14,5004,0,2.3,69
0.43333334,13,14,5005,0,2.3333333,70
0.46666667,14,14,5006,0,2.3666666,71
0.5,15,14,5007,0,2.4,72
0.53333336,16,14,5008,0,2.4333334,73
0.56666666,17,14,5009,0,2.4666667,74
0.6,18,14,5010,0,2.5,75
0.6333333,19,14,5011,0,2.5333333,76
0.6666667,20,14,5012,0,2.5666666,77
0.7,21,14,5013,0,2.6,78
0.73333335,22,14,5014,0,2.6333334,79
0.76666665,23,14,5015,0,2.6666667,80
0.8,24,14,5016,0,2.7,81
0.8333333,25,14,5017,0,2.7333333,82
0.8666667,26,14,5018,0,2.7666667,83
0.9,27,14,5019,0,2.8,84
0.93333334,28,14,5020,0,2.8333333,85
0.96666664,29,14,5021,0,2.8666666,86
1.0,30,14,5022,0,2.9,87
1.0333333,31,14,5023,0,2.9333334,88
1.0666667,32,14,5024,0,2.9666667,89
1.1,33,14,5025,0,3.0,90
1.1333333,34,14,5026,0,3.0333333,91
1.1666666,35,14,5027,0,3.0666666,92
1.2,36,14,5028,0,3.1,93
1.2333333,37,14,5029,0,3.1333334,94
1.2666667,38,14,5030,0,3.1666667,95
1.3,39,14,5031,0,3.2,96
1.3333334,40,14,5032,0,3.2333333,97
1.3666667,41,14,5033,0,3.2666667,98
1.4,42,14,5034,0,3.3,99
1.4333333,43,14,5035,0,3.3333333,100
1.4666667,44,14,5036,0,3.3666666,101
1.5,45,14,5037,0,3.4,102
1.5333333,46,14,5038,0,3.4333334,103
1.5666667,47,14,5039,0,3.4666667,104
1.6,48,14,5040,0,3.5,105
1.6333333,49,14,5041,0,3.5333333,106
1.6666666,50,14,5042,0,3.5666666,107
1.7,51,14,5043,0,3.6,108
1.7333333,52,14,5044,0,3.6333334,109
1.7666667,53,14,5045,0,3.6666667,110
1.8,54,14,5046,0,3.7,111
1.8333334,55,14,5047,0,3.7333333,112
1.8666667,56,14,5048,0,3.7666667,113
1.9,57,14,5049,0,3.8,114
1.9333333,58,14,5050,0,3.8333333,115
1.9666667,59,14,5051,0,3.8666666,116
2.0,60,14,5052,0,3.9,117
2.0333333,61,14,5053,0,3.9333334,118
2.0666666,62,14,5054,0,3.9666667,119
2.1,63,14,5055,0,4.0,120
2.1333334,64,14,5056,0,4.0333333,121
2.1666667,65,14,5057,0,4.0666666,122
2.2,66,14,5058,0,4.1,123
2.2333333,67,14,5059,0,4.133333,124
2.2666667,68,14,5060,0,4.1666665,125
2.3,69,14,5061,0,4.2,126
2.3333333,70,14,5062,0,4.233333,127
2.3666666,71,14,5063,0,4.266667,128
2.4,72,14,5064,0,4.3,129
2.4333334,73,14,5065,0,4.3333335,130
2.4666667,74,14,5066,0,4.366667,131
2.5,75,14,5067,0,4.4,132
2.5333333,76,14,5068,0,4.4333334,133
2.5666666,77,14,5069,0,4.4666667,134
2.6,78,14,5070,0,4.5,135
2.6333334,79,14,5071,0,4.5333333,136
2.6666667,80,14,5072,0,4.5666666,137
2.7,81,14,5073,0,4.6,138
2.7333333,82,14,5074,0,4.633333,139
2.7666667,83,14,5075,0,4.6666665,140
2.8,84,14,5076,0,4.7,141
2.8333333,85,14,5077,0,4.733333,142
2.8666666,86,14,5078,0,4.766667,143
2.9,87,14,5079,0,4.8,144
2.9333334,88,14,5080,0,4.8333335,145
2.9666667,89,14,5081,0,4.866667,146
3.0,90,14,5082,0,4.9,147
3.0333333,91,14,5083,0,4.9333334,148
3.0666666,92,14,5084,0,4.9666667,149
3.1,93,14,5085,0,5.0,150
3.1333334,94,14,5086,0,5.0333333,151
3.1666667,95,14,5087,0,5.0666666,152
3.2,96,14,5088,0,5.1,153
3.2333333,97,14,5089,0,5.133333,154
3.2666667,98,14,5090,0,5.1666665,155
3.3,99,14,5091,0,5.2,156
3.3333333,100,14,5092,0,5.233333,157
3.3666666,101,14,5093,0,5.266667,158
3.4,102,14,5094,0,5.3,159
3.4333334,103,14,5095,0,5.3333335,160
3.4666667,104,14,5096,0,5.366667,161
3.5,105,14,5097,0,5.4,162
3.5333333,106,14,5098,0,5.4333334,163
3.5666666,107,14,5099,0,5.4666667,164
3.6,108,14,5100,0,5.5,165
3.6333334,109,14,5101,0,5.5333333,166
3.6666667,110,14,5102,0,5.5666666,167
3.7,111,14,5103,0,5.6,168
3.7333333,112,14,5104,0,5.633333,169
3.7666667,113,14,5105,0,5.6666665,170
3.8,114,14,5106,0,5.7,171
3.8333333,115,14,5107,0,5.733333,172
3.8666666,116,14,5108,0,5.766667,173
3.9,117,14,5109,0,5.8,174
3.9333334,118,14,5110,0,5.8333335,175
3.9666667,119,14,5111,0,5.866667,176
4.0,120,14,5112,0,5.9,177
4.0333333,121,14,5113,0,5.9333334,178
4.0666666,122,14,5114,0,5.9666667,179
4.1,123,14,5115,0,6.0,180
4.133333,124,14,5116,0,6.0333333,181
4.1666665,125,14,5117,0,6.0666666,182
4.2,126,14,5118,0,6.1,183
4.233333,127,14,5119,0,6.133333,184
4.266667,128,14,5120,0,6.1666665,185
4.3,129,14,5121,0,6.2,186
4.3333335,130,14,5122,0,6.233333,187
4.366667,131,14,5123,0,6.266667,188
4.4,132,14,5124,0,6.3,189
4.4333334,133,14,5125,0,6.3333335,190
4.4666667,134,14,5126,0,6.366667,191
4.5,135,14,5127,0,6.4,192
4.5333333,136,14,5128,0,6.4333334,193
4.5666666,137,14,5129,0,6.4666667,194
4.6,138,14,5130,0,6.5,195
4.633333,139,14,5131,0,6.5333333,196
4.6666665,140,14,5132,0,6.5666666,197
4.7,141,14,5133,0,6.6,198
4.733333,142,14,5134,0,6.633333,199
4.766667,143,14,5135,0,6.6666665,200
4.8,144,14,5136,0,6.7,201
4.8333335,145,14,5137,0,6.733333,202
4.866667,146,14,5138,0,6.766667,203
4.9,147,14,5139,0,6.8,204
4.9333334,148,14,5140,0,6.8333335,205
4.9666667,149,14,5141,0,6.866667,206
5.0,150,14,5142,0,6.9,207
5.0333333,151,14,5143,0,6.9333334,208
5.0666666,152,14,5144,0,6.9666667,209
5.1,153,14,5145,0,7.0,210
5.133333,154,14,5146,0,7.0333333,211
5.1666665,155,14,5147,0,7.0666666,212
5.2,156,14,5148,0,7.1,213
5.233333,157,14,5149,0,7.133333,214
5.266667,158,14,5150,0,7.1666665,215
5.3,159,14,5151,0,7.2,216
5.3333335,160,14,5152,0,7.233333,217
5.366667,161,14,5153,0,7.266667,218
5.4,162,14,5154,0,7.3,219
5.4333334,163,14,5155,0,7.3333335,220
5.4666667,164,14,5156,0,7.366667,221
5.5,165,14,5157,0,7.4,222
5.5333333,166,14,5158,0,7.4333334,223
5.5666666,167,14,5159,0,7.4666667,224
5.6,168,14,5160,0,7.5,225
5.633333,169,14,5161,0,7.5333333,226
5.6666665,170,14,5162,0,7.5666666,227
5.7,171,14,5163,0,7.6,228
5.733333,172,14,5164,0,7.633333,229
5.766667,173,14,5165,0,7.6666665,230
5.8,174,14,5166,0,7.7,231
5.8333335,175,14,5167,0,7.733333,232
5.866667,176,14,5168,0,7.766667,233
5.9,177,14,5169,0,7.8,234
5.9333334,178,14,5170,0,7.8333335,235
5.9666667,179,14,5171,0,7.866667,236
6.0,180,14,5172,0,7.9,237
6.0333333,181,14,5173,0,7.9333334,238
6.0666666,182,14,5174,0,7.9666667,239
6.1,183,14,5175,0,8.0,240
6.133333,184,14,5176,0,8.033334,241
6.1666665,185,14,5177,0,8.066667,242
6.2,186,14,5178,0,8.1,243
6.233333,187,14,5179,0,8.133333,244
6.266667,188,14,5180,0,8.166667,245
6.3,189,14,5181,0,8.2,246
6.3333335,190,14,5182,0,8.233334,247
6.366667,191,14,5183,0,8.266666,248
6.4,192,14,5184,0,8.3,249
6.4333334,193,14,5185,0,8.333333,250
6.4666667,194,14,5186,0,8.366667,251
6.5,195,14,5187,0,8.4,252
6.5333333,196,14,5188,0,8.433333,253
6.5666666,197,14,5189,0,8.466666,254
6.6,198,14,5190,0,8.5,255
6.633333,199,14,5191,0,8.533334,256
6.6666665,200,14,5192,0,8.566667,257
6.7,201,14,5193,0,8.6,258
6.733333,202,14,5194,0,8.633333,259
6.766667,203,14,5195,0,8.666667,260
6.8,204,14,5196,0,8.7,261
6.8333335,205,14,5197,0,8.733334,262
6.866667,206,14,5198,0,8.766666,263
6.9,207,14,5199,0,8.8,264
6.9333334,208,14,5200,0,8.833333,265
6.9666667,209,14,5201,0,8.866667,266
7.0,210,14,5202,0,8.9,267
7.0333333,211,14,5203,0,8.933333,268
7.0666666,212,14,5204,0,8.966666,269
7.1,213,14,5205,0,9.0,270
7.133333,214,14,5206,0,9.033334,271
7.1666665,215,14,5207,0,9.066667,272
7.2,216,14,5208,0,9.1,273
7.233333,217,14,5209,0,9.133333,274
7.266667,218,14,5210,0,9.166667,275
7.3,219,14,5211,0,9.2,276
7.3333335,220,14,5212,0,9.233334,277
7.366667,221,14,5213,0,9.266666,278
7.4,222,14,5214,0,9.3,279
7.4333334,223,14,5215,0,9.333333,280
7.4666667,224,14,5216,0,9.366667,281
7.5,225,14,5217,0,9.4,282
7.5333333,226,14,5218,0,9.433333,283
7.5666666,227,14,5219,0,9.466666,284
7.6,228,14,5220,0,9.5,285
7.633333,229,14,5221,0,9.533334,286
7.6666665,230,14,5222,0,9.566667,287
7.7,231,14,5223,0,9.6,288
7.733333,232,14,5224,0,9.633333,289
7.766667,233,14,5225,0,9.666667,290
7.8,234,14,5226,0,9.7,291
7.8333335,235,14,5227,0,9.733334,292
7.866667,236,14,5228,0,9.766666,293
7.9,237,14,5229,0,9.8,294
7.9333334,238,14,5230,0,9.833333,295
7.9666667,239,14,5231,0,9.866667,296
8.0,240,14,5232,0,9.9,297
8.033334,241,14,5233,0,9.933333,298
8.066667,242,14,5234,0,9.966666,299
8.1,243,14,5235,0,10.0,300
8.133333,244,14,5236,0,10.033334,301
8.166667,245,14,5237,0,10.066667,302
8.2,246,14,5238,0,10.1,303
8.233334,247,14,5239,0,10.133333,304
8.266666,248,14,5240,0,10.166667,305
8.3,249,14,5241,0,10.2,306
8.333333,250,14,5242,0,10.233334,307
8.366667,251,14,5243,0,10.266666,308
8.4,252,14,5244,0,10.3,309
8.433333,253,14,5245,0,10.333333,310
8.466666,254,14,5246,0,10.366667,311
8.5,255,14,5247,0,10.4,312
8.533334,256,14,5248,0,10.433333,313
8.566667,257,14,5249,0,10.466666,314
8.6,258,14,5250,0,10.5,315
8.633333,259,14,5251,0,10.533334,316
8.666667,260,14,5252,0,10.566667,317
8.7,261,14,5253,0,10.6,318
8.733334,262,14,5254,0,10.633333,319
8.766666,263,14,5255,0,10.666667,320
8.8,264,14,5256,0,10.7,321
8.833333,265,14,5257,0,10.733334,322
8.866667,266,14,5258,0,10.766666,323
8.9,267,14,5259,0,10.8,324
8.933333,268,14,5260,0,10.833333,325
8.966666,269,14,5261,0,10.866667,326
9.0,270,14,5262,0,10.9,327
9.033334,271,14,5263,0,10.933333,328
9.066667,272,14,5264,0,10.966666,329
9.1,273,14,5265,0,11.0,330
9.133333,274,14,5266,0,11.033334,331
9.166667,275,14,5267,0,11.066667,332
9.2,276,14,5268,0,11.1,333
9.233334,277,14,5269,0,11.133333,334
9.266666,278,14,5270,0,11.166667,335
9.3,279,14,5271,0,11.2,336
9.333333,280,14,5272,0,11.233334,337
9.366667,281,14,5273,0,11.266666,338
9.4,282,14,5274,0,11.3,339
9.433333,283,14,5275,0,11.333333,340
9.466666,284,14,5276,0,11.366667,341
9.5,285,14,5277,0,11.4,342
9.533334,286,14,5278,0,11.433333,343
9.566667,287,14,5279,0,11.466666,344
9.6,288,14,5280,0,11.5,345
9.633333,289,14,5281,0,11.533334,346
9.666667,290,14,5282,0,11.566667,347
9.7,291,14,5283,0,11.6,348
9.733334,292,14,5284,0,11.633333,349
9.766666,293,14,5285,0,11.666667,350
9.8,294,14,5286,0,11.7,351
9.833333,295,14,5287,0,11.733334,352
9.866667,296,14,5288,0,11.766666,353
9.9,297,14,5289,0,11.8,354
9.933333,298,14,5290,0,11.833333,355
9.966666,299,14,5291,0,11.866667,356
10.0,300,14,5292,0,11.9,357
10.033334,301,14,5293,0,11.933333,358
10.066667,302,14,5294,0,11.966666,359
10.1,303,14,5295,0,12.0,360
10.133333,304,14,5296,0,12.033334,361
10.166667,305,14,5297,0,12.066667,362
10.2,306,14,5298,0,12.1,363
10.233334,307,14,5299,0,12.133333,364
10.266666,308,14,5300,0,12.166667,365
10.3,309,14,5301,0,12.2,366
10.333333,310,14,5302,0,12.233334,367
10.366667,311,14,5303,0,12.266666,368
10.4,312,14,5304,0,12.3,369
10.433333,313,14,5305,0,12.333333,370
10.466666,314,14,5306,0,12.366667,371
10.5,315,14,5307,0,12.4,372
10.533334,316,14,5308,0,12.433333,373
10.566667,317,14,5309,0,12.466666,374
10.6,318,14,5310,0,12.5,375
10.633333,319,14,5311,0,12.533334,376
10.666667,320,14,5312,0,12.566667,377
10.7,321,14,5313,0,12.6,378
10.733334,322,14,5314,0,12.633333,379
10.766666,323,14,5315,0,12.666667,380
10.8,324,14,5316,0,12.7,381
10.833333,325,14,5317,0,12.733334,382
10.866667,326,14,5318,0,12.766666,383
10.9,327,14,5319,0,12.8,384
10.933333,328,14,5320,0,12.866667,386
10.966666,329,14,5321,0,12.9,387
11.0,330,14,5322,0,12.933333,388
11.033334,331,14,5323,0,13.0,390
11.066667,332,14,5324,0,13.333333,400
11.1,333,14,5325,0,13.433333,403
0.0,0,15,5326,0,0.0,0
0.033333335,1,15,5327,0,2.1333334,64
0.06666667,2,15,5328,0,2.1666667,65
0.1,3,15,5329,0,2.2,66
0.13333334,4,15,5330,0,2.2333333,67
0.16666667,5,15,5331,0,2.2666667,68
0.2,6,15,5332,0,2.3333333,70
0.23333333,7,15,5333,0,2.4,72
0.26666668,8,15,5334,0,2.4333334,73
0.3,9,15,5335,0,2.4666667,74
0.33333334,10,15,5336,0,2.5,75
0.36666667,11,15,5337,0,2.5333333,76
0.4,12,15,5338,0,2.5666666,77
0.43333334,13,15,5339,0,2.6,78
0.46666667,14,15,5340,0,2.6333334,79
0.5,15,15,5341,0,2.6666667,80
0.53333336,16,15,5342,0,2.7,81
0.56666666,17,15,5343,0,2.7333333,82
0.6,18,15,5344,0,2.7666667,83
0.6333333,19,15,5345,0,2.8,84
0.6666667,20,15,5346,0,2.8333333,85
0.7,21,15,5347,0,2.8666666,86
0.73333335,22,15,5348,0,2.9,87
0.76666665,23,15,5349,0,2.9333334,88
0.8,24,15,5350,0,2.9666667,89
0.8333333,25,15,5351,0,3.0,90
0.8666667,26,15,5352,0,3.0333333,91
0.9,27,15,5353,0,3.0666666,92
0.93333334,28,15,5354,0,3.1,93
0.96666664,29,15,5355,0,3.1333334,94
1.0,30,15,5356,0,3.1666667,95
1.0333333,31,15,5357,0,3.2,96
1.0666667,32,15,5358,0,3.2333333,97
1.1,33,15,5359,0,3.2666667,98
1.1333333,34,15,5360,0,3.3,99
1.1666666,35,15,5361,0,3.3333333,100
1.2,36,15,5362,0,3.3666666,101
1.2333333,37,15,5363,0,3.4,102
1.2666667,38,15,5364,0,3.4333334,103
1.3,39,15,5365,0,3.4666667,104
1.3333334,40,15,5366,0,3.5,105
1.3666667,41,15,5367,0,3.5333333,106
1.4,42,15,5368,0,3.5666666,107
1.4333333,43,15,5369,0,3.6,108
1.4666667,44,15,5370,0,3.6333334,109
1.5,45,15,5371,0,3.6666667,110
1.5333333,46,15,5372,0,3.7,111
1.5666667,47,15,5373,0,3.7333333,112
1.6,48,15,5374,0,3.7666667,113
1.6333333,49,15,5375,0,3.8,114
1.6666666,50,15,5376,0,3.8333333,115
1.7,51,15,5377,0,3.8666666,116
1.7333333,52,15,5378,0,3.9,117
1.7666667,53,15,5379,0,3.9333334,118
1.8,54,15,5380,0,3.9666667,119
1.8333334,55,15,5381,0,4.0,120
1.8666667,56,15,5382,0,4.0333333,121
1.9,57,15,5383,0,4.0666666,122
1.9333333,58,15,5384,0,4.1,123
1.9666667,59,15,5385,0,4.133333,124
2.0,60,15,5386,0,4.1666665,125
2.0333333,61,15,5387,0,4.2,126
2.0666666,62,15,5388,0,4.233333,127
2.1,63,15,5389,0,4.266667,128
2.1333334,64,15,5390,0,4.3,129
2.1666667,65,15,5391,0,4.3333335,130
2.2,66,15,5392,0,4.366667,131
2.2333333,67,15,5393,0,4.4,132
2.2666667,68,15,5394,0,4.4333334,133
2.3,69,15,5395,0,4.4666667,134
2.3333333,70,15,5396,0,4.5,135
2.3666666,71,15,5397,0,4.5333333,136
2.4,72,15,5398,0,4.5666666,137
2.4333334,73,15,5399,0,4.6,138
2.4666667,74,15,5400,0,4.633333,139
2.5,75,15,5401,0,4.6666665,140
2.5333333,76,15,5402,0,4.7,141
2.5666666,77,15,5403,0,4.733333,142
2.6,78,15,5404,0,4.766667,143
2.6333334,79,15,5405,0,4.8,144
2.6666667,80,15,5406,0,4.8333335,145
2.7,81,15,5407,0,4.866667,146
2.7333333,82,15,5408,0,4.9,147
2.7666667,83,15,5409,0,4.9333334,148
2.8,84,15,5410,0,4.9666667,149
2.8333333,85,15,5411,0,5.0,150
2.8666666,86,15,5412,0,5.0333333,151
2.9,87,15,5413,0,5.0666666,152
2.9333334,88,15,5414,0,5.1,153
2.9666667,89,15,5415,0,5.133333,154
3.0,90,15,5416,0,5.1666665,155
3.0333333,91,15,5417,0,5.2,156
3.0666666,92,15,5418,0,5.233333,157
3.1,93,15,5419,0,5.266667,158
3.1333334,94,15,5420,0,5.3,159
3.1666667,95,15,5421,0,5.3333335,160
3.2,96,15,5422,0,5.366667,161
3.2333333,97,15,5423,0,5.4,162
3.2666667,98,15,5424,0,5.4333334,163
3.3,99,15,5425,0,5.4666667,164
3.3333333,100,15,5426,0,5.5,165
3.3666666,101,15,5427,0,5.5333333,166
3.4,102,15,5428,0,5.5666666,167
3.4333334,103,15,5429,0,5.6,168
3.4666667,104,15,5430,0,5.633333,169
3.5,105,15,5431,0,5.6666665,170
3.5333333,106,15,5432,0,5.7,171
3.5666666,107,15,5433,0,5.733333,172
3.6,108,15,5434,0,5.766667,173
3.6333334,109,15,5435,0,5.8,174
3.6666667,110,15,5436,0,5.8333335,175
3.7,111,15,5437,0,5.866667,176
3.7333333,112,15,5438,0,5.9,177
3.7666667,113,15,5439,0,5.9333334,178
3.8,114,15,5440,0,5.9666667,179
3.8333333,115,15,5441,0,6.0,180
3.8666666,116,15,5442,0,6.0333333,181
3.9,117,15,5443,0,6.0666666,182
3.9333334,118,15,5444,0,6.1,183
3.9666667,119,15,5445,0,6.133333,184
4.0,120,15,5446,0,6.1666665,185
4.0333333,121,15,5447,0,6.2,186
4.0666666,122,15,5448,0,6.233333,187
4.1,123,15,5449,0,6.266667,188
4.133333,124,15,5450,0,6.3,189
4.1666665,125,15,5451,0,6.3333335,190
4.2,126,15,5452,0,6.366667,191
4.233333,127,15,5453,0,6.4,192
4.266667,128,15,5454,0,6.4333334,193
4.3,129,15,5455,0,6.4666667,194
4.3333335,130,15,5456,0,6.5,195
4.366667,131,15,5457,0,6.5333333,196
4.4,132,15,5458,0,6.5666666,197
4.4333334,133,15,5459,0,6.6,198
4.4666667,134,15,5460,0,6.633333,199
4.5,135,15,5461,0,6.6666665,200
4.5333333,136,15,5462,0,6.7,201
4.5666666,137,15,5463,0,6.733333,202
4.6,138,15,5464,0,6.766667,203
4.633333,139,15,5465,0,6.8,204
4.6666665,140,15,5466,0,6.8333335,205
4.7,141,15,5467,0,6.866667,206
4.733333,142,15,5468,0,6.9,207
4.766667,143,15,5469,0,6.9333334,208
4.8,144,15,5470,0,6.9666667,209
4.8333335,145,15,5471,0,7.0,210
4.866667,146,15,5472,0,7.0333333,211
4.9,147,15,5473,0,7.0666666,212
4.9333334,148,15,5474,0,7.1,213
4.9666667,149,15,5475,0,7.133333,214
5.0,150,15,5476,0,7.1666665,215
5.0333333,151,15,5477,0,7.2,216
5.0666666,152,15,5478,0,7.233333,217
5.1,153,15,5479,0,7.266667,218
5.133333,154,15,5480,0,7.3,219
5.1666665,155,15,5481,0,7.3333335,220
5.2,156,15,5482,0,7.366667,221
5.233333,157,15,5483,0,7.4,222
5.266667,158,15,5484,0,7.4333334,223
5.3,159,15,5485,0,7.4666667,224
5.3333335,160,15,5486,0,7.5,225
5.366667,161,15,5487,0,7.5333333,226
5.4,162,15,5488,0,7.5666666,227
5.4333334,163,15,5489,0,7.6,228
5.4666667,164,15,5490,0,7.633333,229
5.5,165,15,5491,0,7.6666665,230
5.5333333,166,15,5492,0,7.7,231
5.5666666,167,15,5493,0,7.733333,232
5.6,168,15,5494,0,7.766667,233
5.633333,169,15,5495,0,7.8,234
5.6666665,170,15,5496,0,7.8333335,235
5.7,171,15,5497,0,7.866667,236
5.733333,172,15,5498,0,7.9,237
5.766667,173,15,5499,0,7.9333334,238
5.8,174,15,5500,0,7.9666667,239
5.8333335,175,15,5501,0,8.0,240
5.866667,176,15,5502,0,8.033334,241
5.9,177,15,5503,0,8.066667,242
5.9333334,178,15,5504,0,8.1,243
5.9666667,179,15,5505,0,8.133333,244
6.0,180,15,5506,0,8.166667,245
6.0333333,181,15,5507,0,8.2,246
6.0666666,182,15,5508,0,8.233334,247
6.1,183,15,5509,0,8.266666,248
6.133333,184,15,5510,0,8.3,249
6.1666665,185,15,5511,0,8.333333,250
6.2,186,15,5512,0,8.366667,251
6.233333,187,15,5513,0,8.4,252
6.266667,188,15,5514,0,8.433333,253
6.3,189,15,5515,0,8.466666,254
6.3333335,190,15,5516,0,8.5,255
6.366667,191,15,5517,0,8.533334,256
6.4,192,15,5518,0,8.566667,257
6.4333334,193,15,5519,0,8.6,258
6.4666667,194,15,5520,0,8.633333,259
6.5,195,15,5521,0,8.666667,260
6.5333333,196,15,5522,0,8.7,261
6.5666666,197,15,5523,0,8.733334,262
6.6,198,15,5524,0,8.766666,263
6.633333,199,15,5525,0,8.8,264
6.6666665,200,15,5526,0,8.833333,265
6.7,201,15,5527,0,8.866667,266
6.733333,202,15,5528,0,8.9,267
6.766667,203,15,5529,0,8.933333,268
6.8,204,15,5530,0,8.966666,269
6.8333335,205,15,5531,0,9.0,270
6.866667,206,15,5532,0,9.033334,271
6.9,207,15,5533,0,9.066667,272
6.9333334,208,15,5534,0,9.1,273
6.9666667,209,15,5535,0,9.133333,274
7.0,210,15,5536,0,9.166667,275
7.0333333,211,15,5537,0,9.2,276
7.0666666,212,15,5538,0,9.233334,277
7.1,213,15,5539,0,9.266666,278
7.133333,214,15,5540,0,9.3,279
7.1666665,215,15,5541,0,9.333333,280
7.2,216,15,5542,0,9.366667,281
7.233333,217,15,5543,0,9.4,282
7.266667,218,15,5544,0,9.433333,283
7.3,219,15,5545,0,9.466666,284
7.3333335,220,15,5546,0,9.5,285
7.366667,221,15,5547,0,9.533334,286
7.4,222,15,5548,0,9.566667,287
7.4333334,223,15,5549,0,9.6,288
7.4666667,224,15,5550,0,9.633333,289
7.5,225,15,5551,0,9.666667,290
7.5333333,226,15,5552,0,9.7,291
7.5666666,227,15,5553,0,9.733334,292
7.6,228,15,5554,0,9.766666,293
7.633333,229,15,5555,0,9.8,294
7.6666665,230,15,5556,0,9.833333,295
7.7,231,15,5557,0,9.866667,296
7.733333,232,15,5558,0,9.9,297
7.766667,233,15,5559,0,9.933333,298
7.8,234,15,5560,0,9.966666,299
7.8333335,235,15,5561,0,10.0,300
7.866667,236,15,5562,0,10.033334,301
7.9,237,15,5563,0,10.066667,302
7.9333334,238,15,5564,0,10.1,303
7.9666667,239,15,5565,0,10.133333,304
8.0,240,15,5566,0,10.166667,305
8.033334,241,15,5567,0,10.2,306
8.066667,242,15,5568,0,10.233334,307
8.1,243,15,5569,0,10.266666,308
8.133333,244,15,5570,0,10.3,309
8.166667,245,15,5571,0,10.333333,310
8.2,246,15,5572,0,10.366667,311
8.233334,247,15,5573,0,10.4,312
8.266666,248,15,5574,0,10.433333,313
8.3,249,15,5575,0,10.466666,314
8.333333,250,15,5576,0,10.5,315
8.366667,251,15,5577,0,10.533334,316
8.4,252,15,5578,0,10.566667,317
8.433333,253,15,5579,0,10.6,318
8.466666,254,15,5580,0,10.633333,319
8.5,255,15,5581,0,10.666667,320
8.533334,256,15,5582,0,10.7,321
8.566667,257,15,5583,0,10.733334,322
8.6,258,15,5584,0,10.766666,323
8.633333,259,15,5585,0,10.8,324
8.666667,260,15,5586,0,10.833333,325
8.7,261,15,5587,0,10.866667,326
8.733334,262,15,5588,0,10.9,327
8.766666,263,15,5589,0,10.933333,328
8.8,264,15,5590,0,10.966666,329
8.833333,265,15,5591,0,11.0,330
8.866667,266,15,5592,0,11.033334,331
8.9,267,15,5593,0,11.066667,332
8.933333,268,15,5594,0,11.1,333
8.966666,269,15,5595,0,11.133333,334
9.0,270,15,5596,0,11.166667,335
9.033334,271,15,5597,0,11.2,336
9.066667,272,15,5598,0,11.233334,337
9.1,273,15,5599,0,11.266666,338
9.133333,274,15,5600,0,11.3,339
9.166667,275,15,5601,0,11.333333,340
9.2,276,15,5602,0,11.366667,341
9.233334,277,15,5603,0,11.4,342
9.266666,278,15,5604,0,11.433333,343
9.3,279,15,5605,0,11.466666,344
9.333333,280,15,5606,0,11.5,345
9.366667,281,15,5607,0,11.533334,346
9.4,282,15,5608,0,11.566667,347
9.433333,283,15,5609,0,11.6,348
9.466666,284,15,5610,0,11.633333,349
9.5,285,15,5611,0,11.666667,350
9.533334,286,15,5612,0,11.7,351
9.566667,287,15,5613,0,11.733334,352
9.6,288,15,5614,0,11.766666,353
9.633333,289,15,5615,0,11.8,354
9.666667,290,15,5616,0,11.833333,355
9.7,291,15,5617,0,11.866667,356
9.733334,292,15,5618,0,11.9,357
9.766666,293,15,5619,0,11.933333,358
9.8,294,15,5620,0,11.966666,359
9.833333,295,15,5621,0,12.0,360
9.866667,296,15,5622,0,12.033334,361
9.9,297,15,5623,0,12.066667,362
9.933333,298,15,5624,0,12.1,363
9.966666,299,15,5625,0,12.133333,364
10.0,300,15,5626,0,12.166667,365
10.033334,301,15,5627,0,12.2,366
10.066667,302,15,5628,0,12.233334,367
10.1,303,15,5629,0,12.266666,368
10.133333,304,15,5630,0,12.3,369
10.166667,305,15,5631,0,12.333333,370
10.2,306,15,5632,0,12.366667,371
10.233334,307,15,5633,0,12.4,372
10.266666,308,15,5634,0,12.433333,373
10.3,309,15,5635,0,12.466666,374
10.333333,310,15,5636,0,12.5,375
10.366667,311,15,5637,0,12.533334,376
10.4,312,15,5638,0,12.566667,377
10.433333,313,15,5639,0,12.6,378
10.466666,314,15,5640,0,12.633333,379
10.5,315,15,5641,0,12.666667,380
10.533334,316,15,5642,0,12.7,381
10.566667,317,15,5643,0,12.733334,382
10.6,318,15,5644,0,12.766666,383
10.633333,319,15,5645,0,12.8,384
10.666667,320,15,5646,0,12.833333,385
10.7,321,15,5647,0,12.866667,386
10.733334,322,15,5648,0,12.9,387
10.766666,323,15,5649,0,12.933333,388
10.8,324,15,5650,0,12.966666,389
10.833333,325,15,5651,0,13.0,390
10.866667,326,15,5652,0,13.033334,391
10.9,327,15,5653,0,13.066667,392
10.933333,328,15,5654,0,13.1,393
10.966666,329,15,5655,0,13.133333,394
11.0,330,15,5656,0,13.166667,395
11.033334,331,15,5657,0,13.2,396
11.066667,332,15,5658,0,13.233334,397
11.1,333,15,5659,0,13.266666,398
11.133333,334,15,5660,0,13.3,399
11.166667,335,15,5661,0,13.333333,400
11.2,336,15,5662,0,13.366667,401
11.233334,337,15,5663,0,13.4,402
11.266666,338,15,5664,0,13.433333,403
11.3,339,15,5665,0,13.466666,404
11.333333,340,15,5666,0,13.5,405
11.366667,341,15,5667,0,13.533334,406
11.4,342,15,5668,0,13.566667,407
11.433333,343,15,5669,0,13.6,408
11.466666,344,15,5670,0,13.633333,409
11.5,345,15,5671,0,13.666667,410
11.533334,346,15,5672,0,13.7,411
11.566667,347,15,5673,0,13.733334,412
11.6,348,15,5674,0,13.766666,413
11.633333,349,15,5675,0,13.8,414
11.666667,350,15,5676,0,13.833333,415
11.7,351,15,5677,0,13.866667,416
11.733334,352,15,5678,0,13.9,417
11.766666,353,15,5679,0,13.933333,418
11.8,354,15,5680,0,13.966666,419
11.833333,355,15,5681,0,14.0,420
11.866667,356,15,5682,0,14.033334,421
11.9,357,15,5683,0,14.066667,422
11.933333,358,15,5684,0,14.1,423
11.966666,359,15,5685,0,14.133333,424
12.0,360,15,5686,0,14.166667,425
12.033334,361,15,5687,0,14.2,426
12.066667,362,15,5688,0,14.233334,427
12.1,363,15,5689,0,14.266666,428
12.133333,364,15,5690,0,14.366667,431
12.166667,365,15,5691,0,14.4,432
0.0,0,16,5692,0,0.0,0
0.033333335,1,16,5693,0,2.6333334,79
0.06666667,2,16,5694,0,2.6666667,80
0.1,3,16,5695,0,2.7,81
0.13333334,4,16,5696,0,2.7333333,82
0.16666667,5,16,5697,0,2.7666667,83
0.2,6,16,5698,0,2.8,84
0.23333333,7,16,5699,0,2.9,87
0.26666668,8,16,5700,0,2.9333334,88
0.3,9,16,5701,0,2.9666667,89
0.33333334,10,16,5702,0,3.0333333,91
0.36666667,11,16,5703,0,3.0666666,92
0.4,12,16,5704,0,3.1,93
0.43333334,13,16,5705,0,3.1333334,94
0.46666667,14,16,5706,0,3.1666667,95
0.5,15,16,5707,0,3.2,96
0.53333336,16,16,5708,0,3.2333333,97
0.56666666,17,16,5709,0,3.2666667,98
0.6,18,16,5710,0,3.3,99
0.6333333,19,16,5711,0,3.3333333,100
0.6666667,20,16,5712,0,3.3666666,101
0.7,21,16,5713,0,3.4,102
0.73333335,22,16,5714,0,3.4333334,103
0.76666665,23,16,5715,0,3.4666667,104
0.8,24,16,5716,0,3.5,105
0.8333333,25,16,5717,0,3.5333333,106
0.8666667,26,16,5718,0,3.5666666,107
0.9,27,16,5719,0,3.6,108
0.93333334,28,16,5720,0,3.6333334,109
0.96666664,29,16,5721,0,3.6666667,110
1.0,30,16,5722,0,3.7,111
1.0333333,31,16,5723,0,3.7333333,112
1.0666667,32,16,5724,0,3.7666667,113
1.1,33,16,5725,0,3.8,114
1.1333333,34,16,5726,0,3.8333333,115
1.1666666,35,16,5727,0,3.8666666,116
1.2,36,16,5728,0,3.9,117
1.2333333,37,16,5729,0,3.9333334,118
1.2666667,38,16,5730,0,3.9666667,119
1.3,39,16,5731,0,4.0,120
1.3333334,40,16,5732,0,4.0333333,121
1.3666667,41,16,5733,0,4.0666666,122
1.4,42,16,5734,0,4.1,123
1.4333333,43,16,5735,0,4.133333,124
1.4666667,44,16,5736,0,4.1666665,125
1.5,45,16,5737,0,4.2,126
1.5333333,46,16,5738,0,4.233333,127
1.5666667,47,16,5739,0,4.266667,128
1.6,48,16,5740,0,4.3,129
1.6333333,49,16,5741,0,4.3333335,130
1.6666666,50,16,5742,0,4.366667,131
1.7,51,16,5743,0,4.4,132
1.7333333,52,16,5744,0,4.4333334,133
1.7666667,53,16,5745,0,4.4666667,134
1.8,54,16,5746,0,4.5,135
1.8333334,55,16,5747,0,4.5333333,136
1.8666667,56,16,5748,0,4.5666666,137
1.9,57,16,5749,0,4.6,138
1.9333333,58,16,5750,0,4.633333,139
1.9666667,59,16,5751,0,4.6666665,140
2.0,60,16,5752,0,4.7,141
2.0333333,61,16,5753,0,4.733333,142
2.0666666,62,16,5754,0,4.766667,143
2.1,63,16,5755,0,4.8,144
2.1333334,64,16,5756,0,4.8333335,145
2.1666667,65,16,5757,0,4.866667,146
2.2,66,16,5758,0,4.9,147
2.2333333,67,16,5759,0,4.9333334,148
2.2666667,68,16,5760,0,4.9666667,149
2.3,69,16,5761,0,5.0,150
2.3333333,70,16,5762,0,5.0333333,151
2.3666666,71,16,5763,0,5.0666666,152
2.4,72,16,5764,0,5.1,153
2.4333334,73,16,5765,0,5.133333,154
2.4666667,74,16,5766,0,5.1666665,155
2.5,75,16,5767,0,5.2,156
2.5333333,76,16,5768,0,5.233333,157
2.5666666,77,16,5769,0,5.266667,158
2.6,78,16,5770,0,5.3,159
2.6333334,79,16,5771,0,5.3333335,160
2.6666667,80,16,5772,0,5.366667,161
2.7,81,16,5773,0,5.4,162
2.7333333,82,16,5774,0,5.4333334,163
2.7666667,83,16,5775,0,5.4666667,164
2.8,84,16,5776,0,5.5,165
2.8333333,85,16,5777,0,5.5333333,166
2.8666666,86,16,5778,0,5.5666666,167
2.9,87,16,5779,0,5.6,168
2.9333334,88,16,5780,0,5.633333,169
2.9666667,89,16,5781,0,5.6666665,170
3.0,90,16,5782,0,5.7,171
3.0333333,91,16,5783,0,5.733333,172
3.0666666,92,16,5784,0,5.766667,173
3.1,93,16,5785,0,5.8,174
3.1333334,94,16,5786,0,5.8333335,175
3.1666667,95,16,5787,0,5.866667,176
3.2,96,16,5788,0,5.9,177
3.2333333,97,16,5789,0,5.9333334,178
3.2666667,98,16,5790,0,5.9666667,179
3.3,99,16,5791,0,6.0,180
3.3333333,100,16,5792,0,6.0333333,181
3.3666666,101,16,5793,0,6.0666666,182
3.4,102,16,5794,0,6.1,183
3.4333334,103,16,5795,0,6.133333,184
3.4666667,104,16,5796,0,6.1666665,185
3.5,105,16,5797,0,6.2,186
3.5333333,106,16,5798,0,6.233333,187
3.5666666,107,16,5799,0,6.266667,188
3.6,108,16,5800,0,6.3,189
3.6333334,109,16,5801,0,6.3333335,190
3.6666667,110,16,5802,0,6.366667,191
3.7,111,16,5803,0,6.4,192
3.7333333,112,16,5804,0,6.4333334,193
3.7666667,113,16,5805,0,6.4666667,194
3.8,114,16,5806,0,6.5,195
3.8333333,115,16,5807,0,6.5333333,196
3.8666666,116,16,5808,0,6.5666666,197
3.9,117,16,5809,0,6.6,198
3.9333334,118,16,5810,0,6.633333,199
3.9666667,119,16,5811,0,6.6666665,200
4.0,120,16,5812,0,6.7,201
4.0333333,121,16,5813,0,6.733333,202
4.0666666,122,16,5814,0,6.766667,203
4.1,123,16,5815,0,6.8,204
4.133333,124,16,5816,0,6.8333335,205
4.1666665,125,16,5817,0,6.866667,206
4.2,126,16,5818,0,6.9,207
4.233333,127,16,5819,0,6.9333334,208
4.266667,128,16,5820,0,6.9666667,209
4.3,129,16,5821,0,7.0,210
4.3333335,130,16,5822,0,7.0333333,211
4.366667,131,16,5823,0,7.0666666,212
4.4,132,16,5824,0,7.1,213
4.4333334,133,16,5825,0,7.133333,214
4.4666667,134,16,5826,0,7.1666665,215
4.5,135,16,5827,0,7.2,216
4.5333333,136,16,5828,0,7.233333,217
4.5666666,137,16,5829,0,7.266667,218
4.6,138,16,5830,0,7.3,219
4.633333,139,16,5831,0,7.3333335,220
4.6666665,140,16,5832,0,7.366667,221
4.7,141,16,5833,0,7.4,222
4.733333,142,16,5834,0,7.4333334,223
4.766667,143,16,5835,0,7.4666667,224
4.8,144,16,5836,0,7.5,225
4.8333335,145,16,5837,0,7.5333333,226
4.866667,146,16,5838,0,7.5666666,227
4.9,147,16,5839,0,7.6,228
4.9333334,148,16,5840,0,7.633333,229
4.9666667,149,16,5841,0,7.6666665,230
5.0,150,16,5842,0,7.7,231
5.0333333,151,16,5843,0,7.733333,232
5.0666666,152,16,5844,0,7.766667,233
5.1,153,16,5845,0,7.8,234
5.133333,154,16,5846,0,7.8333335,235
5.1666665,155,16,5847,0,7.866667,236
5.2,156,16,5848,0,7.9,237
5.233333,157,16,5849,0,7.9333334,238
5.266667,158,16,5850,0,7.9666667,239
5.3,159,16,5851,0,8.0,240
5.3333335,160,16,5852,0,8.033334,241
5.366667,161,16,5853,0,8.066667,242
5.4,162,16,5854,0,8.1,243
5.4333334,163,16,5855,0,8.133333,244
5.4666667,164,16,5856,0,8.166667,245
5.5,165,16,5857,0,8.2,246
5.5333333,166,16,5858,0,8.233334,247
5.5666666,167,16,5859,0,8.266666,248
5.6,168,16,5860,0,8.3,249
5.633333,169,16,5861,0,8.333333,250
5.6666665,170,16,5862,0,8.366667,251
5.7,171,16,5863,0,8.4,252
5.733333,172,16,5864,0,8.433333,253
5.766667,173,16,5865,0,8.466666,254
5.8,174,16,5866,0,8.5,255
5.8333335,175,16,5867,0,8.533334,256
5.866667,176,16,5868,0,8.566667,257
5.9,177,16,5869,0,8.6,258
5.9333334,178,16,5870,0,8.633333,259
5.9666667,179,16,5871,0,8.666667,260
6.0,180,16,5872,0,8.7,261
6.0333333,181,16,5873,0,8.733334,262
6.0666666,182,16,5874,0,8.766666,263
6.1,183,16,5875,0,8.8,264
6.133333,184,16,5876,0,8.833333,265
6.1666665,185,16,5877,0,8.866667,266
6.2,186,16,5878,0,8.9,267
6.233333,187,16,5879,0,8.933333,268
6.266667,188,16,5880,0,8.966666,269
6.3,189,16,5881,0,9.0,270
6.3333335,190,16,5882,0,9.033334,271
6.366667,191,16,5883,0,9.066667,272
6.4,192,16,5884,0,9.1,273
6.4333334,193,16,5885,0,9.133333,274
6.4666667,194,16,5886,0,9.166667,275
6.5,195,16,5887,0,9.2,276
6.5333333,196,16,5888,0,9.233334,277
6.5666666,197,16,5889,0,9.266666,278
6.6,198,16,5890,0,9.3,279
6.633333,199,16,5891,0,9.333333,280
6.6666665,200,16,5892,0,9.366667,281
6.7,201,16,5893,0,9.4,282
6.733333,202,16,5894,0,9.433333,283
6.766667,203,16,5895,0,9.466666,284
6.8,204,16,5896,0,9.5,285
6.8333335,205,16,5897,0,9.533334,286
6.866667,206,16,5898,0,9.566667,287
6.9,207,16,5899,0,9.6,288
6.9333334,208,16,5900,0,9.633333,289
6.9666667,209,16,5901,0,9.666667,290
7.0,210,16,5902,0,9.7,291
7.0333333,211,16,5903,0,9.733334,292
7.0666666,212,16,5904,0,9.766666,293
7.1,213,16,5905,0,9.8,294
7.133333,214,16,5906,0,9.833333,295
7.1666665,215,16,5907,0,9.866667,296
7.2,216,16,5908,0,9.9,297
7.233333,217,16,5909,0,9.933333,298
7.266667,218,16,5910,0,9.966666,299
7.3,219,16,5911,0,10.0,300
7.3333335,220,16,5912,0,10.033334,301
7.366667,221,16,5913,0,10.066667,302
7.4,222,16,5914,0,10.1,303
7.4333334,223,16,5915,0,10.133333,304
7.4666667,224,16,5916,0,10.166667,305
7.5,225,16,5917,0,10.2,306
7.5333333,226,16,5918,0,10.233334,307
7.5666666,227,16,5919,0,10.266666,308
7.6,228,16,5920,0,10.3,309
7.633333,229,16,5921,0,10.333333,310
7.6666665,230,16,5922,0,10.366667,311
7.7,231,16,5923,0,10.4,312
7.733333,232,16,5924,0,10.433333,313
7.766667,233,16,5925,0,10.466666,314
7.8,234,16,5926,0,10.5,315
7.8333335,235,16,5927,0,10.533334,316
7.866667,236,16,5928,0,10.566667,317
7.9,237,16,5929,0,10.6,318
7.9333334,238,16,5930,0,10.633333,319
7.9666667,239,16,5931,0,10.666667,320
8.0,240,16,5932,0,10.7,321
8.033334,241,16,5933,0,10.733334,322
8.066667,242,16,5934,0,10.766666,323
8.1,243,16,5935,0,10.8,324
8.133333,244,16,5936,0,10.833333,325
8.166667,245,16,5937,0,10.866667,326
8.2,246,16,5938,0,10.9,327
8.233334,247,16,5939,0,10.933333,328
8.266666,248,16,5940,0,10.966666,329
8.3,249,16,5941,0,11.0,330
8.333333,250,16,5942,0,11.033334,331
8.366667,251,16,5943,0,11.066667,332
8.4,252,16,5944,0,11.1,333
8.433333,253,16,5945,0,11.133333,334
8.466666,254,16,5946,0,11.166667,335
8.5,255,16,5947,0,11.2,336
8.533334,256,16,5948,0,11.233334,337
8.566667,257,16,5949,0,11.266666,338
8.6,258,16,5950,0,11.3,339
8.633333,259,16,5951,0,11.333333,340
8.666667,260,16,5952,0,11.366667,341
8.7,261,16,5953,0,11.4,342
8.733334,262,16,5954,0,11.433333,343
8.766666,263,16,5955,0,11.466666,344
8.8,264,16,5956,0,11.5,345
8.833333,265,16,5957,0,11.533334,346
8.866667,266,16,5958,0,11.566667,347
8.9,267,16,5959,0,11.6,348
8.933333,268,16,5960,0,11.633333,349
8.966666,269,16,5961,0,11.666667,350
9.0,270,16,5962,0,11.7,351
9.033334,271,16,5963,0,11.733334,352
9.066667,272,16,5964,0,11.766666,353
9.1,273,16,5965,0,11.8,354
9.133333,274,16,5966,0,11.833333,355
9.166667,275,16,5967,0,11.866667,356
9.2,276,16,5968,0,11.9,357
9.233334,277,16,5969,0,11.933333,358
9.266666,278,16,5970,0,11.966666,359
9.3,279,16,5971,0,12.0,360
9.333333,280,16,5972,0,12.033334,361
9.366667,281,16,5973,0,12.066667,362
9.4,282,16,5974,0,12.1,363
9.433333,283,16,5975,0,12.133333,364
9.466666,284,16,5976,0,12.166667,365
9.5,285,16,5977,0,12.2,366
9.533334,286,16,5978,0,12.233334,367
9.566667,287,16,5979,0,12.266666,368
9.6,288,16,5980,0,12.3,369
9.633333,289,16,5981,0,12.333333,370
9.666667,290,16,5982,0,12.366667,371
9.7,291,16,5983,0,12.4,372
9.733334,292,16,5984,0,12.433333,373
9.766666,293,16,5985,0,12.466666,374
9.8,294,16,5986,0,12.5,375
9.833333,295,16,5987,0,12.533334,376
9.866667,296,16,5988,0,12.566667,377
9.9,297,16,5989,0,12.6,378
9.933333,298,16,5990,0,12.633333,379
9.966666,299,16,5991,0,12.666667,380
10.0,300,16,5992,0,12.7,381
10.033334,301,16,5993,0,12.733334,382
10.066667,302,16,5994,0,12.766666,383
10.1,303,16,5995,0,12.8,384
10.133333,304,16,5996,0,12.833333,385
10.166667,305,16,5997,0,12.866667,386
10.2,306,16,5998,0,12.9,387
10.233334,307,16,5999,0,12.933333,388
10.266666,308,16,6000,0,12.966666,389
10.3,309,16,6001,0,13.0,390
10.333333,310,16,6002,0,13.033334,391
10.366667,311,16,6003,0,13.066667,392
10.4,312,16,6004,0,13.1,393
10.433333,313,16,6005,0,13.133333,394
10.466666,314,16,6006,0,13.166667,395
10.5,315,16,6007,0,13.2,396
10.533334,316,16,6008,0,13.233334,397
10.566667,317,16,6009,0,13.266666,398
10.6,318,16,6010,0,13.3,399
10.633333,319,16,6011,0,13.333333,400
10.666667,320,16,6012,0,13.366667,401
10.7,321,16,6013,0,13.4,402
10.733334,322,16,6014,0,13.433333,403
10.766666,323,16,6015,0,13.466666,404
10.8,324,16,6016,0,13.5,405
10.833333,325,16,6017,0,13.533334,406
10.866667,326,16,6018,0,13.566667,407
10.9,327,16,6019,0,13.6,408
10.933333,328,16,6020,0,13.633333,409
10.966666,329,16,6021,0,13.666667,410
11.0,330,16,6022,0,13.7,411
11.033334,331,16,6023,0,13.733334,412
11.066667,332,16,6024,0,13.766666,413
11.1,333,16,6025,0,13.8,414
11.133333,334,16,6026,0,13.833333,415
11.166667,335,16,6027,0,13.866667,416
11.2,336,16,6028,0,13.9,417
11.233334,337,16,6029,0,13.933333,418
11.266666,338,16,6030,0,13.966666,419
11.3,339,16,6031,0,14.0,420
11.333333,340,16,6032,0,14.033334,421
11.366667,341,16,6033,0,14.066667,422
11.4,342,16,6034,0,14.1,423
11.433333,343,16,6035,0,14.133333,424
11.466666,344,16,6036,0,14.166667,425
11.5,345,16,6037,0,14.2,426
11.533334,346,16,6038,0,14.233334,427
11.566667,347,16,6039,0,14.266666,428
11.6,348,16,6040,0,14.3,429
11.633333,349,16,6041,0,14.333333,430
11.666667,350,16,6042,0,14.366667,431
11.7,351,16,6043,0,14.4,432
11.733334,352,16,6044,0,14.433333,433
11.766666,353,16,6045,0,14.466666,434
11.8,354,16,6046,0,14.5,435
11.833333,355,16,6047,0,14.533334,436
11.866667,356,16,6048,0,14.566667,437
11.9,357,16,6049,0,14.6,438
11.933333,358,16,6050,0,14.633333,439
11.966666,359,16,6051,0,14.666667,440
12.0,360,16,6052,0,14.7,441
12.033334,361,16,6053,0,14.733334,442
12.066667,362,16,6054,0,14.766666,443
12.1,363,16,6055,0,14.8,444
12.133333,364,16,6056,0,14.833333,445
12.166667,365,16,6057,0,14.9,447
12.2,366,16,6058,0,14.966666,449
0.0,0,17,6059,0,0.0,0
0.033333335,1,17,6060,0,3.2,96
0.06666667,2,17,6061,0,3.2333333,97
0.1,3,17,6062,0,3.2666667,98
0.13333334,4,17,6063,0,3.3,99
0.16666667,5,17,6064,0,3.3333333,100
0.2,6,17,6065,0,3.3666666,101
0.23333333,7,17,6066,0,3.4,102
0.26666668,8,17,6067,0,3.4333334,103
0.3,9,17,6068,0,3.5666666,107
0.33333334,10,17,6069,0,3.6,108
0.36666667,11,17,6070,0,3.6333334,109
0.4,12,17,6071,0,3.6666667,110
0.43333334,13,17,6072,0,3.7,111
0.46666667,14,17,6073,0,3.7333333,112
0.5,15,17,6074,0,3.8,114
0.53333336,16,17,6075,0,3.8333333,115
0.56666666,17,17,6076,0,3.8666666,116
0.6,18,17,6077,0,3.9,117
0.6333333,19,17,6078,0,3.9333334,118
0.6666667,20,17,6079,0,3.9666667,119
0.7,21,17,6080,0,4.0,120
0.73333335,22,17,6081,0,4.0333333,121
0.76666665,23,17,6082,0,4.0666666,122
0.8,24,17,6083,0,4.1,123
0.8333333,25,17,6084,0,4.133333,124
0.8666667,26,17,6085,0,4.1666665,125
0.9,27,17,6086,0,4.2,126
0.93333334,28,17,6087,0,4.233333,127
0.96666664,29,17,6088,0,4.266667,128
1.0,30,17,6089,0,4.3,129
1.0333333,31,17,6090,0,4.3333335,130
1.0666667,32,17,6091,0,4.366667,131
1.1,33,17,6092,0,4.4,132
1.1333333,34,17,6093,0,4.4333334,133
1.1666666,35,17,6094,0,4.4666667,134
1.2,36,17,6095,0,4.5,135
1.2333333,37,17,6096,0,4.5333333,136
1.2666667,38,17,6097,0,4.5666666,137
1.3,39,17,6098,0,4.6,138
1.3333334,40,17,6099,0,4.633333,139
1.3666667,41,17,6100,0,4.6666665,140
1.4,42,17,6101,0,4.7,141
1.4333333,43,17,6102,0,4.733333,142
1.4666667,44,17,6103,0,4.766667,143
1.5,45,17,6104,0,4.8,144
1.5333333,46,17,6105,0,4.8333335,145
1.5666667,47,17,6106,0,4.866667,146
1.6,48,17,6107,0,4.9,147
1.6333333,49,17,6108,0,4.9333334,148
1.6666666,50,17,6109,0,4.9666667,149
1.7,51,17,6110,0,5.0,150
1.7333333,52,17,6111,0,5.0333333,151
1.7666667,53,17,6112,0,5.0666666,152
1.8,54,17,6113,0,5.1,153
1.8333334,55,17,6114,0,5.133333,154
1.8666667,56,17,6115,0,5.1666665,155
1.9,57,17,6116,0,5.2,156
1.9333333,58,17,6117,0,5.233333,157
1.9666667,59,17,6118,0,5.266667,158
2.0,60,17,6119,0,5.3,159
2.0333333,61,17,6120,0,5.3333335,160
2.0666666,62,17,6121,0,5.366667,161
2.1,63,17,6122,0,5.4,162
2.1333334,64,17,6123,0,5.4333334,163
2.1666667,65,17,6124,0,5.4666667,164
2.2,66,17,6125,0,5.5,165
2.2333333,67,17,6126,0,5.5333333,166
2.2666667,68,17,6127,0,5.5666666,167
2.3,69,17,6128,0,5.6,168
2.3333333,70,17,6129,0,5.633333,169
2.3666666,71,17,6130,0,5.6666665,170
2.4,72,17,6131,0,5.7,171
2.4333334,73,17,6132,0,5.733333,172
2.4666667,74,17,6133,0,5.766667,173
2.5,75,17,6134,0,5.8,174
2.5333333,76,17,6135,0,5.8333335,175
2.5666666,77,17,6136,0,5.866667,176
2.6,78,17,6137,0,5.9,177
2.6333334,79,17,6138,0,5.9333334,178
2.6666667,80,17,6139,0,5.9666667,179
2.7,81,17,6140,0,6.0,180
2.7333333,82,17,6141,0,6.0333333,181
2.7666667,83,17,6142,0,6.0666666,182
2.8,84,17,6143,0,6.1,183
2.8333333,85,17,6144,0,6.133333,184
2.8666666,86,17,6145,0,6.1666665,185
2.9,87,17,6146,0,6.2,186
2.9333334,88,17,6147,0,6.233333,187
2.9666667,89,17,6148,0,6.266667,188
3.0,90,17,6149,0,6.3,189
3.0333333,91,17,6150,0,6.3333335,190
3.0666666,92,17,6151,0,6.366667,191
3.1,93,17,6152,0,6.4,192
3.1333334,94,17,6153,0,6.4333334,193
3.1666667,95,17,6154,0,6.4666667,194
3.2,96,17,6155,0,6.5,195
3.2333333,97,17,6156,0,6.5333333,196
3.2666667,98,17,6157,0,6.5666666,197
3.3,99,17,6158,0,6.6,198
3.3333333,100,17,6159,0,6.633333,199
3.3666666,101,17,6160,0,6.6666665,200
3.4,102,17,6161,0,6.7,201
3.4333334,103,17,6162,0,6.733333,202
3.4666667,104,17,6163,0,6.766667,203
3.5,105,17,6164,0,6.8,204
3.5333333,106,17,6165,0,6.8333335,205
3.5666666,107,17,6166,0,6.866667,206
3.6,108,17,6167,0,6.9,207
3.6333334,109,17,6168,0,6.9333334,208
3.6666667,110,17,6169,0,6.9666667,209
3.7,111,17,6170,0,7.0,210
3.7333333,112,17,6171,0,7.0333333,211
3.7666667,113,17,6172,0,7.0666666,212
3.8,114,17,6173,0,7.1,213
3.8333333,115,17,6174,0,7.133333,214
3.8666666,116,17,6175,0,7.1666665,215
3.9,117,17,6176,0,7.2,216
3.9333334,118,17,6177,0,7.233333,217
3.9666667,119,17,6178,0,7.266667,218
4.0,120,17,6179,0,7.3,219
4.0333333,121,17,6180,0,7.3333335,220
4.0666666,122,17,6181,0,7.366667,221
4.1,123,17,6182,0,7.4,222
4.133333,124,17,6183,0,7.4333334,223
4.1666665,125,17,6184,0,7.4666667,224
4.2,126,17,6185,0,7.5,225
4.233333,127,17,6186,0,7.5333333,226
4.266667,128,17,6187,0,7.5666666,227
4.3,129,17,6188,0,7.6,228
4.3333335,130,17,6189,0,7.633333,229
4.366667,131,17,6190,0,7.6666665,230
4.4,132,17,6191,0,7.7,231
4.4333334,133,17,6192,0,7.733333,232
4.4666667,134,17,6193,0,7.766667,233
4.5,135,17,6194,0,7.8,234
4.5333333,136,17,6195,0,7.8333335,235
4.5666666,137,17,6196,0,7.866667,236
4.6,138,17,6197,0,7.9,237
4.633333,139,17,6198,0,7.9333334,238
4.6666665,140,17,6199,0,7.9666667,239
4.7,141,17,6200,0,8.0,240
4.733333,142,17,6201,0,8.033334,241
4.766667,143,17,6202,0,8.066667,242
4.8,144,17,6203,0,8.1,243
4.8333335,145,17,6204,0,8.133333,244
4.866667,146,17,6205,0,8.166667,245
4.9,147,17,6206,0,8.2,246
4.9333334,148,17,6207,0,8.233334,247
4.9666667,149,17,6208,0,8.266666,248
5.0,150,17,6209,0,8.3,249
5.0333333,151,17,6210,0,8.333333,250
5.0666666,152,17,6211,0,8.366667,251
5.1,153,17,6212,0,8.4,252
5.133333,154,17,6213,0,8.433333,253
5.1666665,155,17,6214,0,8.466666,254
5.2,156,17,6215,0,8.5,255
5.233333,157,17,6216,0,8.533334,256
5.266667,158,17,6217,0,8.566667,257
5.3,159,17,6218,0,8.6,258
5.3333335,160,17,6219,0,8.633333,259
5.366667,161,17,6220,0,8.666667,260
5.4,162,17,6221,0,8.7,261
5.4333334,163,17,6222,0,8.733334,262
5.4666667,164,17,6223,0,8.766666,263
5.5,165,17,6224,0,8.8,264
5.5333333,166,17,6225,0,8.833333,265
5.5666666,167,17,6226,0,8.866667,266
5.6,168,17,6227,0,8.9,267
5.633333,169,17,6228,0,8.933333,268
5.6666665,170,17,6229,0,8.966666,269
5.7,171,17,6230,0,9.0,270
5.733333,172,17,6231,0,9.033334,271
5.766667,173,17,6232,0,9.066667,272
5.8,174,17,6233,0,9.1,273
5.8333335,175,17,6234,0,9.133333,274
5.866667,176,17,6235,0,9.166667,275
5.9,177,17,6236,0,9.2,276
5.9333334,178,17,6237,0,9.233334,277
5.9666667,179,17,6238,0,9.266666,278
6.0,180,17,6239,0,9.3,279
6.0333333,181,17,6240,0,9.333333,280
6.0666666,182,17,6241,0,9.366667,281
6.1,183,17,6242,0,9.4,282
6.133333,184,17,6243,0,9.433333,283
6.1666665,185,17,6244,0,9.466666,284
6.2,186,17,6245,0,9.5,285
6.233333,187,17,6246,0,9.533334,286
6.266667,188,17,6247,0,9.566667,287
6.3,189,17,6248,0,9.6,288
6.3333335,190,17,6249,0,9.633333,289
6.366667,191,17,6250,0,9.666667,290
6.4,192,17,6251,0,9.7,291
6.4333334,193,17,6252,0,9.733334,292
6.4666667,194,17,6253,0,9.766666,293
6.5,195,17,6254,0,9.8,294
6.5333333,196,17,6255,0,9.833333,295
6.5666666,197,17,6256,0,9.866667,296
6.6,198,17,6257,0,9.9,297
6.633333,199,17,6258,0,9.933333,298
6.6666665,200,17,6259,0,9.966666,299
6.7,201,17,6260,0,10.0,300
6.733333,202,17,6261,0,10.033334,301
6.766667,203,17,6262,0,10.066667,302
6.8,204,17,6263,0,10.1,303
6.8333335,205,17,6264,0,10.133333,304
6.866667,206,17,6265,0,10.166667,305
6.9,207,17,6266,0,10.2,306
6.9333334,208,17,6267,0,10.233334,307
6.9666667,209,17,6268,0,10.266666,308
7.0,210,17,6269,0,10.3,309
7.0333333,211,17,6270,0,10.333333,310
7.0666666,212,17,6271,0,10.366667,311
7.1,213,17,6272,0,10.4,312
7.133333,214,17,6273,0,10.433333,313
7.1666665,215,17,6274,0,10.466666,314
7.2,216,17,6275,0,10.5,315
7.233333,217,17,6276,0,10.533334,316
7.266667,218,17,6277,0,10.566667,317
7.3,219,17,6278,0,10.6,318
7.3333335,220,17,6279,0,10.633333,319
7.366667,221,17,6280,0,10.666667,320
7.4,222,17,6281,0,10.7,321
7.4333334,223,17,6282,0,10.733334,322
7.4666667,224,17,6283,0,10.766666,323
7.5,225,17,6284,0,10.8,324
7.5333333,226,17,6285,0,10.833333,325
7.5666666,227,17,6286,0,10.866667,326
7.6,228,17,6287,0,10.9,327
7.633333,229,17,6288,0,10.933333,328
7.6666665,230,17,6289,0,10.966666,329
7.7,231,17,6290,0,11.0,330
7.733333,232,17,6291,0,11.033334,331
7.766667,233,17,6292,0,11.066667,332
7.8,234,17,6293,0,11.1,333
7.8333335,235,17,6294,0,11.133333,334
7.866667,236,17,6295,0,11.166667,335
7.9,237,17,6296,0,11.2,336
7.9333334,238,17,6297,0,11.233334,337
7.9666667,239,17,6298,0,11.266666,338
8.0,240,17,6299,0,11.3,339
8.033334,241,17,6300,0,11.333333,340
8.066667,242,17,6301,0,11.366667,341
8.1,243,17,6302,0,11.4,342
8.133333,244,17,6303,0,11.433333,343
8.166667,245,17,6304,0,11.466666,344
8.2,246,17,6305,0,11.5,345
8.233334,247,17,6306,0,11.533334,346
8.266666,248,17,6307,0,11.566667,347
8.3,249,17,6308,0,11.6,348
8.333333,250,17,6309,0,11.633333,349
8.366667,251,17,6310,0,11.666667,350
8.4,252,17,6311,0,11.7,351
8.433333,253,17,6312,0,11.733334,352
8.466666,254,17,6313,0,11.766666,353
8.5,255,17,6314,0,11.8,354
8.533334,256,17,6315,0,11.833333,355
8.566667,257,17,6316,0,11.866667,356
8.6,258,17,6317,0,11.9,357
8.633333,259,17,6318,0,11.933333,358
8.666667,260,17,6319,0,11.966666,359
8.7,261,17,6320,0,12.0,360
8.733334,262,17,6321,0,12.033334,361
8.766666,263,17,6322,0,12.066667,362
8.8,264,17,6323,0,12.1,363
8.833333,265,17,6324,0,12.133333,364
8.866667,266,17,6325,0,12.166667,365
8.9,267,17,6326,0,12.2,366
8.933333,268,17,6327,0,12.233334,367
8.966666,269,17,6328,0,12.266666,368
9.0,270,17,6329,0,12.3,369
9.033334,271,17,6330,0,12.333333,370
9.066667,272,17,6331,0,12.366667,371
9.1,273,17,6332,0,12.4,372
9.133333,274,17,6333,0,12.433333,373
9.166667,275,17,6334,0,12.466666,374
9.2,276,17,6335,0,12.5,375
9.233334,277,17,6336,0,12.533334,376
9.266666,278,17,6337,0,12.566667,377
9.3,279,17,6338,0,12.6,378
9.333333,280,17,6339,0,12.633333,379
9.366667,281,17,6340,0,12.666667,380
9.4,282,17,6341,0,12.7,381
9.433333,283,17,6342,0,12.733334,382
9.466666,284,17,6343,0,12.766666,383
9.5,285,17,6344,0,12.8,384
9.533334,286,17,6345,0,12.833333,385
9.566667,287,17,6346,0,12.866667,386
9.6,288,17,6347,0,12.9,387
9.633333,289,17,6348,0,12.933333,388
9.666667,290,17,6349,0,12.966666,389
9.7,291,17,6350,0,13.0,390
9.733334,292,17,6351,0,13.033334,391
9.766666,293,17,6352,0,13.066667,392
9.8,294,17,6353,0,13.1,393
9.833333,295,17,6354,0,13.133333,394
9.866667,296,17,6355,0,13.166667,395
9.9,297,17,6356,0,13.2,396
9.933333,298,17,6357,0,13.233334,397
9.966666,299,17,6358,0,13.266666,398
10.0,300,17,6359,0,13.3,399
10.033334,301,17,6360,0,13.333333,400
10.066667,302,17,6361,0,13.366667,401
10.1,303,17,6362,0,13.4,402
10.133333,304,17,6363,0,13.433333,403
10.166667,305,17,6364,0,13.466666,404
10.2,306,17,6365,0,13.5,405
10.233334,307,17,6366,0,13.533334,406
10.266666,308,17,6367,0,13.566667,407
10.3,309,17,6368,0,13.6,408
10.333333,310,17,6369,0,13.633333,409
10.366667,311,17,6370,0,13.666667,410
10.4,312,17,6371,0,13.7,411
10.433333,313,17,6372,0,13.733334,412
10.466666,314,17,6373,0,13.766666,413
10.5,315,17,6374,0,13.8,414
10.533334,316,17,6375,0,13.833333,415
10.566667,317,17,6376,0,13.866667,416
10.6,318,17,6377,0,13.9,417
10.633333,319,17,6378,0,13.933333,418
10.666667,320,17,6379,0,13.966666,419
10.7,321,17,6380,0,14.0,420
10.733334,322,17,6381,0,14.033334,421
10.766666,323,17,6382,0,14.066667,422
10.8,324,17,6383,0,14.1,423
10.833333,325,17,6384,0,14.133333,424
10.866667,326,17,6385,0,14.166667,425
10.9,327,17,6386,0,14.2,426
10.933333,328,17,6387,0,14.233334,427
10.966666,329,17,6388,0,14.266666,428
11.0,330,17,6389,0,14.3,429
11.033334,331,17,6390,0,14.333333,430
11.066667,332,17,6391,0,14.366667,431
11.1,333,17,6392,0,14.4,432
11.133333,334,17,6393,0,14.433333,433
11.166667,335,17,6394,0,14.466666,434
11.2,336,17,6395,0,14.5,435
11.233334,337,17,6396,0,14.533334,436
11.266666,338,17,6397,0,14.566667,437
11.3,339,17,6398,0,14.6,438
11.333333,340,17,6399,0,14.633333,439
11.366667,341,17,6400,0,14.666667,440
11.4,342,17,6401,0,14.7,441
11.433333,343,17,6402,0,14.733334,442
11.466666,344,17,6403,0,14.766666,443
11.5,345,17,6404,0,14.8,444
11.533334,346,17,6405,0,14.833333,445
11.566667,347,17,6406,0,14.866667,446
11.6,348,17,6407,0,14.9,447
11.633333,349,17,6408,0,14.933333,448
11.666667,350,17,6409,0,14.966666,449
11.7,351,17,6410,0,15.0,450
11.733334,352,17,6411,0,15.033334,451
11.766666,353,17,6412,0,15.066667,452
11.8,354,17,6413,0,15.1,453
11.833333,355,17,6414,0,15.133333,454
11.866667,356,17,6415,0,15.166667,455
11.9,357,17,6416,0,15.2,456
11.933333,358,17,6417,0,15.3,459
11.966666,359,17,6418,0,15.333333,460
12.0,360,17,6419,0,15.366667,461
0.0,0,18,6420,0,0.0,0
0.033333335,1,18,6421,0,6.133333,184
0.06666667,2,18,6422,0,6.1666665,185
0.1,3,18,6423,0,6.233333,187
0.13333334,4,18,6424,0,6.266667,188
0.16666667,5,18,6425,0,6.3333335,190
0.2,6,18,6426,0,6.366667,191
0.23333333,7,18,6427,0,6.4,192
0.26666668,8,18,6428,0,6.4666667,194
0.3,9,18,6429,0,6.6,198
0.33333334,10,18,6430,0,6.633333,199
0.36666667,11,18,6431,0,6.6666665,200
0.4,12,18,6432,0,6.733333,202
0.43333334,13,18,6433,0,6.8,204
0.46666667,14,18,6434,0,6.8333335,205
0.5,15,18,6435,0,6.866667,206
0.53333336,16,18,6436,0,6.9333334,208
0.56666666,17,18,6437,0,6.9666667,209
0.6,18,18,6438,0,7.0,210
0.6333333,19,18,6439,0,7.0333333,211
0.6666667,20,18,6440,0,7.0666666,212
0.7,21,18,6441,0,7.1,213
0.73333335,22,18,6442,0,7.133333,214
0.76666665,23,18,6443,0,7.1666665,215
0.8,24,18,6444,0,7.2,216
0.8333333,25,18,6445,0,7.233333,217
0.8666667,26,18,6446,0,7.266667,218
0.9,27,18,6447,0,7.3,219
0.93333334,28,18,6448,0,7.3333335,220
0.96666664,29,18,6449,0,7.366667,221
1.0,30,18,6450,0,7.4,222
1.0333333,31,18,6451,0,7.4333334,223
1.0666667,32,18,6452,0,7.4666667,224
1.1,33,18,6453,0,7.5,225
1.1333333,34,18,6454,0,7.5333333,226
1.1666666,35,18,6455,0,7.5666666,227
1.2,36,18,6456,0,7.6,228
1.2333333,37,18,6457,0,7.633333,229
1.2666667,38,18,6458,0,7.6666665,230
1.3,39,18,6459,0,7.7,231
1.3333334,40,18,6460,0,7.733333,232
1.3666667,41,18,6461,0,7.766667,233
1.4,42,18,6462,0,7.8,234
1.4333333,43,18,6463,0,7.8333335,235
1.4666667,44,18,6464,0,7.866667,236
1.5,45,18,6465,0,7.9,237
1.5333333,46,18,6466,0,7.9333334,238
1.5666667,47,18,6467,0,7.9666667,239
1.6,48,18,6468,0,8.0,240
1.6333333,49,18,6469,0,8.033334,241
1.6666666,50,18,6470,0,8.066667,242
1.7,51,18,6471,0,8.1,243
1.7333333,52,18,6472,0,8.133333,244
1.7666667,53,18,6473,0,8.166667,245
1.8,54,18,6474,0,8.2,246
1.8333334,55,18,6475,0,8.233334,247
1.8666667,56,18,6476,0,8.266666,248
1.9,57,18,6477,0,8.3,249
1.9333333,58,18,6478,0,8.333333,250
1.9666667,59,18,6479,0,8.366667,251
2.0,60,18,6480,0,8.4,252
2.0333333,61,18,6481,0,8.433333,253
2.0666666,62,18,6482,0,8.466666,254
2.1,63,18,6483,0,8.5,255
2.1333334,64,18,6484,0,8.533334,256
2.1666667,65,18,6485,0,8.566667,257
2.2,66,18,6486,0,8.6,258
2.2333333,67,18,6487,0,8.633333,259
2.2666667,68,18,6488,0,8.666667,260
2.3,69,18,6489,0,8.7,261
2.3333333,70,18,6490,0,8.733334,262
2.3666666,71,18,6491,0,8.766666,263
2.4,72,18,6492,0,8.8,264
2.4333334,73,18,6493,0,8.833333,265
2.4666667,74,18,6494,0,8.866667,266
2.5,75,18,6495,0,8.9,267
2.5333333,76,18,6496,0,8.933333,268
2.5666666,77,18,6497,0,8.966666,269
2.6,78,18,6498,0,9.0,270
2.6333334,79,18,6499,0,9.033334,271
2.6666667,80,18,6500,0,9.066667,272
2.7,81,18,6501,0,9.1,273
2.7333333,82,18,6502,0,9.133333,274
2.7666667,83,18,6503,0,9.166667,275
2.8,84,18,6504,0,9.2,276
2.8333333,85,18,6505,0,9.233334,277
2.8666666,86,18,6506,0,9.266666,278
2.9,87,18,6507,0,9.3,279
2.9333334,88,18,6508,0,9.333333,280
2.9666667,89,18,6509,0,9.366667,281
3.0,90,18,6510,0,9.4,282
3.0333333,91,18,6511,0,9.433333,283
3.0666666,92,18,6512,0,9.466666,284
3.1,93,18,6513,0,9.5,285
3.1333334,94,18,6514,0,9.533334,286
3.1666667,95,18,6515,0,9.566667,287
3.2,96,18,6516,0,9.6,288
3.2333333,97,18,6517,0,9.633333,289
3.2666667,98,18,6518,0,9.666667,290
3.3,99,18,6519,0,9.7,291
3.3333333,100,18,6520,0,9.733334,292
3.3666666,101,18,6521,0,9.766666,293
3.4,102,18,6522,0,9.8,294
3.4333334,103,18,6523,0,9.833333,295
3.4666667,104,18,6524,0,9.866667,296
3.5,105,18,6525,0,9.9,297
3.5333333,106,18,6526,0,9.933333,298
3.5666666,107,18,6527,0,9.966666,299
3.6,108,18,6528,0,10.0,300
3.6333334,109,18,6529,0,10.033334,301
3.6666667,110,18,6530,0,10.066667,302
3.7,111,18,6531,0,10.1,303
3.7333333,112,18,6532,0,10.133333,304
3.7666667,113,18,6533,0,10.166667,305
3.8,114,18,6534,0,10.2,306
3.8333333,115,18,6535,0,10.233334,307
3.8666666,116,18,6536,0,10.266666,308
3.9,117,18,6537,0,10.3,309
3.9333334,118,18,6538,0,10.333333,310
3.9666667,119,18,6539,0,10.366667,311
4.0,120,18,6540,0,10.4,312
4.0333333,121,18,6541,0,10.433333,313
4.0666666,122,18,6542,0,10.466666,314
4.1,123,18,6543,0,10.5,315
4.133333,124,18,6544,0,10.533334,316
4.1666665,125,18,6545,0,10.566667,317
4.2,126,18,6546,0,10.6,318
4.233333,127,18,6547,0,10.633333,319
4.266667,128,18,6548,0,10.666667,320
4.3,129,18,6549,0,10.7,321
4.3333335,130,18,6550,0,10.733334,322
4.366667,131,18,6551,0,10.766666,323
4.4,132,18,6552,0,10.8,324
4.4333334,133,18,6553,0,10.833333,325
4.4666667,134,18,6554,0,10.866667,326
4.5,135,18,6555,0,10.9,327
4.5333333,136,18,6556,0,10.933333,328
4.5666666,137,18,6557,0,10.966666,329
4.6,138,18,6558,0,11.0,330
4.633333,139,18,6559,0,11.033334,331
4.6666665,140,18,6560,0,11.066667,332
4.7,141,18,6561,0,11.1,333
4.733333,142,18,6562,0,11.133333,334
4.766667,143,18,6563,0,11.166667,335
4.8,144,18,6564,0,11.2,336
4.8333335,145,18,6565,0,11.233334,337
4.866667,146,18,6566,0,11.266666,338
4.9,147,18,6567,0,11.3,339
4.9333334,148,18,6568,0,11.333333,340
4.9666667,149,18,6569,0,11.366667,341
5.0,150,18,6570,0,11.4,342
5.0333333,151,18,6571,0,11.433333,343
5.0666666,152,18,6572,0,11.466666,344
5.1,153,18,6573,0,11.5,345
5.133333,154,18,6574,0,11.533334,346
5.1666665,155,18,6575,0,11.566667,347
5.2,156,18,6576,0,11.6,348
5.233333,157,18,6577,0,11.633333,349
5.266667,158,18,6578,0,11.666667,350
5.3,159,18,6579,0,11.7,351
5.3333335,160,18,6580,0,11.733334,352
5.366667,161,18,6581,0,11.766666,353
5.4,162,18,6582,0,11.8,354
5.4333334,163,18,6583,0,11.833333,355
5.4666667,164,18,6584,0,11.866667,356
5.5,165,18,6585,0,11.9,357
5.5333333,166,18,6586,0,11.933333,358
5.5666666,167,18,6587,0,11.966666,359
5.6,168,18,6588,0,12.0,360
5.633333,169,18,6589,0,12.033334,361
5.6666665,170,18,6590,0,12.066667,362
5.7,171,18,6591,0,12.1,363
5.733333,172,18,6592,0,12.133333,364
5.766667,173,18,6593,0,12.166667,365
5.8,174,18,6594,0,12.2,366
5.8333335,175,18,6595,0,12.233334,367
5.866667,176,18,6596,0,12.266666,368
5.9,177,18,6597,0,12.3,369
5.9333334,178,18,6598,0,12.366667,371
5.9666667,179,18,6599,0,12.4,372
6.0,180,18,6600,0,12.433333,373
6.0333333,181,18,6601,0,12.466666,374
6.0666666,182,18,6602,0,12.5,375
6.1,183,18,6603,0,12.533334,376
6.133333,184,18,6604,0,12.566667,377
6.1666665,185,18,6605,0,12.6,378
6.2,186,18,6606,0,12.633333,379
6.233333,187,18,6607,0,12.666667,380
6.266667,188,18,6608,0,12.7,381
6.3,189,18,6609,0,12.733334,382
6.3333335,190,18,6610,0,12.766666,383
6.366667,191,18,6611,0,12.8,384
6.4,192,18,6612,0,12.833333,385
6.4333334,193,18,6613,0,12.866667,386
6.4666667,194,18,6614,0,12.9,387
6.5,195,18,6615,0,12.933333,388
6.5333333,196,18,6616,0,12.966666,389
6.5666666,197,18,6617,0,13.0,390
6.6,198,18,6618,0,13.033334,391
6.633333,199,18,6619,0,13.066667,392
6.6666665,200,18,6620,0,13.1,393
6.7,201,18,6621,0,13.133333,394
6.733333,202,18,6622,0,13.166667,395
6.766667,203,18,6623,0,13.2,396
6.8,204,18,6624,0,13.233334,397
6.8333335,205,18,6625,0,13.266666,398
6.866667,206,18,6626,0,13.3,399
6.9,207,18,6627,0,13.333333,400
6.9333334,208,18,6628,0,13.366667,401
6.9666667,209,18,6629,0,13.4,402
7.0,210,18,6630,0,13.433333,403
7.0333333,211,18,6631,0,13.466666,404
7.0666666,212,18,6632,0,13.5,405
7.1,213,18,6633,0,13.533334,406
7.133333,214,18,6634,0,13.566667,407
7.1666665,215,18,6635,0,13.6,408
7.2,216,18,6636,0,13.633333,409
7.233333,217,18,6637,0,13.666667,410
7.266667,218,18,6638,0,13.7,411
7.3,219,18,6639,0,13.733334,412
7.3333335,220,18,6640,0,13.766666,413
7.366667,221,18,6641,0,13.8,414
7.4,222,18,6642,0,13.833333,415
7.4333334,223,18,6643,0,13.866667,416
7.4666667,224,18,6644,0,13.9,417
7.5,225,18,6645,0,13.933333,418
7.5333333,226,18,6646,0,13.966666,419
7.5666666,227,18,6647,0,14.0,420
7.6,228,18,6648,0,14.033334,421
7.633333,229,18,6649,0,14.066667,422
7.6666665,230,18,6650,0,14.1,423
7.7,231,18,6651,0,14.133333,424
7.733333,232,18,6652,0,14.166667,425
7.766667,233,18,6653,0,14.2,426
7.8,234,18,6654,0,14.233334,427
7.8333335,235,18,6655,0,14.266666,428
7.866667,236,18,6656,0,14.3,429
7.9,237,18,6657,0,14.333333,430
7.9333334,238,18,6658,0,14.366667,431
7.9666667,239,18,6659,0,14.4,432
8.0,240,18,6660,0,14.433333,433
8.033334,241,18,6661,0,14.466666,434
8.066667,242,18,6662,0,14.5,435
8.1,243,18,6663,0,14.533334,436
8.133333,244,18,6664,0,14.566667,437
8.166667,245,18,6665,0,14.6,438
8.2,246,18,6666,0,14.633333,439
8.233334,247,18,6667,0,14.666667,440
8.266666,248,18,6668,0,14.7,441
8.3,249,18,6669,0,14.733334,442
8.333333,250,18,6670,0,14.766666,443
8.366667,251,18,6671,0,14.8,444
8.4,252,18,6672,0,14.833333,445
8.433333,253,18,6673,0,14.866667,446
8.466666,254,18,6674,0,14.9,447
8.5,255,18,6675,0,14.933333,448
8.533334,256,18,6676,0,14.966666,449
8.566667,257,18,6677,0,15.0,450
8.6,258,18,6678,0,15.033334,451
8.633333,259,18,6679,0,15.066667,452
8.666667,260,18,6680,0,15.1,453
8.7,261,18,6681,0,15.133333,454
8.733334,262,18,6682,0,15.166667,455
8.766666,263,18,6683,0,15.2,456
8.8,264,18,6684,0,15.233334,457
8.833333,265,18,6685,0,15.266666,458
8.866667,266,18,6686,0,15.3,459
8.9,267,18,6687,0,15.333333,460
8.933333,268,18,6688,0,15.366667,461
8.966666,269,18,6689,0,15.4,462
9.0,270,18,6690,0,15.433333,463
9.033334,271,18,6691,0,15.466666,464
9.066667,272,18,6692,0,15.5,465
9.1,273,18,6693,0,15.533334,466
9.133333,274,18,6694,0,15.566667,467
9.166667,275,18,6695,0,15.6,468
9.2,276,18,6696,0,15.633333,469
9.233334,277,18,6697,0,15.666667,470
9.266666,278,18,6698,0,15.7,471
9.3,279,18,6699,0,15.733334,472
9.333333,280,18,6700,0,15.766666,473
9.366667,281,18,6701,0,15.8,474
9.4,282,18,6702,0,15.833333,475
9.433333,283,18,6703,0,15.866667,476
9.466666,284,18,6704,0,15.9,477
9.5,285,18,6705,0,15.933333,478
9.533334,286,18,6706,0,15.966666,479
9.566667,287,18,6707,0,16.0,480
9.6,288,18,6708,0,16.033333,481
9.633333,289,18,6709,0,16.066668,482
9.666667,290,18,6710,0,16.1,483
9.7,291,18,6711,0,16.133333,484
9.733334,292,18,6712,0,16.166666,485
9.766666,293,18,6713,0,16.2,486
9.8,294,18,6714,0,16.233334,487
9.833333,295,18,6715,0,16.266666,488
9.866667,296,18,6716,0,16.3,489
9.9,297,18,6717,0,16.333334,490
9.933333,298,18,6718,0,16.366667,491
9.966666,299,18,6719,0,16.4,492
10.0,300,18,6720,0,16.433332,493
10.033334,301,18,6721,0,16.466667,494
10.066667,302,18,6722,0,16.5,495
10.1,303,18,6723,0,16.533333,496
10.133333,304,18,6724,0,16.566668,497
10.166667,305,18,6725,0,16.6,498
10.2,306,18,6726,0,16.633333,499
10.233334,307,18,6727,0,16.666666,500
10.266666,308,18,6728,0,16.7,501
10.3,309,18,6729,0,16.733334,502
10.333333,310,18,6730,0,16.766666,503
10.366667,311,18,6731,0,16.8,504
10.4,312,18,6732,0,16.833334,505
10.433333,313,18,6733,0,16.866667,506
10.466666,314,18,6734,0,16.9,507
10.5,315,18,6735,0,16.933332,508
10.533334,316,18,6736,0,16.966667,509
10.566667,317,18,6737,0,17.0,510
10.6,318,18,6738,0,17.033333,511
10.633333,319,18,6739,0,17.066668,512
10.666667,320,18,6740,0,17.1,513
10.7,321,18,6741,0,17.133333,514
10.733334,322,18,6742,0,17.166666,515
10.766666,323,18,6743,0,17.2,516
10.8,324,18,6744,0,17.233334,517
10.833333,325,18,6745,0,17.266666,518
10.866667,326,18,6746,0,17.3,519
10.9,327,18,6747,0,17.333334,520
10.933333,328,18,6748,0,17.366667,521
10.966666,329,18,6749,0,17.4,522
11.0,330,18,6750,0,17.433332,523
11.033334,331,18,6751,0,17.466667,524
11.066667,332,18,6752,0,17.5,525
11.1,333,18,6753,0,17.533333,526
11.133333,334,18,6754,0,17.566668,527
11.166667,335,18,6755,0,17.6,528
11.2,336,18,6756,0,17.633333,529
11.233334,337,18,6757,0,17.666666,530
11.266666,338,18,6758,0,17.7,531
11.3,339,18,6759,0,17.733334,532
11.333333,340,18,6760,0,17.766666,533
11.366667,341,18,6761,0,17.8,534
11.4,342,18,6762,0,17.833334,535
11.433333,343,18,6763,0,17.866667,536
11.466666,344,18,6764,0,17.9,537
11.5,345,18,6765,0,17.933332,538
11.533334,346,18,6766,0,17.966667,539
11.566667,347,18,6767,0,18.0,540
11.6,348,18,6768,0,18.033333,541
11.633333,349,18,6769,0,18.066668,542
11.666667,350,18,6770,0,18.1,543
11.7,351,18,6771,0,18.133333,544
11.733334,352,18,6772,0,18.166666,545
11.766666,353,18,6773,0,18.2,546
11.8,354,18,6774,0,18.233334,547
11.833333,355,18,6775,0,18.3,549
11.866667,356,18,6776,0,18.333334,550
11.9,357,18,6777,0,18.366667,551
11.933333,358,18,6778,0,18.4,552
11.966666,359,18,6779,0,18.466667,554
12.0,360,18,6780,0,18.5,555
12.033334,361,18,6781,0,18.533333,556
12.066667,362,18,6782,0,18.6,558
12.1,363,18,6783,0,18.633333,559
12.133333,364,18,6784,0,18.666666,560
12.166667,365,18,6785,0,18.733334,562
12.2,366,18,6786,0,18.8,564
12.233334,367,18,6787,0,18.833334,565
12.266666,368,18,6788,0,18.9,567
12.3,369,18,6789,0,18.933332,568
12.333333,370,18,6790,0,18.966667,569
12.366667,371,18,6791,0,19.0,570
12.4,372,18,6792,0,19.033333,571
12.433333,373,18,6793,0,19.066668,572
12.466666,374,18,6794,0,19.166666,575
12.5,375,18,6795,0,19.2,576
12.533334,376,18,6796,0,19.233334,577
12.566667,377,18,6797,0,19.266666,578
12.6,378,18,6798,0,19.333334,580
12.633333,379,18,6799,0,19.366667,581
0.0,0,19,6800,0,0.0,0
0.033333335,1,19,6801,0,2.4,72
0.06666667,2,19,6802,0,2.4333334,73
0.1,3,19,6803,0,2.4666667,74
0.13333334,4,19,6804,0,2.5,75
0.16666667,5,19,6805,0,2.5333333,76
0.2,6,19,6806,0,2.5666666,77
0.23333333,7,19,6807,0,2.6,78
0.26666668,8,19,6808,0,2.6333334,79
0.3,9,19,6809,0,2.6666667,80
0.33333334,10,19,6810,0,2.7,81
0.36666667,11,19,6811,0,2.7333333,82
0.4,12,19,6812,0,2.7666667,83
0.43333334,13,19,6813,0,2.8,84
0.46666667,14,19,6814,0,2.9,87
0.5,15,19,6815,0,2.9333334,88
0.53333336,16,19,6816,0,2.9666667,89
0.56666666,17,19,6817,0,3.0,90
0.6,18,19,6818,0,3.0333333,91
0.6333333,19,19,6819,0,3.0666666,92
0.6666667,20,19,6820,0,3.1,93
0.7,21,19,6821,0,3.1333334,94
0.73333335,22,19,6822,0,3.1666667,95
0.76666665,23,19,6823,0,3.2,96
0.8,24,19,6824,0,3.2333333,97
0.8333333,25,19,6825,0,3.2666667,98
0.8666667,26,19,6826,0,3.3,99
0.9,27,19,6827,0,3.3333333,100
0.93333334,28,19,6828,0,3.3666666,101
0.96666664,29,19,6829,0,3.4,102
1.0,30,19,6830,0,3.4333334,103
1.0333333,31,19,6831,0,3.4666667,104
1.0666667,32,19,6832,0,3.5,105
1.1,33,19,6833,0,3.5333333,106
1.1333333,34,19,6834,0,3.5666666,107
1.1666666,35,19,6835,0,3.6,108
1.2,36,19,6836,0,3.6333334,109
1.2333333,37,19,6837,0,3.6666667,110
1.2666667,38,19,6838,0,3.7,111
1.3,39,19,6839,0,3.7333333,112
1.3333334,40,19,6840,0,3.7666667,113
1.3666667,41,19,6841,0,3.8,114
1.4,42,19,6842,0,3.8333333,115
1.4333333,43,19,6843,0,3.8666666,116
1.4666667,44,19,6844,0,3.9,117
1.5,45,19,6845,0,3.9333334,118
1.5333333,46,19,6846,0,3.9666667,119
1.5666667,47,19,6847,0,4.0,120
1.6,48,19,6848,0,4.0333333,121
1.6333333,49,19,6849,0,4.0666666,122
1.6666666,50,19,6850,0,4.1,123
1.7,51,19,6851,0,4.133333,124
1.7333333,52,19,6852,0,4.1666665,125
1.7666667,53,19,6853,0,4.2,126
1.8,54,19,6854,0,4.233333,127
1.8333334,55,19,6855,0,4.266667,128
1.8666667,56,19,6856,0,4.3,129
1.9,57,19,6857,0,4.3333335,130
1.9333333,58,19,6858,0,4.366667,131
1.9666667,59,19,6859,0,4.4,132
2.0,60,19,6860,0,4.4333334,133
2.0333333,61,19,6861,0,4.4666667,134
2.0666666,62,19,6862,0,4.5,135
2.1,63,19,6863,0,4.5333333,136
2.1333334,64,19,6864,0,4.5666666,137
2.1666667,65,19,6865,0,4.6,138
2.2,66,19,6866,0,4.633333,139
2.2333333,67,19,6867,0,4.6666665,140
2.2666667,68,19,6868,0,4.7,141
2.3,69,19,6869,0,4.733333,142
2.3333333,70,19,6870,0,4.766667,143
2.3666666,71,19,6871,0,4.8,144
2.4,72,19,6872,0,4.8333335,145
2.4333334,73,19,6873,0,4.866667,146
2.4666667,74,19,6874,0,4.9,147
2.5,75,19,6875,0,4.9333334,148
2.5333333,76,19,6876,0,4.9666667,149
2.5666666,77,19,6877,0,5.0,150
2.6,78,19,6878,0,5.0333333,151
2.6333334,79,19,6879,0,5.0666666,152
2.6666667,80,19,6880,0,5.1,153
2.7,81,19,6881,0,5.133333,154
2.7333333,82,19,6882,0,5.1666665,155
2.7666667,83,19,6883,0,5.2,156
2.8,84,19,6884,0,5.233333,157
2.8333333,85,19,6885,0,5.266667,158
2.8666666,86,19,6886,0,5.3,159
2.9,87,19,6887,0,5.3333335,160
2.9333334,88,19,6888,0,5.366667,161
2.9666667,89,19,6889,0,5.4,162
3.0,90,19,6890,0,5.4333334,163
3.0333333,91,19,6891,0,5.4666667,164
3.0666666,92,19,6892,0,5.5,165
3.1,93,19,6893,0,5.5333333,166
3.1333334,94,19,6894,0,5.5666666,167
3.1666667,95,19,6895,0,5.6,168
3.2,96,19,6896,0,5.633333,169
3.2333333,97,19,6897,0,5.6666665,170
3.2666667,98,19,6898,0,5.7,171
3.3,99,19,6899,0,5.733333,172
3.3333333,100,19,6900,0,5.766667,173
3.3666666,101,19,6901,0,5.8,174
3.4,102,19,6902,0,5.8333335,175
3.4333334,103,19,6903,0,5.866667,176
3.4666667,104,19,6904,0,5.9,177
3.5,105,19,6905,0,5.9333334,178
3.5333333,106,19,6906,0,5.9666667,179
3.5666666,107,19,6907,0,6.0,180
3.6,108,19,6908,0,6.0333333,181
3.6333334,109,19,6909,0,6.0666666,182
3.6666667,110,19,6910,0,6.1,183
3.7,111,19,6911,0,6.133333,184
3.7333333,112,19,6912,0,6.1666665,185
3.7666667,113,19,6913,0,6.2,186
3.8,114,19,6914,0,6.233333,187
3.8333333,115,19,6915,0,6.266667,188
3.8666666,116,19,6916,0,6.3,189
3.9,117,19,6917,0,6.3333335,190
3.9333334,118,19,6918,0,6.366667,191
3.9666667,119,19,6919,0,6.4,192
4.0,120,19,6920,0,6.4333334,193
4.0333333,121,19,6921,0,6.4666667,194
4.0666666,122,19,6922,0,6.5,195
4.1,123,19,6923,0,6.5333333,196
4.133333,124,19,6924,0,6.5666666,197
4.1666665,125,19,6925,0,6.6,198
4.2,126,19,6926,0,6.633333,199
4.233333,127,19,6927,0,6.6666665,200
4.266667,128,19,6928,0,6.7,201
4.3,129,19,6929,0,6.733333,202
4.3333335,130,19,6930,0,6.766667,203
4.366667,131,19,6931,0,6.8,204
4.4,132,19,6932,0,6.8333335,205
4.4333334,133,19,6933,0,6.866667,206
4.4666667,134,19,6934,0,6.9,207
4.5,135,19,6935,0,6.9333334,208
4.5333333,136,19,6936,0,6.9666667,209
4.5666666,137,19,6937,0,7.0,210
4.6,138,19,6938,0,7.0333333,211
4.633333,139,19,6939,0,7.0666666,212
4.6666665,140,19,6940,0,7.1,213
4.7,141,19,6941,0,7.133333,214
4.733333,142,19,6942,0,7.1666665,215
4.766667,143,19,6943,0,7.2,216
4.8,144,19,6944,0,7.233333,217
4.8333335,145,19,6945,0,7.266667,218
4.866667,146,19,6946,0,7.3,219
4.9,147,19,6947,0,7.3333335,220
4.9333334,148,19,6948,0,7.366667,221
4.9666667,149,19,6949,0,7.4,222
5.0,150,19,6950,0,7.4333334,223
5.0333333,151,19,6951,0,7.4666667,224
5.0666666,152,19,6952,0,7.5,225
5.1,153,19,6953,0,7.5333333,226
5.133333,154,19,6954,0,7.5666666,227
5.1666665,155,19,6955,0,7.6,228
5.2,156,19,6956,0,7.633333,229
5.233333,157,19,6957,0,7.6666665,230
5.266667,158,19,6958,0,7.7,231
5.3,159,19,6959,0,7.733333,232
5.3333335,160,19,6960,0,7.766667,233
5.366667,161,19,6961,0,7.8,234
5.4,162,19,6962,0,7.8333335,235
5.4333334,163,19,6963,0,7.866667,236
5.4666667,164,19,6964,0,7.9,237
5.5,165,19,6965,0,7.9333334,238
5.5333333,166,19,6966,0,7.9666667,239
5.5666666,167,19,6967,0,8.0,240
5.6,168,19,6968,0,8.033334,241
5.633333,169,19,6969,0,8.066667,242
5.6666665,170,19,6970,0,8.1,243
5.7,171,19,6971,0,8.133333,244
5.733333,172,19,6972,0,8.166667,245
5.766667,173,19,6973,0,8.2,246
5.8,174,19,6974,0,8.233334,247
5.8333335,175,19,6975,0,8.266666,248
5.866667,176,19,6976,0,8.3,249
5.9,177,19,6977,0,8.333333,250
5.9333334,178,19,6978,0,8.366667,251
5.9666667,179,19,6979,0,8.4,252
6.0,180,19,6980,0,8.433333,253
6.0333333,181,19,6981,0,8.466666,254
6.0666666,182,19,6982,0,8.5,255
6.1,183,19,6983,0,8.533334,256
6.133333,184,19,6984,0,8.566667,257
6.1666665,185,19,6985,0,8.6,258
6.2,186,19,6986,0,8.633333,259
6.233333,187,19,6987,0,8.666667,260
6.266667,188,19,6988,0,8.7,261
6.3,189,19,6989,0,8.733334,262
6.3333335,190,19,6990,0,8.766666,263
6.366667,191,19,6991,0,8.8,264
6.4,192,19,6992,0,8.833333,265
6.4333334,193,19,6993,0,8.866667,266
6.4666667,194,19,6994,0,8.9,267
6.5,195,19,6995,0,8.933333,268
6.5333333,196,19,6996,0,8.966666,269
6.5666666,197,19,6997,0,9.0,270
6.6,198,19,6998,0,9.033334,271
6.633333,199,19,6999,0,9.066667,272
6.6666665,200,19,7000,0,9.1,273
6.7,201,19,7001,0,9.133333,274
6.733333,202,19,7002,0,9.166667,275
6.766667,203,19,7003,0,9.2,276
6.8,204,19,7004,0,9.233334,277
6.8333335,205,19,7005,0,9.266666,278
6.866667,206,19,7006,0,9.3,279
6.9,207,19,7007,0,9.333333,280
6.9333334,208,19,7008,0,9.366667,281
6.9666667,209,19,7009,0,9.4,282
7.0,210,19,7010,0,9.433333,283
7.0333333,211,19,7011,0,9.466666,284
7.0666666,212,19,7012,0,9.5,285
7.1,213,19,7013,0,9.533334,286
7.133333,214,19,7014,0,9.566667,287
7.1666665,215,19,7015,0,9.6,288
7.2,216,19,7016,0,9.633333,289
7.233333,217,19,7017,0,9.666667,290
7.266667,218,19,7018,0,9.7,291
7.3,219,19,7019,0,9.733334,292
7.3333335,220,19,7020,0,9.766666,293
7.366667,221,19,7021,0,9.8,294
7.4,222,19,7022,0,9.833333,295
7.4333334,223,19,7023,0,9.866667,296
7.4666667,224,19,7024,0,9.9,297
7.5,225,19,7025,0,9.933333,298
7.5333333,226,19,7026,0,9.966666,299
7.5666666,227,19,7027,0,10.0,300
7.6,228,19,7028,0,10.033334,301
7.633333,229,19,7029,0,10.066667,302
7.6666665,230,19,7030,0,10.1,303
7.7,231,19,7031,0,10.133333,304
7.733333,232,19,7032,0,10.166667,305
7.766667,233,19,7033,0,10.2,306
7.8,234,19,7034,0,10.233334,307
7.8333335,235,19,7035,0,10.266666,308
7.866667,236,19,7036,0,10.3,309
7.9,237,19,7037,0,10.333333,310
7.9333334,238,19,7038,0,10.366667,311
7.9666667,239,19,7039,0,10.4,312
8.0,240,19,7040,0,10.433333,313
8.033334,241,19,7041,0,10.466666,314
8.066667,242,19,7042,0,10.5,315
8.1,243,19,7043,0,10.533334,316
8.133333,244,19,7044,0,10.566667,317
8.166667,245,19,7045,0,10.6,318
8.2,246,19,7046,0,10.633333,319
8.233334,247,19,7047,0,10.666667,320
8.266666,248,19,7048,0,10.7,321
8.3,249,19,7049,0,10.733334,322
8.333333,250,19,7050,0,10.766666,323
8.366667,251,19,7051,0,10.8,324
8.4,252,19,7052,0,10.833333,325
8.433333,253,19,7053,0,10.866667,326
8.466666,254,19,7054,0,10.9,327
8.5,255,19,7055,0,10.933333,328
8.533334,256,19,7056,0,10.966666,329
8.566667,257,19,7057,0,11.0,330
8.6,258,19,7058,0,11.033334,331
8.633333,259,19,7059,0,11.066667,332
8.666667,260,19,7060,0,11.1,333
8.7,261,19,7061,0,11.133333,334
8.733334,262,19,7062,0,11.166667,335
8.766666,263,19,7063,0,11.2,336
8.8,264,19,7064,0,11.233334,337
8.833333,265,19,7065,0,11.266666,338
8.866667,266,19,7066,0,11.3,339
8.9,267,19,7067,0,11.333333,340
8.933333,268,19,7068,0,11.366667,341
8.966666,269,19,7069,0,11.4,342
9.0,270,19,7070,0,11.433333,343
9.033334,271,19,7071,0,11.466666,344
9.066667,272,19,7072,0,11.5,345
9.1,273,19,7073,0,11.533334,346
9.133333,274,19,7074,0,11.566667,347
9.166667,275,19,7075,0,11.6,348
9.2,276,19,7076,0,11.633333,349
9.233334,277,19,7077,0,11.666667,350
9.266666,278,19,7078,0,11.7,351
9.3,279,19,7079,0,11.733334,352
9.333333,280,19,7080,0,11.766666,353
9.366667,281,19,7081,0,11.8,354
9.4,282,19,7082,0,11.833333,355
9.433333,283,19,7083,0,11.866667,356
9.466666,284,19,7084,0,11.9,357
9.5,285,19,7085,0,11.933333,358
9.533334,286,19,7086,0,11.966666,359
9.566667,287,19,7087,0,12.0,360
9.6,288,19,7088,0,12.033334,361
9.633333,289,19,7089,0,12.066667,362
9.666667,290,19,7090,0,12.1,363
9.7,291,19,7091,0,12.133333,364
9.733334,292,19,7092,0,12.166667,365
9.766666,293,19,7093,0,12.2,366
9.8,294,19,7094,0,12.233334,367
9.833333,295,19,7095,0,12.266666,368
9.866667,296,19,7096,0,12.3,369
9.9,297,19,7097,0,12.333333,370
9.933333,298,19,7098,0,12.366667,371
9.966666,299,19,7099,0,12.4,372
10.0,300,19,7100,0,12.433333,373
10.033334,301,19,7101,0,12.466666,374
10.066667,302,19,7102,0,12.5,375
10.1,303,19,7103,0,12.533334,376
10.133333,304,19,7104,0,12.566667,377
10.166667,305,19,7105,0,12.6,378
10.2,306,19,7106,0,12.633333,379
10.233334,307,19,7107,0,12.666667,380
10.266666,308,19,7108,0,12.7,381
10.3,309,19,7109,0,12.733334,382
10.333333,310,19,7110,0,12.766666,383
10.366667,311,19,7111,0,12.8,384
10.4,312,19,7112,0,12.833333,385
10.433333,313,19,7113,0,12.866667,386
10.466666,314,19,7114,0,12.9,387
10.5,315,19,7115,0,12.933333,388
10.533334,316,19,7116,0,12.966666,389
10.566667,317,19,7117,0,13.0,390
10.6,318,19,7118,0,13.033334,391
10.633333,319,19,7119,0,13.066667,392
10.666667,320,19,7120,0,13.1,393
10.7,321,19,7121,0,13.133333,394
10.733334,322,19,7122,0,13.166667,395
10.766666,323,19,7123,0,13.2,396
10.8,324,19,7124,0,13.233334,397
10.833333,325,19,7125,0,13.266666,398
10.866667,326,19,7126,0,13.3,399
10.9,327,19,7127,0,13.333333,400
10.933333,328,19,7128,0,13.366667,401
10.966666,329,19,7129,0,13.4,402
11.0,330,19,7130,0,13.433333,403
11.033334,331,19,7131,0,13.466666,404
11.066667,332,19,7132,0,13.5,405
11.1,333,19,7133,0,13.533334,406
11.133333,334,19,7134,0,13.566667,407
11.166667,335,19,7135,0,13.6,408
11.2,336,19,7136,0,13.633333,409
11.233334,337,19,7137,0,13.666667,410
11.266666,338,19,7138,0,13.7,411
11.3,339,19,7139,0,13.733334,412
11.333333,340,19,7140,0,13.766666,413
11.366667,341,19,7141,0,13.8,414
11.4,342,19,7142,0,13.833333,415
11.433333,343,19,7143,0,13.866667,416
11.466666,344,19,7144,0,13.9,417
11.5,345,19,7145,0,13.933333,418
11.533334,346,19,7146,0,13.966666,419
11.566667,347,19,7147,0,14.0,420
11.6,348,19,7148,0,14.033334,421
11.633333,349,19,7149,0,14.066667,422
11.666667,350,19,7150,0,14.1,423
11.7,351,19,7151,0,14.133333,424
11.733334,352,19,7152,0,14.166667,425
11.766666,353,19,7153,0,14.2,426
11.8,354,19,7154,0,14.233334,427
11.833333,355,19,7155,0,14.266666,428
11.866667,356,19,7156,0,14.3,429
11.9,357,19,7157,0,14.333333,430
11.933333,358,19,7158,0,14.366667,431
11.966666,359,19,7159,0,14.4,432
12.0,360,19,7160,0,14.433333,433
12.033334,361,19,7161,0,14.466666,434
12.066667,362,19,7162,0,14.5,435
12.1,363,19,7163,0,14.533334,436
12.133333,364,19,7164,0,14.566667,437
12.166667,365,19,7165,0,14.6,438
12.2,366,19,7166,0,14.633333,439
12.233334,367,19,7167,0,14.666667,440
12.266666,368,19,7168,0,14.7,441
12.3,369,19,7169,0,14.733334,442
12.333333,370,19,7170,0,14.766666,443
12.366667,371,19,7171,0,14.8,444
0.0,0,20,7172,0,0.0,0
0.033333335,1,20,7173,0,3.2,96
0.06666667,2,20,7174,0,3.2333333,97
0.1,3,20,7175,0,3.3333333,100
0.13333334,4,20,7176,0,3.3666666,101
0.16666667,5,20,7177,0,3.4,102
0.2,6,20,7178,0,3.4333334,103
0.23333333,7,20,7179,0,3.4666667,104
0.26666668,8,20,7180,0,3.5,105
0.3,9,20,7181,0,3.5333333,106
0.33333334,10,20,7182,0,3.6,108
0.36666667,11,20,7183,0,3.6333334,109
0.4,12,20,7184,0,3.6666667,110
0.43333334,13,20,7185,0,3.7,111
0.46666667,14,20,7186,0,3.7333333,112
0.5,15,20,7187,0,3.7666667,113
0.53333336,16,20,7188,0,3.8,114
0.56666666,17,20,7189,0,3.8333333,115
0.6,18,20,7190,0,3.8666666,116
0.6333333,19,20,7191,0,3.9,117
0.6666667,20,20,7192,0,3.9333334,118
0.7,21,20,7193,0,3.9666667,119
0.73333335,22,20,7194,0,4.0,120
0.76666665,23,20,7195,0,4.0333333,121
0.8,24,20,7196,0,4.0666666,122
0.8333333,25,20,7197,0,4.1,123
0.8666667,26,20,7198,0,4.133333,124
0.9,27,20,7199,0,4.1666665,125
0.93333334,28,20,7200,0,4.2,126
0.96666664,29,20,7201,0,4.233333,127
1.0,30,20,7202,0,4.266667,128
1.0333333,31,20,7203,0,4.3,129
1.0666667,32,20,7204,0,4.3333335,130
1.1,33,20,7205,0,4.366667,131
1.1333333,34,20,7206,0,4.4,132
1.1666666,35,20,7207,0,4.4333334,133
1.2,36,20,7208,0,4.4666667,134
1.2333333,37,20,7209,0,4.5,135
1.2666667,38,20,7210,0,4.5333333,136
1.3,39,20,7211,0,4.5666666,137
1.3333334,40,20,7212,0,4.6,138
1.3666667,41,20,7213,0,4.633333,139
1.4,42,20,7214,0,4.6666665,140
1.4333333,43,20,7215,0,4.7,141
1.4666667,44,20,7216,0,4.733333,142
1.5,45,20,7217,0,4.766667,143
1.5333333,46,20,7218,0,4.8,144
1.5666667,47,20,7219,0,4.8333335,145
1.6,48,20,7220,0,4.866667,146
1.6333333,49,20,7221,0,4.9,147
1.6666666,50,20,7222,0,4.9333334,148
1.7,51,20,7223,0,4.9666667,149
1.7333333,52,20,7224,0,5.0,150
1.7666667,53,20,7225,0,5.0333333,151
1.8,54,20,7226,0,5.0666666,152
1.8333334,55,20,7227,0,5.1,153
1.8666667,56,20,7228,0,5.133333,154
1.9,57,20,7229,0,5.1666665,155
1.9333333,58,20,7230,0,5.2,156
1.9666667,59,20,7231,0,5.233333,157
2.0,60,20,7232,0,5.266667,158
2.0333333,61,20,7233,0,5.3,159
2.0666666,62,20,7234,0,5.3333335,160
2.1,63,20,7235,0,5.366667,161
2.1333334,64,20,7236,0,5.4,162
2.1666667,65,20,7237,0,5.4333334,163
2.2,66,20,7238,0,5.4666667,164
2.2333333,67,20,7239,0,5.5,165
2.2666667,68,20,7240,0,5.5333333,166
2.3,69,20,7241,0,5.5666666,167
2.3333333,70,20,7242,0,5.6,168
2.3666666,71,20,7243,0,5.633333,169
2.4,72,20,7244,0,5.6666665,170
2.4333334,73,20,7245,0,5.7,171
2.4666667,74,20,7246,0,5.733333,172
2.5,75,20,7247,0,5.766667,173
2.5333333,76,20,7248,0,5.8,174
2.5666666,77,20,7249,0,5.8333335,175
2.6,78,20,7250,0,5.866667,176
2.6333334,79,20,7251,0,5.9,177
2.6666667,80,20,7252,0,5.9333334,178
2.7,81,20,7253,0,5.9666667,179
2.7333333,82,20,7254,0,6.0,180
2.7666667,83,20,7255,0,6.0333333,181
2.8,84,20,7256,0,6.0666666,182
2.8333333,85,20,7257,0,6.1,183
2.8666666,86,20,7258,0,6.133333,184
2.9,87,20,7259,0,6.1666665,185
2.9333334,88,20,7260,0,6.2,186
2.9666667,89,20,7261,0,6.233333,187
3.0,90,20,7262,0,6.266667,188
3.0333333,91,20,7263,0,6.3,189
3.0666666,92,20,7264,0,6.3333335,190
3.1,93,20,7265,0,6.366667,191
3.1333334,94,20,7266,0,6.4,192
3.1666667,95,20,7267,0,6.4333334,193
3.2,96,20,7268,0,6.4666667,194
3.2333333,97,20,7269,0,6.5,195
3.2666667,98,20,7270,0,6.5333333,196
3.3,99,20,7271,0,6.5666666,197
3.3333333,100,20,7272,0,6.6,198
3.3666666,101,20,7273,0,6.633333,199
3.4,102,20,7274,0,6.6666665,200
3.4333334,103,20,7275,0,6.7,201
3.4666667,104,20,7276,0,6.733333,202
3.5,105,20,7277,0,6.766667,203
3.5333333,106,20,7278,0,6.8,204
3.5666666,107,20,7279,0,6.8333335,205
3.6,108,20,7280,0,6.866667,206
3.6333334,109,20,7281,0,6.9,207
3.6666667,110,20,7282,0,6.9333334,208
3.7,111,20,7283,0,6.9666667,209
3.7333333,112,20,7284,0,7.0,210
3.7666667,113,20,7285,0,7.0333333,211
3.8,114,20,7286,0,7.0666666,212
3.8333333,115,20,7287,0,7.1,213
3.8666666,116,20,7288,0,7.133333,214
3.9,117,20,7289,0,7.1666665,215
3.9333334,118,20,7290,0,7.2,216
3.9666667,119,20,7291,0,7.233333,217
4.0,120,20,7292,0,7.266667,218
4.0333333,121,20,7293,0,7.3,219
4.0666666,122,20,7294,0,7.3333335,220
4.1,123,20,7295,0,7.366667,221
4.133333,124,20,7296,0,7.4,222
4.1666665,125,20,7297,0,7.4333334,223
4.2,126,20,7298,0,7.4666667,224
4.233333,127,20,7299,0,7.5,225
4.266667,128,20,7300,0,7.5333333,226
4.3,129,20,7301,0,7.5666666,227
4.3333335,130,20,7302,0,7.6,228
4.366667,131,20,7303,0,7.633333,229
4.4,132,20,7304,0,7.6666665,230
4.4333334,133,20,7305,0,7.7,231
4.4666667,134,20,7306,0,7.733333,232
4.5,135,20,7307,0,7.766667,233
4.5333333,136,20,7308,0,7.8,234
4.5666666,137,20,7309,0,7.8333335,235
4.6,138,20,7310,0,7.866667,236
4.633333,139,20,7311,0,7.9,237
4.6666665,140,20,7312,0,7.9333334,238
4.7,141,20,7313,0,7.9666667,239
4.733333,142,20,7314,0,8.0,240
4.766667,143,20,7315,0,8.033334,241
4.8,144,20,7316,0,8.066667,242
4.8333335,145,20,7317,0,8.1,243
4.866667,146,20,7318,0,8.133333,244
4.9,147,20,7319,0,8.166667,245
4.9333334,148,20,7320,0,8.2,246
4.9666667,149,20,7321,0,8.233334,247
5.0,150,20,7322,0,8.266666,248
5.0333333,151,20,7323,0,8.3,249
5.0666666,152,20,7324,0,8.333333,250
5.1,153,20,7325,0,8.366667,251
5.133333,154,20,7326,0,8.4,252
5.1666665,155,20,7327,0,8.433333,253
5.2,156,20,7328,0,8.466666,254
5.233333,157,20,7329,0,8.5,255
5.266667,158,20,7330,0,8.533334,256
5.3,159,20,7331,0,8.566667,257
5.3333335,160,20,7332,0,8.6,258
5.366667,161,20,7333,0,8.633333,259
5.4,162,20,7334,0,8.666667,260
5.4333334,163,20,7335,0,8.7,261
5.4666667,164,20,7336,0,8.733334,262
5.5,165,20,7337,0,8.766666,263
5.5333333,166,20,7338,0,8.8,264
5.5666666,167,20,7339,0,8.833333,265
5.6,168,20,7340,0,8.866667,266
5.633333,169,20,7341,0,8.9,267
5.6666665,170,20,7342,0,8.933333,268
5.7,171,20,7343,0,8.966666,269
5.733333,172,20,7344,0,9.0,270
5.766667,173,20,7345,0,9.033334,271
5.8,174,20,7346,0,9.066667,272
5.8333335,175,20,7347,0,9.1,273
5.866667,176,20,7348,0,9.133333,274
5.9,177,20,7349,0,9.166667,275
5.9333334,178,20,7350,0,9.2,276
5.9666667,179,20,7351,0,9.233334,277
6.0,180,20,7352,0,9.266666,278
6.0333333,181,20,7353,0,9.3,279
6.0666666,182,20,7354,0,9.333333,280
6.1,183,20,7355,0,9.366667,281
6.133333,184,20,7356,0,9.4,282
6.1666665,185,20,7357,0,9.433333,283
6.2,186,20,7358,0,9.466666,284
6.233333,187,20,7359,0,9.5,285
6.266667,188,20,7360,0,9.533334,286
6.3,189,20,7361,0,9.566667,287
6.3333335,190,20,7362,0,9.6,288
6.366667,191,20,7363,0,9.633333,289
6.4,192,20,7364,0,9.666667,290
6.4333334,193,20,7365,0,9.7,291
6.4666667,194,20,7366,0,9.733334,292
6.5,195,20,7367,0,9.766666,293
6.5333333,196,20,7368,0,9.8,294
6.5666666,197,20,7369,0,9.833333,295
6.6,198,20,7370,0,9.866667,296
6.633333,199,20,7371,0,9.9,297
6.6666665,200,20,7372,0,9.933333,298
6.7,201,20,7373,0,9.966666,299
6.733333,202,20,7374,0,10.0,300
6.766667,203,20,7375,0,10.033334,301
6.8,204,20,7376,0,10.066667,302
6.8333335,205,20,7377,0,10.1,303
6.866667,206,20,7378,0,10.133333,304
6.9,207,20,7379,0,10.166667,305
6.9333334,208,20,7380,0,10.2,306
6.9666667,209,20,7381,0,10.233334,307
7.0,210,20,7382,0,10.266666,308
7.0333333,211,20,7383,0,10.3,309
7.0666666,212,20,7384,0,10.333333,310
7.1,213,20,7385,0,10.366667,311
7.133333,214,20,7386,0,10.4,312
7.1666665,215,20,7387,0,10.433333,313
7.2,216,20,7388,0,10.466666,314
7.233333,217,20,7389,0,10.5,315
7.266667,218,20,7390,0,10.533334,316
7.3,219,20,7391,0,10.566667,317
7.3333335,220,20,7392,0,10.6,318
7.366667,221,20,7393,0,10.633333,319
7.4,222,20,7394,0,10.666667,320
7.4333334,223,20,7395,0,10.7,321
7.4666667,224,20,7396,0,10.733334,322
7.5,225,20,7397,0,10.766666,323
7.5333333,226,20,7398,0,10.8,324
7.5666666,227,20,7399,0,10.833333,325
7.6,228,20,7400,0,10.866667,326
7.633333,229,20,7401,0,10.9,327
7.6666665,230,20,7402,0,10.933333,328
7.7,231,20,7403,0,10.966666,329
7.733333,232,20,7404,0,11.0,330
7.766667,233,20,7405,0,11.033334,331
7.8,234,20,7406,0,11.066667,332
7.8333335,235,20,7407,0,11.1,333
7.866667,236,20,7408,0,11.133333,334
7.9,237,20,7409,0,11.166667,335
7.9333334,238,20,7410,0,11.2,336
7.9666667,239,20,7411,0,11.233334,337
8.0,240,20,7412,0,11.266666,338
8.033334,241,20,7413,0,11.3,339
8.066667,242,20,7414,0,11.333333,340
8.1,243,20,7415,0,11.366667,341
8.133333,244,20,7416,0,11.4,342
8.166667,245,20,7417,0,11.433333,343
8.2,246,20,7418,0,11.466666,344
8.233334,247,20,7419,0,11.5,345
8.266666,248,20,7420,0,11.533334,346
8.3,249,20,7421,0,11.566667,347
8.333333,250,20,7422,0,11.6,348
8.366667,251,20,7423,0,11.633333,349
8.4,252,20,7424,0,11.666667,350
8.433333,253,20,7425,0,11.7,351
8.466666,254,20,7426,0,11.733334,352
8.5,255,20,7427,0,11.766666,353
8.533334,256,20,7428,0,11.8,354
8.566667,257,20,7429,0,11.833333,355
8.6,258,20,7430,0,11.866667,356
8.633333,259,20,7431,0,11.9,357
8.666667,260,20,7432,0,11.933333,358
8.7,261,20,7433,0,11.966666,359
8.733334,262,20,7434,0,12.0,360
8.766666,263,20,7435,0,12.033334,361
8.8,264,20,7436,0,12.066667,362
8.833333,265,20,7437,0,12.1,363
8.866667,266,20,7438,0,12.133333,364
8.9,267,20,7439,0,12.166667,365
8.933333,268,20,7440,0,12.2,366
8.966666,269,20,7441,0,12.233334,367
9.0,270,20,7442,0,12.266666,368
9.033334,271,20,7443,0,12.3,369
9.066667,272,20,7444,0,12.333333,370
9.1,273,20,7445,0,12.366667,371
9.133333,274,20,7446,0,12.4,372
9.166667,275,20,7447,0,12.433333,373
9.2,276,20,7448,0,12.466666,374
9.233334,277,20,7449,0,12.5,375
9.266666,278,20,7450,0,12.533334,376
9.3,279,20,7451,0,12.566667,377
9.333333,280,20,7452,0,12.6,378
9.366667,281,20,7453,0,12.633333,379
9.4,282,20,7454,0,12.666667,380
9.433333,283,20,7455,0,12.7,381
9.466666,284,20,7456,0,12.733334,382
9.5,285,20,7457,0,12.766666,383
9.533334,286,20,7458,0,12.8,384
9.566667,287,20,7459,0,12.833333,385
9.6,288,20,7460,0,12.866667,386
9.633333,289,20,7461,0,12.9,387
9.666667,290,20,7462,0,12.933333,388
9.7,291,20,7463,0,12.966666,389
9.733334,292,20,7464,0,13.0,390
9.766666,293,20,7465,0,13.033334,391
9.8,294,20,7466,0,13.066667,392
9.833333,295,20,7467,0,13.1,393
9.866667,296,20,7468,0,13.133333,394
9.9,297,20,7469,0,13.166667,395
9.933333,298,20,7470,0,13.2,396
9.966666,299,20,7471,0,13.233334,397
10.0,300,20,7472,0,13.266666,398
10.033334,301,20,7473,0,13.3,399
10.066667,302,20,7474,0,13.333333,400
10.1,303,20,7475,0,13.366667,401
10.133333,304,20,7476,0,13.4,402
10.166667,305,20,7477,0,13.433333,403
10.2,306,20,7478,0,13.466666,404
10.233334,307,20,7479,0,13.5,405
10.266666,308,20,7480,0,13.533334,406
10.3,309,20,7481,0,13.566667,407
10.333333,310,20,7482,0,13.6,408
10.366667,311,20,7483,0,13.633333,409
10.4,312,20,7484,0,13.666667,410
10.433333,313,20,7485,0,13.7,411
10.466666,314,20,7486,0,13.733334,412
10.5,315,20,7487,0,13.766666,413
10.533334,316,20,7488,0,13.8,414
10.566667,317,20,7489,0,13.833333,415
10.6,318,20,7490,0,13.866667,416
10.633333,319,20,7491,0,13.9,417
10.666667,320,20,7492,0,13.933333,418
10.7,321,20,7493,0,13.966666,419
10.733334,322,20,7494,0,14.0,420
10.766666,323,20,7495,0,14.033334,421
10.8,324,20,7496,0,14.066667,422
10.833333,325,20,7497,0,14.1,423
10.866667,326,20,7498,0,14.133333,424
10.9,327,20,7499,0,14.166667,425
10.933333,328,20,7500,0,14.2,426
10.966666,329,20,7501,0,14.233334,427
11.0,330,20,7502,0,14.266666,428
11.033334,331,20,7503,0,14.3,429
11.066667,332,20,7504,0,14.333333,430
11.1,333,20,7505,0,14.366667,431
11.133333,334,20,7506,0,14.4,432
11.166667,335,20,7507,0,14.433333,433
11.2,336,20,7508,0,14.466666,434
11.233334,337,20,7509,0,14.5,435
11.266666,338,20,7510,0,14.533334,436
11.3,339,20,7511,0,14.566667,437
11.333333,340,20,7512,0,14.6,438
11.366667,341,20,7513,0,14.633333,439
11.4,342,20,7514,0,14.666667,440
11.433333,343,20,7515,0,14.7,441
11.466666,344,20,7516,0,14.733334,442
11.5,345,20,7517,0,14.766666,443
11.533334,346,20,7518,0,14.8,444
11.566667,347,20,7519,0,14.833333,445
11.6,348,20,7520,0,14.866667,446
11.633333,349,20,7521,0,14.966666,449
11.666667,350,20,7522,0,15.0,450
11.7,351,20,7523,0,15.066667,452
11.733334,352,20,7524,0,15.133333,454
0.0,0,21,7525,0,0.0,0
0.033333335,1,21,7526,0,1.6333333,49
0.06666667,2,21,7527,0,1.6666666,50
0.1,3,21,7528,0,1.7666667,53
0.13333334,4,21,7529,0,1.8,54
0.16666667,5,21,7530,0,1.9,57
0.2,6,21,7531,0,2.0,60
0.23333333,7,21,7532,0,2.0333333,61
0.26666668,8,21,7533,0,2.0666666,62
0.3,9,21,7534,0,2.1,63
0.33333334,10,21,7535,0,2.1333334,64
0.36666667,11,21,7536,0,2.1666667,65
0.4,12,21,7537,0,2.2,66
0.43333334,13,21,7538,0,2.2333333,67
0.46666667,14,21,7539,0,2.2666667,68
0.5,15,21,7540,0,2.3,69
0.53333336,16,21,7541,0,2.3666666,71
0.56666666,17,21,7542,0,2.4,72
0.6,18,21,7543,0,2.4333334,73
0.6333333,19,21,7544,0,2.4666667,74
0.6666667,20,21,7545,0,2.5,75
0.7,21,21,7546,0,2.5333333,76
0.73333335,22,21,7547,0,2.5666666,77
0.76666665,23,21,7548,0,2.6,78
0.8,24,21,7549,0,2.6333334,79
0.8333333,25,21,7550,0,2.6666667,80
0.8666667,26,21,7551,0,2.7,81
0.9,27,21,7552,0,2.7333333,82
0.93333334,28,21,7553,0,2.7666667,83
0.96666664,29,21,7554,0,2.8,84
1.0,30,21,7555,0,2.8333333,85
1.0333333,31,21,7556,0,2.8666666,86
1.0666667,32,21,7557,0,2.9,87
1.1,33,21,7558,0,2.9333334,88
1.1333333,34,21,7559,0,2.9666667,89
1.1666666,35,21,7560,0,3.0,90
1.2,36,21,7561,0,3.0333333,91
1.2333333,37,21,7562,0,3.0666666,92
1.2666667,38,21,7563,0,3.1,93
1.3,39,21,7564,0,3.1333334,94
1.3333334,40,21,7565,0,3.1666667,95
1.3666667,41,21,7566,0,3.2,96
1.4,42,21,7567,0,3.2333333,97
1.4333333,43,21,7568,0,3.2666667,98
1.4666667,44,21,7569,0,3.3,99
1.5,45,21,7570,0,3.3333333,100
1.5333333,46,21,7571,0,3.3666666,101
1.5666667,47,21,7572,0,3.4,102
1.6,48,21,7573,0,3.4333334,103
1.6333333,49,21,7574,0,3.4666667,104
1.6666666,50,21,7575,0,3.5,105
1.7,51,21,7576,0,3.5333333,106
1.7333333,52,21,7577,0,3.5666666,107
1.7666667,53,21,7578,0,3.6,108
1.8,54,21,7579,0,3.6333334,109
1.8333334,55,21,7580,0,3.6666667,110
1.8666667,56,21,7581,0,3.7,111
1.9,57,21,7582,0,3.7333333,112
1.9333333,58,21,7583,0,3.7666667,113
1.9666667,59,21,7584,0,3.8,114
2.0,60,21,7585,0,3.8333333,115
2.0333333,61,21,7586,0,3.8666666,116
2.0666666,62,21,7587,0,3.9,117
2.1,63,21,7588,0,3.9333334,118
2.1333334,64,21,7589,0,3.9666667,119
2.1666667,65,21,7590,0,4.0,120
2.2,66,21,7591,0,4.0333333,121
2.2333333,67,21,7592,0,4.0666666,122
2.2666667,68,21,7593,0,4.1,123
2.3,69,21,7594,0,4.133333,124
2.3333333,70,21,7595,0,4.1666665,125
2.3666666,71,21,7596,0,4.2,126
2.4,72,21,7597,0,4.233333,127
2.4333334,73,21,7598,0,4.266667,128
2.4666667,74,21,7599,0,4.3,129
2.5,75,21,7600,0,4.3333335,130
2.5333333,76,21,7601,0,4.366667,131
2.5666666,77,21,7602,0,4.4,132
2.6,78,21,7603,0,4.4333334,133
2.6333334,79,21,7604,0,4.4666667,134
2.6666667,80,21,7605,0,4.5,135
2.7,81,21,7606,0,4.5333333,136
2.7333333,82,21,7607,0,4.5666666,137
2.7666667,83,21,7608,0,4.6,138
2.8,84,21,7609,0,4.633333,139
2.8333333,85,21,7610,0,4.6666665,140
2.8666666,86,21,7611,0,4.7,141
2.9,87,21,7612,0,4.733333,142
2.9333334,88,21,7613,0,4.766667,143
2.9666667,89,21,7614,0,4.8,144
3.0,90,21,7615,0,4.8333335,145
3.0333333,91,21,7616,0,4.866667,146
3.0666666,92,21,7617,0,4.9,147
3.1,93,21,7618,0,4.9333334,148
3.1333334,94,21,7619,0,4.9666667,149
3.1666667,95,21,7620,0,5.0,150
3.2,96,21,7621,0,5.0333333,151
3.2333333,97,21,7622,0,5.0666666,152
3.2666667,98,21,7623,0,5.1,153
3.3,99,21,7624,0,5.133333,154
3.3333333,100,21,7625,0,5.1666665,155
3.3666666,101,21,7626,0,5.2,156
3.4,102,21,7627,0,5.233333,157
3.4333334,103,21,7628,0,5.266667,158
3.4666667,104,21,7629,0,5.3,159
3.5,105,21,7630,0,5.3333335,160
3.5333333,106,21,7631,0,5.366667,161
3.5666666,107,21,7632,0,5.4,162
3.6,108,21,7633,0,5.4333334,163
3.6333334,109,21,7634,0,5.4666667,164
3.6666667,110,21,7635,0,5.5,165
3.7,111,21,7636,0,5.5333333,166
3.7333333,112,21,7637,0,5.5666666,167
3.7666667,113,21,7638,0,5.6,168
3.8,114,21,7639,0,5.633333,169
3.8333333,115,21,7640,0,5.6666665,170
3.8666666,116,21,7641,0,5.7,171
3.9,117,21,7642,0,5.733333,172
3.9333334,118,21,7643,0,5.766667,173
3.9666667,119,21,7644,0,5.8,174
4.0,120,21,7645,0,5.8333335,175
4.0333333,121,21,7646,0,5.866667,176
4.0666666,122,21,7647,0,5.9,177
4.1,123,21,7648,0,5.9333334,178
4.133333,124,21,7649,0,5.9666667,179
4.1666665,125,21,7650,0,6.0,180
4.2,126,21,7651,0,6.0333333,181
4.233333,127,21,7652,0,6.0666666,182
4.266667,128,21,7653,0,6.1,183
4.3,129,21,7654,0,6.133333,184
4.3333335,130,21,7655,0,6.1666665,185
4.366667,131,21,7656,0,6.2,186
4.4,132,21,7657,0,6.233333,187
4.4333334,133,21,7658,0,6.266667,188
4.4666667,134,21,7659,0,6.3,189
4.5,135,21,7660,0,6.3333335,190
4.5333333,136,21,7661,0,6.366667,191
4.5666666,137,21,7662,0,6.4,192
4.6,138,21,7663,0,6.4333334,193
4.633333,139,21,7664,0,6.4666667,194
4.6666665,140,21,7665,0,6.5,195
4.7,141,21,7666,0,6.5333333,196
4.733333,142,21,7667,0,6.5666666,197
4.766667,143,21,7668,0,6.6,198
4.8,144,21,7669,0,6.633333,199
4.8333335,145,21,7670,0,6.6666665,200
4.866667,146,21,7671,0,6.7,201
4.9,147,21,7672,0,6.733333,202
4.9333334,148,21,7673,0,6.766667,203
4.9666667,149,21,7674,0,6.8,204
5.0,150,21,7675,0,6.8333335,205
5.0333333,151,21,7676,0,6.866667,206
5.0666666,152,21,7677,0,6.9,207
5.1,153,21,7678,0,6.9333334,208
5.133333,154,21,7679,0,6.9666667,209
5.1666665,155,21,7680,0,7.0,210
5.2,156,21,7681,0,7.0333333,211
5.233333,157,21,7682,0,7.0666666,212
5.266667,158,21,7683,0,7.1,213
5.3,159,21,7684,0,7.133333,214
5.3333335,160,21,7685,0,7.1666665,215
5.366667,161,21,7686,0,7.2,216
5.4,162,21,7687,0,7.233333,217
5.4333334,163,21,7688,0,7.266667,218
5.4666667,164,21,7689,0,7.3,219
5.5,165,21,7690,0,7.3333335,220
5.5333333,166,21,7691,0,7.366667,221
5.5666666,167,21,7692,0,7.4,222
5.6,168,21,7693,0,7.4333334,223
5.633333,169,21,7694,0,7.4666667,224
5.6666665,170,21,7695,0,7.5,225
5.7,171,21,7696,0,7.5333333,226
5.733333,172,21,7697,0,7.5666666,227
5.766667,173,21,7698,0,7.6,228
5.8,174,21,7699,0,7.633333,229
5.8333335,175,21,7700,0,7.6666665,230
5.866667,176,21,7701,0,7.7,231
5.9,177,21,7702,0,7.733333,232
5.9333334,178,21,7703,0,7.766667,233
5.9666667,179,21,7704,0,7.8,234
6.0,180,21,7705,0,7.8333335,235
6.0333333,181,21,7706,0,7.866667,236
6.0666666,182,21,7707,0,7.9,237
6.1,183,21,7708,0,7.9333334,238
6.133333,184,21,7709,0,7.9666667,239
6.1666665,185,21,7710,0,8.0,240
6.2,186,21,7711,0,8.033334,241
6.233333,187,21,7712,0,8.066667,242
6.266667,188,21,7713,0,8.1,243
6.3,189,21,7714,0,8.133333,244
6.3333335,190,21,7715,0,8.166667,245
6.366667,191,21,7716,0,8.2,246
6.4,192,21,7717,0,8.233334,247
6.4333334,193,21,7718,0,8.266666,248
6.4666667,194,21,7719,0,8.3,249
6.5,195,21,7720,0,8.333333,250
6.5333333,196,21,7721,0,8.366667,251
6.5666666,197,21,7722,0,8.4,252
6.6,198,21,7723,0,8.433333,253
6.633333,199,21,7724,0,8.466666,254
6.6666665,200,21,7725,0,8.5,255
6.7,201,21,7726,0,8.533334,256
6.733333,202,21,7727,0,8.566667,257
6.766667,203,21,7728,0,8.6,258
6.8,204,21,7729,0,8.633333,259
6.8333335,205,21,7730,0,8.666667,260
6.866667,206,21,7731,0,8.7,261
6.9,207,21,7732,0,8.733334,262
6.9333334,208,21,7733,0,8.766666,263
6.9666667,209,21,7734,0,8.8,264
7.0,210,21,7735,0,8.833333,265
7.0333333,211,21,7736,0,8.866667,266
7.0666666,212,21,7737,0,8.9,267
7.1,213,21,7738,0,8.933333,268
7.133333,214,21,7739,0,8.966666,269
7.1666665,215,21,7740,0,9.0,270
7.2,216,21,7741,0,9.033334,271
7.233333,217,21,7742,0,9.066667,272
7.266667,218,21,7743,0,9.1,273
7.3,219,21,7744,0,9.133333,274
7.3333335,220,21,7745,0,9.166667,275
7.366667,221,21,7746,0,9.2,276
7.4,222,21,7747,0,9.233334,277
7.4333334,223,21,7748,0,9.266666,278
7.4666667,224,21,7749,0,9.3,279
7.5,225,21,7750,0,9.333333,280
7.5333333,226,21,7751,0,9.366667,281
7.5666666,227,21,7752,0,9.4,282
7.6,228,21,7753,0,9.433333,283
7.633333,229,21,7754,0,9.466666,284
7.6666665,230,21,7755,0,9.5,285
7.7,231,21,7756,0,9.533334,286
7.733333,232,21,7757,0,9.566667,287
7.766667,233,21,7758,0,9.6,288
7.8,234,21,7759,0,9.633333,289
7.8333335,235,21,7760,0,9.666667,290
7.866667,236,21,7761,0,9.7,291
7.9,237,21,7762,0,9.733334,292
7.9333334,238,21,7763,0,9.766666,293
7.9666667,239,21,7764,0,9.8,294
8.0,240,21,7765,0,9.833333,295
8.033334,241,21,7766,0,9.866667,296
8.066667,242,21,7767,0,9.9,297
8.1,243,21,7768,0,9.933333,298
8.133333,244,21,7769,0,9.966666,299
8.166667,245,21,7770,0,10.0,300
8.2,246,21,7771,0,10.033334,301
8.233334,247,21,7772,0,10.066667,302
8.266666,248,21,7773,0,10.1,303
8.3,249,21,7774,0,10.133333,304
8.333333,250,21,7775,0,10.166667,305
8.366667,251,21,7776,0,10.2,306
8.4,252,21,7777,0,10.233334,307
8.433333,253,21,7778,0,10.266666,308
8.466666,254,21,7779,0,10.3,309
8.5,255,21,7780,0,10.333333,310
8.533334,256,21,7781,0,10.366667,311
8.566667,257,21,7782,0,10.4,312
8.6,258,21,7783,0,10.433333,313
8.633333,259,21,7784,0,10.466666,314
8.666667,260,21,7785,0,10.5,315
8.7,261,21,7786,0,10.533334,316
8.733334,262,21,7787,0,10.566667,317
8.766666,263,21,7788,0,10.6,318
8.8,264,21,7789,0,10.633333,319
8.833333,265,21,7790,0,10.666667,320
8.866667,266,21,7791,0,10.7,321
8.9,267,21,7792,0,10.733334,322
8.933333,268,21,7793,0,10.766666,323
8.966666,269,21,7794,0,10.8,324
9.0,270,21,7795,0,10.833333,325
9.033334,271,21,7796,0,10.866667,326
9.066667,272,21,7797,0,10.9,327
9.1,273,21,7798,0,10.933333,328
9.133333,274,21,7799,0,10.966666,329
9.166667,275,21,7800,0,11.0,330
9.2,276,21,7801,0,11.033334,331
9.233334,277,21,7802,0,11.066667,332
9.266666,278,21,7803,0,11.1,333
9.3,279,21,7804,0,11.133333,334
9.333333,280,21,7805,0,11.166667,335
9.366667,281,21,7806,0,11.2,336
9.4,282,21,7807,0,11.233334,337
9.433333,283,21,7808,0,11.266666,338
9.466666,284,21,7809,0,11.3,339
9.5,285,21,7810,0,11.333333,340
9.533334,286,21,7811,0,11.366667,341
9.566667,287,21,7812,0,11.4,342
9.6,288,21,7813,0,11.433333,343
9.633333,289,21,7814,0,11.466666,344
9.666667,290,21,7815,0,11.5,345
9.7,291,21,7816,0,11.533334,346
9.733334,292,21,7817,0,11.566667,347
9.766666,293,21,7818,0,11.6,348
9.8,294,21,7819,0,11.633333,349
9.833333,295,21,7820,0,11.666667,350
9.866667,296,21,7821,0,11.7,351
9.9,297,21,7822,0,11.733334,352
9.933333,298,21,7823,0,11.766666,353
9.966666,299,21,7824,0,11.8,354
10.0,300,21,7825,0,11.833333,355
10.033334,301,21,7826,0,11.866667,356
10.066667,302,21,7827,0,11.9,357
10.1,303,21,7828,0,11.933333,358
10.133333,304,21,7829,0,11.966666,359
10.166667,305,21,7830,0,12.0,360
10.2,306,21,7831,0,12.033334,361
10.233334,307,21,7832,0,12.066667,362
10.266666,308,21,7833,0,12.1,363
10.3,309,21,7834,0,12.133333,364
10.333333,310,21,7835,0,12.166667,365
10.366667,311,21,7836,0,12.2,366
10.4,312,21,7837,0,12.233334,367
10.433333,313,21,7838,0,12.266666,368
10.466666,314,21,7839,0,12.3,369
10.5,315,21,7840,0,12.333333,370
10.533334,316,21,7841,0,12.366667,371
10.566667,317,21,7842,0,12.4,372
10.6,318,21,7843,0,12.433333,373
10.633333,319,21,7844,0,12.466666,374
10.666667,320,21,7845,0,12.5,375
10.7,321,21,7846,0,12.533334,376
10.733334,322,21,7847,0,12.566667,377
10.766666,323,21,7848,0,12.6,378
10.8,324,21,7849,0,12.633333,379
10.833333,325,21,7850,0,12.666667,380
10.866667,326,21,7851,0,12.7,381
10.9,327,21,7852,0,12.733334,382
10.933333,328,21,7853,0,12.766666,383
10.966666,329,21,7854,0,12.8,384
11.0,330,21,7855,0,12.833333,385
11.033334,331,21,7856,0,12.866667,386
11.066667,332,21,7857,0,12.9,387
11.1,333,21,7858,0,12.933333,388
11.133333,334,21,7859,0,13.033334,391
11.166667,335,21,7860,0,13.066667,392
11.2,336,21,7861,0,13.1,393
11.233334,337,21,7862,0,13.133333,394
11.266666,338,21,7863,0,13.166667,395
11.3,339,21,7864,0,13.266666,398
11.333333,340,21,7865,0,13.3,399
11.366667,341,21,7866,0,13.333333,400
11.4,342,21,7867,0,13.366667,401
11.433333,343,21,7868,0,13.4,402
11.466666,344,21,7869,0,13.433333,403
11.5,345,21,7870,0,13.466666,404
11.533334,346,21,7871,0,13.5,405
11.566667,347,21,7872,0,13.533334,406
11.6,348,21,7873,0,13.566667,407
11.633333,349,21,7874,0,13.6,408
11.666667,350,21,7875,0,13.633333,409
11.7,351,21,7876,0,13.666667,410
11.733334,352,21,7877,0,13.733334,412
11.766666,353,21,7878,0,13.766666,413
0.0,0,22,7879,0,0.0,0
0.033333335,1,22,7880,0,2.5666666,77
0.06666667,2,22,7881,0,2.6,78
0.1,3,22,7882,0,2.6333334,79
0.13333334,4,22,7883,0,2.7,81
0.16666667,5,22,7884,0,2.7333333,82
0.2,6,22,7885,0,2.7666667,83
0.23333333,7,22,7886,0,2.8,84
0.26666668,8,22,7887,0,2.8333333,85
0.3,9,22,7888,0,2.8666666,86
0.33333334,10,22,7889,0,2.9,87
0.36666667,11,22,7890,0,2.9333334,88
0.4,12,22,7891,0,2.9666667,89
0.43333334,13,22,7892,0,3.0,90
0.46666667,14,22,7893,0,3.0333333,91
0.5,15,22,7894,0,3.0666666,92
0.53333336,16,22,7895,0,3.1,93
0.56666666,17,22,7896,0,3.1333334,94
0.6,18,22,7897,0,3.1666667,95
0.6333333,19,22,7898,0,3.2,96
0.6666667,20,22,7899,0,3.2333333,97
0.7,21,22,7900,0,3.2666667,98
0.73333335,22,22,7901,0,3.3,99
0.76666665,23,22,7902,0,3.3333333,100
0.8,24,22,7903,0,3.3666666,101
0.8333333,25,22,7904,0,3.4,102
0.8666667,26,22,7905,0,3.4333334,103
0.9,27,22,7906,0,3.4666667,104
0.93333334,28,22,7907,0,3.5,105
0.96666664,29,22,7908,0,3.5333333,106
1.0,30,22,7909,0,3.5666666,107
1.0333333,31,22,7910,0,3.6,108
1.0666667,32,22,7911,0,3.6333334,109
1.1,33,22,7912,0,3.6666667,110
1.1333333,34,22,7913,0,3.7,111
1.1666666,35,22,7914,0,3.7333333,112
1.2,36,22,7915,0,3.7666667,113
1.2333333,37,22,7916,0,3.8,114
1.2666667,38,22,7917,0,3.8333333,115
1.3,39,22,7918,0,3.8666666,116
1.3333334,40,22,7919,0,3.9,117
1.3666667,41,22,7920,0,3.9333334,118
1.4,42,22,7921,0,3.9666667,119
1.4333333,43,22,7922,0,4.0,120
1.4666667,44,22,7923,0,4.0333333,121
1.5,45,22,7924,0,4.0666666,122
1.5333333,46,22,7925,0,4.1,123
1.5666667,47,22,7926,0,4.133333,124
1.6,48,22,7927,0,4.1666665,125
1.6333333,49,22,7928,0,4.2,126
1.6666666,50,22,7929,0,4.233333,127
1.7,51,22,7930,0,4.266667,128
1.7333333,52,22,7931,0,4.3,129
1.7666667,53,22,7932,0,4.3333335,130
1.8,54,22,7933,0,4.366667,131
1.8333334,55,22,7934,0,4.4,132
1.8666667,56,22,7935,0,4.4333334,133
1.9,57,22,7936,0,4.4666667,134
1.9333333,58,22,7937,0,4.5,135
1.9666667,59,22,7938,0,4.5333333,136
2.0,60,22,7939,0,4.5666666,137
2.0333333,61,22,7940,0,4.6,138
2.0666666,62,22,7941,0,4.633333,139
2.1,63,22,7942,0,4.6666665,140
2.1333334,64,22,7943,0,4.7,141
2.1666667,65,22,7944,0,4.733333,142
2.2,66,22,7945,0,4.766667,143
2.2333333,67,22,7946,0,4.8,144
2.2666667,68,22,7947,0,4.8333335,145
2.3,69,22,7948,0,4.866667,146
2.3333333,70,22,7949,0,4.9,147
2.3666666,71,22,7950,0,4.9333334,148
2.4,72,22,7951,0,4.9666667,149
2.4333334,73,22,7952,0,5.0,150
2.4666667,74,22,7953,0,5.0333333,151
2.5,75,22,7954,0,5.0666666,152
2.5333333,76,22,7955,0,5.1,153
2.5666666,77,22,7956,0,5.133333,154
2.6,78,22,7957,0,5.1666665,155
2.6333334,79,22,7958,0,5.2,156
2.6666667,80,22,7959,0,5.233333,157
2.7,81,22,7960,0,5.266667,158
2.7333333,82,22,7961,0,5.3,159
2.7666667,83,22,7962,0,5.3333335,160
2.8,84,22,7963,0,5.366667,161
2.8333333,85,22,7964,0,5.4,162
2.8666666,86,22,7965,0,5.4333334,163
2.9,87,22,7966,0,5.4666667,164
2.9333334,88,22,7967,0,5.5,165
2.9666667,89,22,7968,0,5.5333333,166
3.0,90,22,7969,0,5.5666666,167
3.0333333,91,22,7970,0,5.6,168
3.0666666,92,22,7971,0,5.633333,169
3.1,93,22,7972,0,5.6666665,170
3.1333334,94,22,7973,0,5.7,171
3.1666667,95,22,7974,0,5.733333,172
3.2,96,22,7975,0,5.766667,173
3.2333333,97,22,7976,0,5.8,174
3.2666667,98,22,7977,0,5.8333335,175
3.3,99,22,7978,0,5.866667,176
3.3333333,100,22,7979,0,5.9,177
3.3666666,101,22,7980,0,5.9333334,178
3.4,102,22,7981,0,5.9666667,179
3.4333334,103,22,7982,0,6.0,180
3.4666667,104,22,7983,0,6.0333333,181
3.5,105,22,7984,0,6.0666666,182
3.5333333,106,22,7985,0,6.1,183
3.5666666,107,22,7986,0,6.133333,184
3.6,108,22,7987,0,6.1666665,185
3.6333334,109,22,7988,0,6.2,186
3.6666667,110,22,7989,0,6.233333,187
3.7,111,22,7990,0,6.266667,188
3.7333333,112,22,7991,0,6.3,189
3.7666667,113,22,7992,0,6.3333335,190
3.8,114,22,7993,0,6.366667,191
3.8333333,115,22,7994,0,6.4,192
3.8666666,116,22,7995,0,6.4333334,193
3.9,117,22,7996,0,6.4666667,194
3.9333334,118,22,7997,0,6.5,195
3.9666667,119,22,7998,0,6.5333333,196
4.0,120,22,7999,0,6.5666666,197
4.0333333,121,22,8000,0,6.6,198
4.0666666,122,22,8001,0,6.633333,199
4.1,123,22,8002,0,6.6666665,200
4.133333,124,22,8003,0,6.7,201
4.1666665,125,22,8004,0,6.733333,202
4.2,126,22,8005,0,6.766667,203
4.233333,127,22,8006,0,6.8,204
4.266667,128,22,8007,0,6.8333335,205
4.3,129,22,8008,0,6.866667,206
4.3333335,130,22,8009,0,6.9,207
4.366667,131,22,8010,0,6.9333334,208
4.4,132,22,8011,0,6.9666667,209
4.4333334,133,22,8012,0,7.0,210
4.4666667,134,22,8013,0,7.0333333,211
4.5,135,22,8014,0,7.0666666,212
4.5333333,136,22,8015,0,7.1,213
4.5666666,137,22,8016,0,7.133333,214
4.6,138,22,8017,0,7.1666665,215
4.633333,139,22,8018,0,7.2,216
4.6666665,140,22,8019,0,7.233333,217
4.7,141,22,8020,0,7.266667,218
4.733333,142,22,8021,0,7.3,219
4.766667,143,22,8022,0,7.3333335,220
4.8,144,22,8023,0,7.366667,221
4.8333335,145,22,8024,0,7.4,222
4.866667,146,22,8025,0,7.4333334,223
4.9,147,22,8026,0,7.4666667,224
4.9333334,148,22,8027,0,7.5,225
4.9666667,149,22,8028,0,7.5333333,226
5.0,150,22,8029,0,7.5666666,227
5.0333333,151,22,8030,0,7.6,228
5.0666666,152,22,8031,0,7.633333,229
5.1,153,22,8032,0,7.6666665,230
5.133333,154,22,8033,0,7.7,231
5.1666665,155,22,8034,0,7.733333,232
5.2,156,22,8035,0,7.766667,233
5.233333,157,22,8036,0,7.8,234
5.266667,158,22,8037,0,7.8333335,235
5.3,159,22,8038,0,7.866667,236
5.3333335,160,22,8039,0,7.9,237
5.366667,161,22,8040,0,7.9333334,238
5.4,162,22,8041,0,7.9666667,239
5.4333334,163,22,8042,0,8.0,240
5.4666667,164,22,8043,0,8.033334,241
5.5,165,22,8044,0,8.066667,242
5.5333333,166,22,8045,0,8.1,243
5.5666666,167,22,8046,0,8.133333,244
5.6,168,22,8047,0,8.166667,245
5.633333,169,22,8048,0,8.2,246
5.6666665,170,22,8049,0,8.233334,247
5.7,171,22,8050,0,8.266666,248
5.733333,172,22,8051,0,8.3,249
5.766667,173,22,8052,0,8.333333,250
5.8,174,22,8053,0,8.366667,251
5.8333335,175,22,8054,0,8.4,252
5.866667,176,22,8055,0,8.433333,253
5.9,177,22,8056,0,8.466666,254
5.9333334,178,22,8057,0,8.5,255
5.9666667,179,22,8058,0,8.533334,256
6.0,180,22,8059,0,8.566667,257
6.0333333,181,22,8060,0,8.6,258
6.0666666,182,22,8061,0,8.633333,259
6.1,183,22,8062,0,8.666667,260
6.133333,184,22,8063,0,8.7,261
6.1666665,185,22,8064,0,8.733334,262
6.2,186,22,8065,0,8.766666,263
6.233333,187,22,8066,0,8.8,264
6.266667,188,22,8067,0,8.833333,265
6.3,189,22,8068,0,8.866667,266
6.3333335,190,22,8069,0,8.9,267
6.366667,191,22,8070,0,8.933333,268
6.4,192,22,8071,0,8.966666,269
6.4333334,193,22,8072,0,9.0,270
6.4666667,194,22,8073,0,9.033334,271
6.5,195,22,8074,0,9.066667,272
6.5333333,196,22,8075,0,9.1,273
6.5666666,197,22,8076,0,9.133333,274
6.6,198,22,8077,0,9.166667,275
6.633333,199,22,8078,0,9.2,276
6.6666665,200,22,8079,0,9.233334,277
6.7,201,22,8080,0,9.266666,278
6.733333,202,22,8081,0,9.3,279
6.766667,203,22,8082,0,9.333333,280
6.8,204,22,8083,0,9.366667,281
6.8333335,205,22,8084,0,9.4,282
6.866667,206,22,8085,0,9.433333,283
6.9,207,22,8086,0,9.466666,284
6.9333334,208,22,8087,0,9.5,285
6.9666667,209,22,8088,0,9.533334,286
7.0,210,22,8089,0,9.566667,287
7.0333333,211,22,8090,0,9.6,288
7.0666666,212,22,8091,0,9.633333,289
7.1,213,22,8092,0,9.666667,290
7.133333,214,22,8093,0,9.7,291
7.1666665,215,22,8094,0,9.733334,292
7.2,216,22,8095,0,9.766666,293
7.233333,217,22,8096,0,9.8,294
7.266667,218,22,8097,0,9.833333,295
7.3,219,22,8098,0,9.866667,296
7.3333335,220,22,8099,0,9.9,297
7.366667,221,22,8100,0,9.933333,298
7.4,222,22,8101,0,9.966666,299
7.4333334,223,22,8102,0,10.0,300
7.4666667,224,22,8103,0,10.033334,301
7.5,225,22,8104,0,10.066667,302
7.5333333,226,22,8105,0,10.1,303
7.5666666,227,22,8106,0,10.133333,304
7.6,228,22,8107,0,10.166667,305
7.633333,229,22,8108,0,10.2,306
7.6666665,230,22,8109,0,10.233334,307
7.7,231,22,8110,0,10.266666,308
7.733333,232,22,8111,0,10.3,309
7.766667,233,22,8112,0,10.333333,310
7.8,234,22,8113,0,10.366667,311
7.8333335,235,22,8114,0,10.4,312
7.866667,236,22,8115,0,10.433333,313
7.9,237,22,8116,0,10.466666,314
7.9333334,238,22,8117,0,10.5,315
7.9666667,239,22,8118,0,10.533334,316
8.0,240,22,8119,0,10.566667,317
8.033334,241,22,8120,0,10.6,318
8.066667,242,22,8121,0,10.633333,319
8.1,243,22,8122,0,10.666667,320
8.133333,244,22,8123,0,10.7,321
8.166667,245,22,8124,0,10.733334,322
8.2,246,22,8125,0,10.766666,323
8.233334,247,22,8126,0,10.8,324
8.266666,248,22,8127,0,10.833333,325
8.3,249,22,8128,0,10.866667,326
8.333333,250,22,8129,0,10.9,327
8.366667,251,22,8130,0,10.933333,328
8.4,252,22,8131,0,10.966666,329
8.433333,253,22,8132,0,11.0,330
8.466666,254,22,8133,0,11.033334,331
8.5,255,22,8134,0,11.066667,332
8.533334,256,22,8135,0,11.1,333
8.566667,257,22,8136,0,11.133333,334
8.6,258,22,8137,0,11.166667,335
8.633333,259,22,8138,0,11.2,336
8.666667,260,22,8139,0,11.233334,337
8.7,261,22,8140,0,11.266666,338
8.733334,262,22,8141,0,11.3,339
8.766666,263,22,8142,0,11.333333,340
8.8,264,22,8143,0,11.366667,341
8.833333,265,22,8144,0,11.4,342
8.866667,266,22,8145,0,11.433333,343
8.9,267,22,8146,0,11.466666,344
8.933333,268,22,8147,0,11.5,345
8.966666,269,22,8148,0,11.533334,346
9.0,270,22,8149,0,11.566667,347
9.033334,271,22,8150,0,11.6,348
9.066667,272,22,8151,0,11.633333,349
9.1,273,22,8152,0,11.666667,350
9.133333,274,22,8153,0,11.7,351
9.166667,275,22,8154,0,11.733334,352
9.2,276,22,8155,0,11.766666,353
9.233334,277,22,8156,0,11.8,354
9.266666,278,22,8157,0,11.833333,355
9.3,279,22,8158,0,11.866667,356
9.333333,280,22,8159,0,11.9,357
9.366667,281,22,8160,0,11.933333,358
9.4,282,22,8161,0,11.966666,359
9.433333,283,22,8162,0,12.0,360
9.466666,284,22,8163,0,12.033334,361
9.5,285,22,8164,0,12.066667,362
9.533334,286,22,8165,0,12.1,363
9.566667,287,22,8166,0,12.133333,364
9.6,288,22,8167,0,12.166667,365
9.633333,289,22,8168,0,12.2,366
9.666667,290,22,8169,0,12.233334,367
9.7,291,22,8170,0,12.266666,368
9.733334,292,22,8171,0,12.3,369
9.766666,293,22,8172,0,12.333333,370
9.8,294,22,8173,0,12.366667,371
9.833333,295,22,8174,0,12.4,372
9.866667,296,22,8175,0,12.433333,373
9.9,297,22,8176,0,12.466666,374
9.933333,298,22,8177,0,12.5,375
9.966666,299,22,8178,0,12.533334,376
10.0,300,22,8179,0,12.566667,377
10.033334,301,22,8180,0,12.6,378
10.066667,302,22,8181,0,12.633333,379
10.1,303,22,8182,0,12.666667,380
10.133333,304,22,8183,0,12.7,381
10.166667,305,22,8184,0,12.733334,382
10.2,306,22,8185,0,12.766666,383
10.233334,307,22,8186,0,12.8,384
10.266666,308,22,8187,0,12.833333,385
10.3,309,22,8188,0,12.866667,386
10.333333,310,22,8189,0,12.9,387
10.366667,311,22,8190,0,12.933333,388
10.4,312,22,8191,0,12.966666,389
10.433333,313,22,8192,0,13.0,390
10.466666,314,22,8193,0,13.033334,391
10.5,315,22,8194,0,13.066667,392
10.533334,316,22,8195,0,13.1,393
10.566667,317,22,8196,0,13.133333,394
10.6,318,22,8197,0,13.166667,395
10.633333,319,22,8198,0,13.2,396
10.666667,320,22,8199,0,13.233334,397
10.7,321,22,8200,0,13.266666,398
10.733334,322,22,8201,0,13.3,399
10.766666,323,22,8202,0,13.333333,400
10.8,324,22,8203,0,13.366667,401
10.833333,325,22,8204,0,13.4,402
10.866667,326,22,8205,0,13.433333,403
10.9,327,22,8206,0,13.466666,404
10.933333,328,22,8207,0,13.5,405
10.966666,329,22,8208,0,13.533334,406
11.0,330,22,8209,0,13.566667,407
11.033334,331,22,8210,0,13.6,408
11.066667,332,22,8211,0,13.633333,409
11.1,333,22,8212,0,13.666667,410
11.133333,334,22,8213,0,13.7,411
11.166667,335,22,8214,0,13.733334,412
11.2,336,22,8215,0,13.766666,413
11.233334,337,22,8216,0,13.8,414
11.266666,338,22,8217,0,13.833333,415
11.3,339,22,8218,0,13.866667,416
11.333333,340,22,8219,0,13.9,417
11.366667,341,22,8220,0,13.933333,418
11.4,342,22,8221,0,13.966666,419
11.433333,343,22,8222,0,14.0,420
11.466666,344,22,8223,0,14.033334,421
11.5,345,22,8224,0,14.066667,422
11.533334,346,22,8225,0,14.1,423
11.566667,347,22,8226,0,14.133333,424
11.6,348,22,8227,0,14.166667,425
11.633333,349,22,8228,0,14.2,426
11.666667,350,22,8229,0,14.233334,427
11.7,351,22,8230,0,14.266666,428
11.733334,352,22,8231,0,14.3,429
11.766666,353,22,8232,0,14.333333,430
11.8,354,22,8233,0,14.366667,431
11.833333,355,22,8234,0,14.4,432
11.866667,356,22,8235,0,14.433333,433
11.9,357,22,8236,0,14.466666,434
11.933333,358,22,8237,0,14.5,435
11.966666,359,22,8238,0,14.533334,436
12.0,360,22,8239,0,14.566667,437
12.033334,361,22,8240,0,14.6,438
12.066667,362,22,8241,0,14.633333,439
12.1,363,22,8242,0,14.666667,440
12.133333,364,22,8243,0,14.7,441
12.166667,365,22,8244,0,14.733334,442
12.2,366,22,8245,0,14.766666,443
12.233334,367,22,8246,0,14.8,444
12.266666,368,22,8247,0,14.833333,445
12.3,369,22,8248,0,14.866667,446
12.333333,370,22,8249,0,14.9,447
12.366667,371,22,8250,0,14.933333,448
12.4,372,22,8251,0,14.966666,449
12.433333,373,22,8252,0,15.066667,452
12.466666,374,22,8253,0,15.1,453
12.5,375,22,8254,0,15.133333,454
12.533334,376,22,8255,0,15.166667,455
12.566667,377,22,8256,0,15.2,456
12.6,378,22,8257,0,15.233334,457
12.633333,379,22,8258,0,15.266666,458
12.666667,380,22,8259,0,15.3,459
12.7,381,22,8260,0,15.333333,460
12.733334,382,22,8261,0,15.366667,461
0.0,0,23,8262,0,0.0,0
0.033333335,1,23,8263,0,2.5666666,77
0.06666667,2,23,8264,0,2.7333333,82
0.1,3,23,8265,0,2.7666667,83
0.13333334,4,23,8266,0,2.8,84
0.16666667,5,23,8267,0,3.0666666,92
0.2,6,23,8268,0,3.1,93
0.23333333,7,23,8269,0,3.1666667,95
0.26666668,8,23,8270,0,3.2,96
0.3,9,23,8271,0,3.2333333,97
0.33333334,10,23,8272,0,3.2666667,98
0.36666667,11,23,8273,0,3.3,99
0.4,12,23,8274,0,3.3333333,100
0.43333334,13,23,8275,0,3.3666666,101
0.46666667,14,23,8276,0,3.4,102
0.5,15,23,8277,0,3.4333334,103
0.53333336,16,23,8278,0,3.4666667,104
0.56666666,17,23,8279,0,3.5,105
0.6,18,23,8280,0,3.5333333,106
0.6333333,19,23,8281,0,3.6333334,109
0.6666667,20,23,8282,0,3.7,111
0.7,21,23,8283,0,3.7333333,112
0.73333335,22,23,8284,0,3.7666667,113
0.76666665,23,23,8285,0,3.8,114
0.8,24,23,8286,0,3.8333333,115
0.8333333,25,23,8287,0,3.8666666,116
0.8666667,26,23,8288,0,3.9,117
0.9,27,23,8289,0,3.9333334,118
0.93333334,28,23,8290,0,3.9666667,119
0.96666664,29,23,8291,0,4.0,120
1.0,30,23,8292,0,4.0333333,121
1.0333333,31,23,8293,0,4.0666666,122
1.0666667,32,23,8294,0,4.1,123
1.1,33,23,8295,0,4.133333,124
1.1333333,34,23,8296,0,4.1666665,125
1.1666666,35,23,8297,0,4.2,126
1.2,36,23,8298,0,4.233333,127
1.2333333,37,23,8299,0,4.266667,128
1.2666667,38,23,8300,0,4.3,129
1.3,39,23,8301,0,4.3333335,130
1.3333334,40,23,8302,0,4.366667,131
1.3666667,41,23,8303,0,4.4,132
1.4,42,23,8304,0,4.4333334,133
1.4333333,43,23,8305,0,4.4666667,134
1.4666667,44,23,8306,0,4.5,135
1.5,45,23,8307,0,4.5333333,136
1.5333333,46,23,8308,0,4.5666666,137
1.5666667,47,23,8309,0,4.6,138
1.6,48,23,8310,0,4.633333,139
1.6333333,49,23,8311,0,4.6666665,140
1.6666666,50,23,8312,0,4.7,141
1.7,51,23,8313,0,4.733333,142
1.7333333,52,23,8314,0,4.766667,143
1.7666667,53,23,8315,0,4.8,144
1.8,54,23,8316,0,4.8333335,145
1.8333334,55,23,8317,0,4.866667,146
1.8666667,56,23,8318,0,4.9,147
1.9,57,23,8319,0,4.9333334,148
1.9333333,58,23,8320,0,4.9666667,149
1.9666667,59,23,8321,0,5.0,150
2.0,60,23,8322,0,5.0333333,151
2.0333333,61,23,8323,0,5.0666666,152
2.0666666,62,23,8324,0,5.1,153
2.1,63,23,8325,0,5.133333,154
2.1333334,64,23,8326,0,5.1666665,155
2.1666667,65,23,8327,0,5.2,156
2.2,66,23,8328,0,5.233333,157
2.2333333,67,23,8329,0,5.266667,158
2.2666667,68,23,8330,0,5.3,159
2.3,69,23,8331,0,5.3333335,160
2.3333333,70,23,8332,0,5.366667,161
2.3666666,71,23,8333,0,5.4,162
2.4,72,23,8334,0,5.4333334,163
2.4333334,73,23,8335,0,5.4666667,164
2.4666667,74,23,8336,0,5.5,165
2.5,75,23,8337,0,5.5333333,166
2.5333333,76,23,8338,0,5.5666666,167
2.5666666,77,23,8339,0,5.6,168
2.6,78,23,8340,0,5.633333,169
2.6333334,79,23,8341,0,5.6666665,170
2.6666667,80,23,8342,0,5.7,171
2.7,81,23,8343,0,5.733333,172
2.7333333,82,23,8344,0,5.766667,173
2.7666667,83,23,8345,0,5.8,174
2.8,84,23,8346,0,5.8333335,175
2.8333333,85,23,8347,0,5.866667,176
2.8666666,86,23,8348,0,5.9,177
2.9,87,23,8349,0,5.9333334,178
2.9333334,88,23,8350,0,5.9666667,179
2.9666667,89,23,8351,0,6.0,180
3.0,90,23,8352,0,6.0333333,181
3.0333333,91,23,8353,0,6.0666666,182
3.0666666,92,23,8354,0,6.1,183
3.1,93,23,8355,0,6.133333,184
3.1333334,94,23,8356,0,6.1666665,185
3.1666667,95,23,8357,0,6.2,186
3.2,96,23,8358,0,6.233333,187
3.2333333,97,23,8359,0,6.266667,188
3.2666667,98,23,8360,0,6.3,189
3.3,99,23,8361,0,6.3333335,190
3.3333333,100,23,8362,0,6.366667,191
3.3666666,101,23,8363,0,6.4,192
3.4,102,23,8364,0,6.4333334,193
3.4333334,103,23,8365,0,6.4666667,194
3.4666667,104,23,8366,0,6.5,195
3.5,105,23,8367,0,6.5333333,196
3.5333333,106,23,8368,0,6.5666666,197
3.5666666,107,23,8369,0,6.6,198
3.6,108,23,8370,0,6.633333,199
3.6333334,109,23,8371,0,6.6666665,200
3.6666667,110,23,8372,0,6.7,201
3.7,111,23,8373,0,6.733333,202
3.7333333,112,23,8374,0,6.766667,203
3.7666667,113,23,8375,0,6.8,204
3.8,114,23,8376,0,6.8333335,205
3.8333333,115,23,8377,0,6.866667,206
3.8666666,116,23,8378,0,6.9,207
3.9,117,23,8379,0,6.9333334,208
3.9333334,118,23,8380,0,6.9666667,209
3.9666667,119,23,8381,0,7.0,210
4.0,120,23,8382,0,7.0333333,211
4.0333333,121,23,8383,0,7.0666666,212
4.0666666,122,23,8384,0,7.1,213
4.1,123,23,8385,0,7.133333,214
4.133333,124,23,8386,0,7.1666665,215
4.1666665,125,23,8387,0,7.2,216
4.2,126,23,8388,0,7.233333,217
4.233333,127,23,8389,0,7.266667,218
4.266667,128,23,8390,0,7.3,219
4.3,129,23,8391,0,7.3333335,220
4.3333335,130,23,8392,0,7.366667,221
4.366667,131,23,8393,0,7.4,222
4.4,132,23,8394,0,7.4333334,223
4.4333334,133,23,8395,0,7.4666667,224
4.4666667,134,23,8396,0,7.5,225
4.5,135,23,8397,0,7.5333333,226
4.5333333,136,23,8398,0,7.5666666,227
4.5666666,137,23,8399,0,7.6,228
4.6,138,23,8400,0,7.633333,229
4.633333,139,23,8401,0,7.6666665,230
4.6666665,140,23,8402,0,7.7,231
4.7,141,23,8403,0,7.733333,232
4.733333,142,23,8404,0,7.766667,233
4.766667,143,23,8405,0,7.8,234
4.8,144,23,8406,0,7.8333335,235
4.8333335,145,23,8407,0,7.866667,236
4.866667,146,23,8408,0,7.9,237
4.9,147,23,8409,0,7.9333334,238
4.9333334,148,23,8410,0,7.9666667,239
4.9666667,149,23,8411,0,8.0,240
5.0,150,23,8412,0,8.033334,241
5.0333333,151,23,8413,0,8.066667,242
5.0666666,152,23,8414,0,8.1,243
5.1,153,23,8415,0,8.133333,244
5.133333,154,23,8416,0,8.166667,245
5.1666665,155,23,8417,0,8.2,246
5.2,156,23,8418,0,8.233334,247
5.233333,157,23,8419,0,8.266666,248
5.266667,158,23,8420,0,8.3,249
5.3,159,23,8421,0,8.333333,250
5.3333335,160,23,8422,0,8.366667,251
5.366667,161,23,8423,0,8.4,252
5.4,162,23,8424,0,8.433333,253
5.4333334,163,23,8425,0,8.466666,254
5.4666667,164,23,8426,0,8.5,255
5.5,165,23,8427,0,8.533334,256
5.5333333,166,23,8428,0,8.566667,257
5.5666666,167,23,8429,0,8.6,258
5.6,168,23,8430,0,8.633333,259
5.633333,169,23,8431,0,8.666667,260
5.6666665,170,23,8432,0,8.7,261
5.7,171,23,8433,0,8.733334,262
5.733333,172,23,8434,0,8.766666,263
5.766667,173,23,8435,0,8.8,264
5.8,174,23,8436,0,8.833333,265
5.8333335,175,23,8437,0,8.866667,266
5.866667,176,23,8438,0,8.9,267
5.9,177,23,8439,0,8.933333,268
5.9333334,178,23,8440,0,8.966666,269
5.9666667,179,23,8441,0,9.0,270
6.0,180,23,8442,0,9.033334,271
6.0333333,181,23,8443,0,9.066667,272
6.0666666,182,23,8444,0,9.1,273
6.1,183,23,8445,0,9.133333,274
6.133333,184,23,8446,0,9.166667,275
6.1666665,185,23,8447,0,9.2,276
6.2,186,23,8448,0,9.233334,277
6.233333,187,23,8449,0,9.266666,278
6.266667,188,23,8450,0,9.3,279
6.3,189,23,8451,0,9.333333,280
6.3333335,190,23,8452,0,9.366667,281
6.366667,191,23,8453,0,9.4,282
6.4,192,23,8454,0,9.433333,283
6.4333334,193,23,8455,0,9.466666,284
6.4666667,194,23,8456,0,9.5,285
6.5,195,23,8457,0,9.533334,286
6.5333333,196,23,8458,0,9.566667,287
6.5666666,197,23,8459,0,9.6,288
6.6,198,23,8460,0,9.633333,289
6.633333,199,23,8461,0,9.666667,290
6.6666665,200,23,8462,0,9.7,291
6.7,201,23,8463,0,9.733334,292
6.733333,202,23,8464,0,9.766666,293
6.766667,203,23,8465,0,9.8,294
6.8,204,23,8466,0,9.833333,295
6.8333335,205,23,8467,0,9.866667,296
6.866667,206,23,8468,0,9.9,297
6.9,207,23,8469,0,9.933333,298
6.9333334,208,23,8470,0,9.966666,299
6.9666667,209,23,8471,0,10.0,300
7.0,210,23,8472,0,10.033334,301
7.0333333,211,23,8473,0,10.066667,302
7.0666666,212,23,8474,0,10.1,303
7.1,213,23,8475,0,10.133333,304
7.133333,214,23,8476,0,10.166667,305
7.1666665,215,23,8477,0,10.2,306
7.2,216,23,8478,0,10.233334,307
7.233333,217,23,8479,0,10.266666,308
7.266667,218,23,8480,0,10.3,309
7.3,219,23,8481,0,10.333333,310
7.3333335,220,23,8482,0,10.366667,311
7.366667,221,23,8483,0,10.4,312
7.4,222,23,8484,0,10.433333,313
7.4333334,223,23,8485,0,10.466666,314
7.4666667,224,23,8486,0,10.5,315
7.5,225,23,8487,0,10.533334,316
7.5333333,226,23,8488,0,10.566667,317
7.5666666,227,23,8489,0,10.6,318
7.6,228,23,8490,0,10.633333,319
7.633333,229,23,8491,0,10.666667,320
7.6666665,230,23,8492,0,10.7,321
7.7,231,23,8493,0,10.733334,322
7.733333,232,23,8494,0,10.766666,323
7.766667,233,23,8495,0,10.8,324
7.8,234,23,8496,0,10.833333,325
7.8333335,235,23,8497,0,10.866667,326
7.866667,236,23,8498,0,10.9,327
7.9,237,23,8499,0,10.933333,328
7.9333334,238,23,8500,0,10.966666,329
7.9666667,239,23,8501,0,11.0,330
8.0,240,23,8502,0,11.033334,331
8.033334,241,23,8503,0,11.066667,332
8.066667,242,23,8504,0,11.1,333
8.1,243,23,8505,0,11.133333,334
8.133333,244,23,8506,0,11.166667,335
8.166667,245,23,8507,0,11.2,336
8.2,246,23,8508,0,11.233334,337
8.233334,247,23,8509,0,11.266666,338
8.266666,248,23,8510,0,11.3,339
8.3,249,23,8511,0,11.333333,340
8.333333,250,23,8512,0,11.366667,341
8.366667,251,23,8513,0,11.4,342
8.4,252,23,8514,0,11.433333,343
8.433333,253,23,8515,0,11.466666,344
8.466666,254,23,8516,0,11.5,345
8.5,255,23,8517,0,11.533334,346
8.533334,256,23,8518,0,11.566667,347
8.566667,257,23,8519,0,11.6,348
8.6,258,23,8520,0,11.633333,349
8.633333,259,23,8521,0,11.666667,350
8.666667,260,23,8522,0,11.7,351
8.7,261,23,8523,0,11.733334,352
8.733334,262,23,8524,0,11.766666,353
8.766666,263,23,8525,0,11.8,354
8.8,264,23,8526,0,11.833333,355
8.833333,265,23,8527,0,11.866667,356
8.866667,266,23,8528,0,11.9,357
8.9,267,23,8529,0,11.933333,358
8.933333,268,23,8530,0,11.966666,359
8.966666,269,23,8531,0,12.0,360
9.0,270,23,8532,0,12.033334,361
9.033334,271,23,8533,0,12.066667,362
9.066667,272,23,8534,0,12.1,363
9.1,273,23,8535,0,12.133333,364
9.133333,274,23,8536,0,12.166667,365
9.166667,275,23,8537,0,12.2,366
9.2,276,23,8538,0,12.233334,367
9.233334,277,23,8539,0,12.266666,368
9.266666,278,23,8540,0,12.3,369
9.3,279,23,8541,0,12.333333,370
9.333333,280,23,8542,0,12.366667,371
9.366667,281,23,8543,0,12.4,372
9.4,282,23,8544,0,12.433333,373
9.433333,283,23,8545,0,12.466666,374
9.466666,284,23,8546,0,12.5,375
9.5,285,23,8547,0,12.533334,376
9.533334,286,23,8548,0,12.566667,377
9.566667,287,23,8549,0,12.6,378
9.6,288,23,8550,0,12.633333,379
9.633333,289,23,8551,0,12.666667,380
9.666667,290,23,8552,0,12.7,381
9.7,291,23,8553,0,12.733334,382
9.733334,292,23,8554,0,12.766666,383
9.766666,293,23,8555,0,12.8,384
9.8,294,23,8556,0,12.833333,385
9.833333,295,23,8557,0,12.866667,386
9.866667,296,23,8558,0,12.9,387
9.9,297,23,8559,0,12.933333,388
9.933333,298,23,8560,0,12.966666,389
9.966666,299,23,8561,0,13.0,390
10.0,300,23,8562,0,13.033334,391
10.033334,301,23,8563,0,13.066667,392
10.066667,302,23,8564,0,13.1,393
10.1,303,23,8565,0,13.133333,394
10.133333,304,23,8566,0,13.166667,395
10.166667,305,23,8567,0,13.2,396
10.2,306,23,8568,0,13.233334,397
10.233334,307,23,8569,0,13.266666,398
10.266666,308,23,8570,0,13.3,399
10.3,309,23,8571,0,13.333333,400
10.333333,310,23,8572,0,13.366667,401
10.366667,311,23,8573,0,13.4,402
10.4,312,23,8574,0,13.433333,403
10.433333,313,23,8575,0,13.466666,404
10.466666,314,23,8576,0,13.5,405
10.5,315,23,8577,0,13.533334,406
10.533334,316,23,8578,0,13.566667,407
10.566667,317,23,8579,0,13.6,408
10.6,318,23,8580,0,13.633333,409
10.633333,319,23,8581,0,13.666667,410
10.666667,320,23,8582,0,13.7,411
10.7,321,23,8583,0,13.733334,412
10.733334,322,23,8584,0,13.766666,413
10.766666,323,23,8585,0,13.8,414
10.8,324,23,8586,0,13.833333,415
10.833333,325,23,8587,0,13.866667,416
10.866667,326,23,8588,0,13.9,417
10.9,327,23,8589,0,13.933333,418
10.933333,328,23,8590,0,13.966666,419
10.966666,329,23,8591,0,14.0,420
11.0,330,23,8592,0,14.033334,421
11.033334,331,23,8593,0,14.066667,422
11.066667,332,23,8594,0,14.1,423
11.1,333,23,8595,0,14.133333,424
11.133333,334,23,8596,0,14.166667,425
11.166667,335,23,8597,0,14.2,426
11.2,336,23,8598,0,14.233334,427
11.233334,337,23,8599,0,14.266666,428
11.266666,338,23,8600,0,14.3,429
11.3,339,23,8601,0,14.333333,430
11.333333,340,23,8602,0,14.366667,431
11.366667,341,23,8603,0,14.4,432
11.4,342,23,8604,0,14.433333,433
11.433333,343,23,8605,0,14.466666,434
11.466666,344,23,8606,0,14.5,435
11.5,345,23,8607,0,14.533334,436
11.533334,346,23,8608,0,14.566667,437
11.566667,347,23,8609,0,14.6,438
11.6,348,23,8610,0,14.633333,439
11.633333,349,23,8611,0,14.666667,440
11.666667,350,23,8612,0,14.7,441
11.7,351,23,8613,0,14.733334,442
11.733334,352,23,8614,0,14.766666,443
11.766666,353,23,8615,0,14.8,444
11.8,354,23,8616,0,14.833333,445
11.833333,355,23,8617,0,14.866667,446
11.866667,356,23,8618,0,14.9,447
11.9,357,23,8619,0,14.933333,448
11.933333,358,23,8620,0,14.966666,449
11.966666,359,23,8621,0,15.0,450
12.0,360,23,8622,0,15.033334,451
12.033334,361,23,8623,0,15.066667,452
12.066667,362,23,8624,0,15.1,453
12.1,363,23,8625,0,15.133333,454
12.133333,364,23,8626,0,15.166667,455
12.166667,365,23,8627,0,15.2,456
12.2,366,23,8628,0,15.233334,457
12.233334,367,23,8629,0,15.266666,458
12.266666,368,23,8630,0,15.3,459
12.3,369,23,8631,0,15.333333,460
12.333333,370,23,8632,0,15.366667,461
12.366667,371,23,8633,0,15.4,462
12.4,372,23,8634,0,15.433333,463
12.433333,373,23,8635,0,15.466666,464
12.466666,374,23,8636,0,15.5,465
12.5,375,23,8637,0,15.533334,466
12.533334,376,23,8638,0,15.566667,467
12.566667,377,23,8639,0,15.633333,469
12.6,378,23,8640,0,15.666667,470
12.633333,379,23,8641,0,15.7,471
12.666667,380,23,8642,0,15.733334,472
12.7,381,23,8643,0,15.766666,473
12.733334,382,23,8644,0,15.8,474
12.766666,383,23,8645,0,15.833333,475
12.8,384,23,8646,0,15.866667,476
12.833333,385,23,8647,0,15.9,477
12.866667,386,23,8648,0,15.933333,478
12.9,387,23,8649,0,15.966666,479
12.933333,388,23,8650,0,16.0,480
12.966666,389,23,8651,0,16.066668,482
13.0,390,23,8652,0,16.1,483
13.033334,391,23,8653,0,16.133333,484
0.0,0,24,8654,0,0.0,0
0.033333335,1,24,8655,0,2.7666667,83
0.06666667,2,24,8656,0,2.8,84
0.1,3,24,8657,0,3.2333333,97
0.13333334,4,24,8658,0,3.2666667,98
0.16666667,5,24,8659,0,3.3,99
0.2,6,24,8660,0,3.3333333,100
0.23333333,7,24,8661,0,3.3666666,101
0.26666668,8,24,8662,0,3.4,102
0.3,9,24,8663,0,3.4333334,103
0.33333334,10,24,8664,0,3.5,105
0.36666667,11,24,8665,0,3.5333333,106
0.4,12,24,8666,0,3.5666666,107
0.43333334,13,24,8667,0,3.6,108
0.46666667,14,24,8668,0,3.6333334,109
0.5,15,24,8669,0,3.6666667,110
0.53333336,16,24,8670,0,3.7,111
0.56666666,17,24,8671,0,3.7333333,112
0.6,18,24,8672,0,3.7666667,113
0.6333333,19,24,8673,0,3.8,114
0.6666667,20,24,8674,0,3.8333333,115
0.7,21,24,8675,0,3.8666666,116
0.73333335,22,24,8676,0,3.9,117
0.76666665,23,24,8677,0,3.9333334,118
0.8,24,24,8678,0,3.9666667,119
0.8333333,25,24,8679,0,4.0,120
0.8666667,26,24,8680,0,4.0333333,121
0.9,27,24,8681,0,4.0666666,122
0.93333334,28,24,8682,0,4.1,123
0.96666664,29,24,8683,0,4.133333,124
1.0,30,24,8684,0,4.1666665,125
1.0333333,31,24,8685,0,4.2,126
1.0666667,32,24,8686,0,4.233333,127
1.1,33,24,8687,0,4.266667,128
1.1333333,34,24,8688,0,4.3,129
1.1666666,35,24,8689,0,4.3333335,130
1.2,36,24,8690,0,4.366667,131
1.2333333,37,24,8691,0,4.4,132
1.2666667,38,24,8692,0,4.4333334,133
1.3,39,24,8693,0,4.4666667,134
1.3333334,40,24,8694,0,4.5,135
1.3666667,41,24,8695,0,4.5333333,136
1.4,42,24,8696,0,4.5666666,137
1.4333333,43,24,8697,0,4.6,138
1.4666667,44,24,8698,0,4.633333,139
1.5,45,24,8699,0,4.6666665,140
1.5333333,46,24,8700,0,4.7,141
1.5666667,47,24,8701,0,4.733333,142
1.6,48,24,8702,0,4.766667,143
1.6333333,49,24,8703,0,4.8,144
1.6666666,50,24,8704,0,4.8333335,145
1.7,51,24,8705,0,4.866667,146
1.7333333,52,24,8706,0,4.9,147
1.7666667,53,24,8707,0,4.9333334,148
1.8,54,24,8708,0,4.9666667,149
1.8333334,55,24,8709,0,5.0,150
1.8666667,56,24,8710,0,5.0333333,151
1.9,57,24,8711,0,5.0666666,152
1.9333333,58,24,8712,0,5.1,153
1.9666667,59,24,8713,0,5.133333,154
2.0,60,24,8714,0,5.1666665,155
2.0333333,61,24,8715,0,5.2,156
2.0666666,62,24,8716,0,5.233333,157
2.1,63,24,8717,0,5.266667,158
2.1333334,64,24,8718,0,5.3,159
2.1666667,65,24,8719,0,5.3333335,160
2.2,66,24,8720,0,5.366667,161
2.2333333,67,24,8721,0,5.4,162
2.2666667,68,24,8722,0,5.4333334,163
2.3,69,24,8723,0,5.4666667,164
2.3333333,70,24,8724,0,5.5,165
2.3666666,71,24,8725,0,5.5333333,166
2.4,72,24,8726,0,5.5666666,167
2.4333334,73,24,8727,0,5.6,168
2.4666667,74,24,8728,0,5.633333,169
2.5,75,24,8729,0,5.6666665,170
2.5333333,76,24,8730,0,5.7,171
2.5666666,77,24,8731,0,5.733333,172
2.6,78,24,8732,0,5.766667,173
2.6333334,79,24,8733,0,5.8,174
2.6666667,80,24,8734,0,5.8333335,175
2.7,81,24,8735,0,5.866667,176
2.7333333,82,24,8736,0,5.9,177
2.7666667,83,24,8737,0,5.9333334,178
2.8,84,24,8738,0,5.9666667,179
2.8333333,85,24,8739,0,6.0,180
2.8666666,86,24,8740,0,6.0333333,181
2.9,87,24,8741,0,6.0666666,182
2.9333334,88,24,8742,0,6.1,183
2.9666667,89,24,8743,0,6.133333,184
3.0,90,24,8744,0,6.1666665,185
3.0333333,91,24,8745,0,6.2,186
3.0666666,92,24,8746,0,6.233333,187
3.1,93,24,8747,0,6.266667,188
3.1333334,94,24,8748,0,6.3,189
3.1666667,95,24,8749,0,6.3333335,190
3.2,96,24,8750,0,6.366667,191
3.2333333,97,24,8751,0,6.4,192
3.2666667,98,24,8752,0,6.4333334,193
3.3,99,24,8753,0,6.4666667,194
3.3333333,100,24,8754,0,6.5,195
3.3666666,101,24,8755,0,6.5333333,196
3.4,102,24,8756,0,6.5666666,197
3.4333334,103,24,8757,0,6.6,198
3.4666667,104,24,8758,0,6.633333,199
3.5,105,24,8759,0,6.6666665,200
3.5333333,106,24,8760,0,6.7,201
3.5666666,107,24,8761,0,6.733333,202
3.6,108,24,8762,0,6.766667,203
3.6333334,109,24,8763,0,6.8,204
3.6666667,110,24,8764,0,6.8333335,205
3.7,111,24,8765,0,6.866667,206
3.7333333,112,24,8766,0,6.9,207
3.7666667,113,24,8767,0,6.9333334,208
3.8,114,24,8768,0,6.9666667,209
3.8333333,115,24,8769,0,7.0,210
3.8666666,116,24,8770,0,7.0333333,211
3.9,117,24,8771,0,7.0666666,212
3.9333334,118,24,8772,0,7.1,213
3.9666667,119,24,8773,0,7.133333,214
4.0,120,24,8774,0,7.1666665,215
4.0333333,121,24,8775,0,7.2,216
4.0666666,122,24,8776,0,7.233333,217
4.1,123,24,8777,0,7.266667,218
4.133333,124,24,8778,0,7.3,219
4.1666665,125,24,8779,0,7.3333335,220
4.2,126,24,8780,0,7.366667,221
4.233333,127,24,8781,0,7.4,222
4.266667,128,24,8782,0,7.4333334,223
4.3,129,24,8783,0,7.4666667,224
4.3333335,130,24,8784,0,7.5,225
4.366667,131,24,8785,0,7.5333333,226
4.4,132,24,8786,0,7.5666666,227
4.4333334,133,24,8787,0,7.6,228
4.4666667,134,24,8788,0,7.633333,229
4.5,135,24,8789,0,7.6666665,230
4.5333333,136,24,8790,0,7.7,231
4.5666666,137,24,8791,0,7.733333,232
4.6,138,24,8792,0,7.766667,233
4.633333,139,24,8793,0,7.8,234
4.6666665,140,24,8794,0,7.8333335,235
4.7,141,24,8795,0,7.866667,236
4.733333,142,24,8796,0,7.9,237
4.766667,143,24,8797,0,7.9333334,238
4.8,144,24,8798,0,7.9666667,239
4.8333335,145,24,8799,0,8.0,240
4.866667,146,24,8800,0,8.033334,241
4.9,147,24,8801,0,8.066667,242
4.9333334,148,24,8802,0,8.1,243
4.9666667,149,24,8803,0,8.133333,244
5.0,150,24,8804,0,8.166667,245
5.0333333,151,24,8805,0,8.2,246
5.0666666,152,24,8806,0,8.233334,247
5.1,153,24,8807,0,8.266666,248
5.133333,154,24,8808,0,8.3,249
5.1666665,155,24,8809,0,8.333333,250
5.2,156,24,8810,0,8.366667,251
5.233333,157,24,8811,0,8.4,252
5.266667,158,24,8812,0,8.433333,253
5.3,159,24,8813,0,8.466666,254
5.3333335,160,24,8814,0,8.5,255
5.366667,161,24,8815,0,8.533334,256
5.4,162,24,8816,0,8.566667,257
5.4333334,163,24,8817,0,8.6,258
5.4666667,164,24,8818,0,8.633333,259
5.5,165,24,8819,0,8.666667,260
5.5333333,166,24,8820,0,8.7,261
5.5666666,167,24,8821,0,8.733334,262
5.6,168,24,8822,0,8.766666,263
5.633333,169,24,8823,0,8.8,264
5.6666665,170,24,8824,0,8.833333,265
5.7,171,24,8825,0,8.866667,266
5.733333,172,24,8826,0,8.9,267
5.766667,173,24,8827,0,8.933333,268
5.8,174,24,8828,0,8.966666,269
5.8333335,175,24,8829,0,9.0,270
5.866667,176,24,8830,0,9.033334,271
5.9,177,24,8831,0,9.066667,272
5.9333334,178,24,8832,0,9.1,273
5.9666667,179,24,8833,0,9.133333,274
6.0,180,24,8834,0,9.166667,275
6.0333333,181,24,8835,0,9.2,276
6.0666666,182,24,8836,0,9.233334,277
6.1,183,24,8837,0,9.266666,278
6.133333,184,24,8838,0,9.3,279
6.1666665,185,24,8839,0,9.333333,280
6.2,186,24,8840,0,9.366667,281
6.233333,187,24,8841,0,9.4,282
6.266667,188,24,8842,0,9.433333,283
6.3,189,24,8843,0,9.466666,284
6.3333335,190,24,8844,0,9.5,285
6.366667,191,24,8845,0,9.533334,286
6.4,192,24,8846,0,9.566667,287
6.4333334,193,24,8847,0,9.6,288
6.4666667,194,24,8848,0,9.633333,289
6.5,195,24,8849,0,9.666667,290
6.5333333,196,24,8850,0,9.7,291
6.5666666,197,24,8851,0,9.733334,292
6.6,198,24,8852,0,9.766666,293
6.633333,199,24,8853,0,9.8,294
6.6666665,200,24,8854,0,9.833333,295
6.7,201,24,8855,0,9.866667,296
6.733333,202,24,8856,0,9.9,297
6.766667,203,24,8857,0,9.933333,298
6.8,204,24,8858,0,9.966666,299
6.8333335,205,24,8859,0,10.0,300
6.866667,206,24,8860,0,10.033334,301
6.9,207,24,8861,0,10.066667,302
6.9333334,208,24,8862,0,10.1,303
6.9666667,209,24,8863,0,10.133333,304
7.0,210,24,8864,0,10.166667,305
7.0333333,211,24,8865,0,10.2,306
7.0666666,212,24,8866,0,10.233334,307
7.1,213,24,8867,0,10.266666,308
7.133333,214,24,8868,0,10.3,309
7.1666665,215,24,8869,0,10.333333,310
7.2,216,24,8870,0,10.366667,311
7.233333,217,24,8871,0,10.4,312
7.266667,218,24,8872,0,10.433333,313
7.3,219,24,8873,0,10.466666,314
7.3333335,220,24,8874,0,10.5,315
7.366667,221,24,8875,0,10.533334,316
7.4,222,24,8876,0,10.566667,317
7.4333334,223,24,8877,0,10.6,318
7.4666667,224,24,8878,0,10.633333,319
7.5,225,24,8879,0,10.666667,320
7.5333333,226,24,8880,0,10.7,321
7.5666666,227,24,8881,0,10.733334,322
7.6,228,24,8882,0,10.766666,323
7.633333,229,24,8883,0,10.8,324
7.6666665,230,24,8884,0,10.833333,325
7.7,231,24,8885,0,10.866667,326
7.733333,232,24,8886,0,10.9,327
7.766667,233,24,8887,0,10.933333,328
7.8,234,24,8888,0,10.966666,329
7.8333335,235,24,8889,0,11.0,330
7.866667,236,24,8890,0,11.033334,331
7.9,237,24,8891,0,11.066667,332
7.9333334,238,24,8892,0,11.1,333
7.9666667,239,24,8893,0,11.133333,334
8.0,240,24,8894,0,11.166667,335
8.033334,241,24,8895,0,11.2,336
8.066667,242,24,8896,0,11.233334,337
8.1,243,24,8897,0,11.266666,338
8.133333,244,24,8898,0,11.3,339
8.166667,245,24,8899,0,11.333333,340
8.2,246,24,8900,0,11.366667,341
8.233334,247,24,8901,0,11.4,342
8.266666,248,24,8902,0,11.433333,343
8.3,249,24,8903,0,11.466666,344
8.333333,250,24,8904,0,11.5,345
8.366667,251,24,8905,0,11.533334,346
8.4,252,24,8906,0,11.566667,347
8.433333,253,24,8907,0,11.6,348
8.466666,254,24,8908,0,11.633333,349
8.5,255,24,8909,0,11.666667,350
8.533334,256,24,8910,0,11.7,351
8.566667,257,24,8911,0,11.733334,352
8.6,258,24,8912,0,11.766666,353
8.633333,259,24,8913,0,11.8,354
8.666667,260,24,8914,0,11.833333,355
8.7,261,24,8915,0,11.866667,356
8.733334,262,24,8916,0,11.9,357
8.766666,263,24,8917,0,11.933333,358
8.8,264,24,8918,0,11.966666,359
8.833333,265,24,8919,0,12.0,360
8.866667,266,24,8920,0,12.033334,361
8.9,267,24,8921,0,12.066667,362
8.933333,268,24,8922,0,12.1,363
8.966666,269,24,8923,0,12.133333,364
9.0,270,24,8924,0,12.166667,365
9.033334,271,24,8925,0,12.2,366
9.066667,272,24,8926,0,12.233334,367
9.1,273,24,8927,0,12.266666,368
9.133333,274,24,8928,0,12.3,369
9.166667,275,24,8929,0,12.333333,370
9.2,276,24,8930,0,12.366667,371
9.233334,277,24,8931,0,12.4,372
9.266666,278,24,8932,0,12.433333,373
9.3,279,24,8933,0,12.466666,374
9.333333,280,24,8934,0,12.5,375
9.366667,281,24,8935,0,12.533334,376
9.4,282,24,8936,0,12.566667,377
9.433333,283,24,8937,0,12.6,378
9.466666,284,24,8938,0,12.633333,379
9.5,285,24,8939,0,12.666667,380
9.533334,286,24,8940,0,12.7,381
9.566667,287,24,8941,0,12.733334,382
9.6,288,24,8942,0,12.766666,383
9.633333,289,24,8943,0,12.8,384
9.666667,290,24,8944,0,12.833333,385
9.7,291,24,8945,0,12.866667,386
9.733334,292,24,8946,0,12.9,387
9.766666,293,24,8947,0,12.933333,388
9.8,294,24,8948,0,12.966666,389
9.833333,295,24,8949,0,13.0,390
9.866667,296,24,8950,0,13.033334,391
9.9,297,24,8951,0,13.066667,392
9.933333,298,24,8952,0,13.1,393
9.966666,299,24,8953,0,13.133333,394
10.0,300,24,8954,0,13.166667,395
10.033334,301,24,8955,0,13.2,396
10.066667,302,24,8956,0,13.233334,397
10.1,303,24,8957,0,13.266666,398
10.133333,304,24,8958,0,13.3,399
10.166667,305,24,8959,0,13.333333,400
10.2,306,24,8960,0,13.366667,401
10.233334,307,24,8961,0,13.4,402
10.266666,308,24,8962,0,13.433333,403
10.3,309,24,8963,0,13.466666,404
10.333333,310,24,8964,0,13.5,405
10.366667,311,24,8965,0,13.533334,406
10.4,312,24,8966,0,13.566667,407
10.433333,313,24,8967,0,13.6,408
10.466666,314,24,8968,0,13.633333,409
10.5,315,24,8969,0,13.666667,410
10.533334,316,24,8970,0,13.7,411
10.566667,317,24,8971,0,13.733334,412
10.6,318,24,8972,0,13.766666,413
10.633333,319,24,8973,0,13.8,414
10.666667,320,24,8974,0,13.833333,415
10.7,321,24,8975,0,13.866667,416
10.733334,322,24,8976,0,13.9,417
10.766666,323,24,8977,0,13.933333,418
10.8,324,24,8978,0,13.966666,419
10.833333,325,24,8979,0,14.0,420
10.866667,326,24,8980,0,14.033334,421
10.9,327,24,8981,0,14.066667,422
10.933333,328,24,8982,0,14.1,423
10.966666,329,24,8983,0,14.133333,424
11.0,330,24,8984,0,14.166667,425
11.033334,331,24,8985,0,14.2,426
11.066667,332,24,8986,0,14.233334,427
11.1,333,24,8987,0,14.266666,428
11.133333,334,24,8988,0,14.3,429
11.166667,335,24,8989,0,14.333333,430
11.2,336,24,8990,0,14.366667,431
11.233334,337,24,8991,0,14.4,432
11.266666,338,24,8992,0,14.433333,433
11.3,339,24,8993,0,14.466666,434
11.333333,340,24,8994,0,14.5,435
11.366667,341,24,8995,0,14.533334,436
11.4,342,24,8996,0,14.566667,437
11.433333,343,24,8997,0,14.6,438
11.466666,344,24,8998,0,14.633333,439
11.5,345,24,8999,0,14.666667,440
11.533334,346,24,9000,0,14.7,441
11.566667,347,24,9001,0,14.733334,442
11.6,348,24,9002,0,14.766666,443
11.633333,349,24,9003,0,14.8,444
11.666667,350,24,9004,0,14.833333,445
11.7,351,24,9005,0,14.866667,446
11.733334,352,24,9006,0,14.9,447
11.766666,353,24,9007,0,14.933333,448
11.8,354,24,9008,0,14.966666,449
11.833333,355,24,9009,0,15.0,450
11.866667,356,24,9010,0,15.033334,451
11.9,357,24,9011,0,15.066667,452
11.933333,358,24,9012,0,15.1,453
11.966666,359,24,9013,0,15.133333,454
12.0,360,24,9014,0,15.166667,455
12.033334,361,24,9015,0,15.233334,457
12.066667,362,24,9016,0,15.266666,458
12.1,363,24,9017,0,15.3,459
12.133333,364,24,9018,0,15.333333,460
12.166667,365,24,9019,0,15.366667,461
12.2,366,24,9020,0,15.4,462
12.233334,367,24,9021,0,15.433333,463
12.266666,368,24,9022,0,15.466666,464
12.3,369,24,9023,0,15.5,465
12.333333,370,24,9024,0,15.533334,466
12.366667,371,24,9025,0,15.566667,467
12.4,372,24,9026,0,15.6,468
12.433333,373,24,9027,0,15.633333,469
0.0,0,25,9028,0,0.0,0
0.033333335,1,25,9029,0,2.5333333,76
0.06666667,2,25,9030,0,2.5666666,77
0.1,3,25,9031,0,2.6333334,79
0.13333334,4,25,9032,0,2.6666667,80
0.16666667,5,25,9033,0,2.7,81
0.2,6,25,9034,0,2.7333333,82
0.23333333,7,25,9035,0,2.7666667,83
0.26666668,8,25,9036,0,2.8333333,85
0.3,9,25,9037,0,2.8666666,86
0.33333334,10,25,9038,0,2.9,87
0.36666667,11,25,9039,0,2.9666667,89
0.4,12,25,9040,0,3.0,90
0.43333334,13,25,9041,0,3.0333333,91
0.46666667,14,25,9042,0,3.0666666,92
0.5,15,25,9043,0,3.1333334,94
0.53333336,16,25,9044,0,3.1666667,95
0.56666666,17,25,9045,0,3.2,96
0.6,18,25,9046,0,3.2333333,97
0.6333333,19,25,9047,0,3.2666667,98
0.6666667,20,25,9048,0,3.3,99
0.7,21,25,9049,0,3.3333333,100
0.73333335,22,25,9050,0,3.3666666,101
0.76666665,23,25,9051,0,3.4,102
0.8,24,25,9052,0,3.4333334,103
0.8333333,25,25,9053,0,3.4666667,104
0.8666667,26,25,9054,0,3.5,105
0.9,27,25,9055,0,3.5333333,106
0.93333334,28,25,9056,0,3.5666666,107
0.96666664,29,25,9057,0,3.6,108
1.0,30,25,9058,0,3.6333334,109
1.0333333,31,25,9059,0,3.6666667,110
1.0666667,32,25,9060,0,3.7,111
1.1,33,25,9061,0,3.7333333,112
1.1333333,34,25,9062,0,3.7666667,113
1.1666666,35,25,9063,0,3.8,114
1.2,36,25,9064,0,3.8333333,115
1.2333333,37,25,9065,0,3.8666666,116
1.2666667,38,25,9066,0,3.9,117
1.3,39,25,9067,0,3.9333334,118
1.3333334,40,25,9068,0,3.9666667,119
1.3666667,41,25,9069,0,4.0,120
1.4,42,25,9070,0,4.0333333,121
1.4333333,43,25,9071,0,4.0666666,122
1.4666667,44,25,9072,0,4.1,123
1.5,45,25,9073,0,4.133333,124
1.5333333,46,25,9074,0,4.1666665,125
1.5666667,47,25,9075,0,4.2,126
1.6,48,25,9076,0,4.233333,127
1.6333333,49,25,9077,0,4.266667,128
1.6666666,50,25,9078,0,4.3,129
1.7,51,25,9079,0,4.3333335,130
1.7333333,52,25,9080,0,4.366667,131
1.7666667,53,25,9081,0,4.4,132
1.8,54,25,9082,0,4.4333334,133
1.8333334,55,25,9083,0,4.4666667,134
1.8666667,56,25,9084,0,4.5,135
1.9,57,25,9085,0,4.5333333,136
1.9333333,58,25,9086,0,4.5666666,137
1.9666667,59,25,9087,0,4.6,138
2.0,60,25,9088,0,4.633333,139
2.0333333,61,25,9089,0,4.6666665,140
2.0666666,62,25,9090,0,4.7,141
2.1,63,25,9091,0,4.733333,142
2.1333334,64,25,9092,0,4.766667,143
2.1666667,65,25,9093,0,4.8,144
2.2,66,25,9094,0,4.8333335,145
2.2333333,67,25,9095,0,4.866667,146
2.2666667,68,25,9096,0,4.9,147
2.3,69,25,9097,0,4.9333334,148
2.3333333,70,25,9098,0,4.9666667,149
2.3666666,71,25,9099,0,5.0,150
2.4,72,25,9100,0,5.0333333,151
2.4333334,73,25,9101,0,5.0666666,152
2.4666667,74,25,9102,0,5.1,153
2.5,75,25,9103,0,5.133333,154
2.5333333,76,25,9104,0,5.1666665,155
2.5666666,77,25,9105,0,5.2,156
2.6,78,25,9106,0,5.233333,157
2.6333334,79,25,9107,0,5.266667,158
2.6666667,80,25,9108,0,5.3,159
2.7,81,25,9109,0,5.3333335,160
2.7333333,82,25,9110,0,5.366667,161
2.7666667,83,25,9111,0,5.4,162
2.8,84,25,9112,0,5.4333334,163
2.8333333,85,25,9113,0,5.4666667,164
2.8666666,86,25,9114,0,5.5,165
2.9,87,25,9115,0,5.5333333,166
2.9333334,88,25,9116,0,5.5666666,167
2.9666667,89,25,9117,0,5.6,168
3.0,90,25,9118,0,5.633333,169
3.0333333,91,25,9119,0,5.6666665,170
3.0666666,92,25,9120,0,5.7,171
3.1,93,25,9121,0,5.733333,172
3.1333334,94,25,9122,0,5.766667,173
3.1666667,95,25,9123,0,5.8,174
3.2,96,25,9124,0,5.8333335,175
3.2333333,97,25,9125,0,5.866667,176
3.2666667,98,25,9126,0,5.9,177
3.3,99,25,9127,0,5.9333334,178
3.3333333,100,25,9128,0,5.9666667,179
3.3666666,101,25,9129,0,6.0,180
3.4,102,25,9130,0,6.0333333,181
3.4333334,103,25,9131,0,6.0666666,182
3.4666667,104,25,9132,0,6.1,183
3.5,105,25,9133,0,6.133333,184
3.5333333,106,25,9134,0,6.1666665,185
3.5666666,107,25,9135,0,6.2,186
3.6,108,25,9136,0,6.233333,187
3.6333334,109,25,9137,0,6.266667,188
3.6666667,110,25,9138,0,6.3,189
3.7,111,25,9139,0,6.3333335,190
3.7333333,112,25,9140,0,6.366667,191
3.7666667,113,25,9141,0,6.4,192
3.8,114,25,9142,0,6.4333334,193
3.8333333,115,25,9143,0,6.4666667,194
3.8666666,116,25,9144,0,6.5,195
3.9,117,25,9145,0,6.5333333,196
3.9333334,118,25,9146,0,6.5666666,197
3.9666667,119,25,9147,0,6.6,198
4.0,120,25,9148,0,6.633333,199
4.0333333,121,25,9149,0,6.6666665,200
4.0666666,122,25,9150,0,6.7,201
4.1,123,25,9151,0,6.733333,202
4.133333,124,25,9152,0,6.766667,203
4.1666665,125,25,9153,0,6.8,204
4.2,126,25,9154,0,6.8333335,205
4.233333,127,25,9155,0,6.866667,206
4.266667,128,25,9156,0,6.9,207
4.3,129,25,9157,0,6.9333334,208
4.3333335,130,25,9158,0,6.9666667,209
4.366667,131,25,9159,0,7.0,210
4.4,132,25,9160,0,7.0333333,211
4.4333334,133,25,9161,0,7.0666666,212
4.4666667,134,25,9162,0,7.1,213
4.5,135,25,9163,0,7.133333,214
4.5333333,136,25,9164,0,7.1666665,215
4.5666666,137,25,9165,0,7.2,216
4.6,138,25,9166,0,7.233333,217
4.633333,139,25,9167,0,7.266667,218
4.6666665,140,25,9168,0,7.3,219
4.7,141,25,9169,0,7.3333335,220
4.733333,142,25,9170,0,7.366667,221
4.766667,143,25,9171,0,7.4,222
4.8,144,25,9172,0,7.4333334,223
4.8333335,145,25,9173,0,7.4666667,224
4.866667,146,25,9174,0,7.5,225
4.9,147,25,9175,0,7.5333333,226
4.9333334,148,25,9176,0,7.5666666,227
4.9666667,149,25,9177,0,7.6,228
5.0,150,25,9178,0,7.633333,229
5.0333333,151,25,9179,0,7.6666665,230
5.0666666,152,25,9180,0,7.7,231
5.1,153,25,9181,0,7.733333,232
5.133333,154,25,9182,0,7.766667,233
5.1666665,155,25,9183,0,7.8,234
5.2,156,25,9184,0,7.8333335,235
5.233333,157,25,9185,0,7.866667,236
5.266667,158,25,9186,0,7.9,237
5.3,159,25,9187,0,7.9333334,238
5.3333335,160,25,9188,0,7.9666667,239
5.366667,161,25,9189,0,8.0,240
5.4,162,25,9190,0,8.033334,241
5.4333334,163,25,9191,0,8.066667,242
5.4666667,164,25,9192,0,8.1,243
5.5,165,25,9193,0,8.133333,244
5.5333333,166,25,9194,0,8.2,246
5.5666666,167,25,9195,0,8.233334,247
5.6,168,25,9196,0,8.266666,248
5.633333,169,25,9197,0,8.3,249
5.6666665,170,25,9198,0,8.333333,250
5.7,171,25,9199,0,8.366667,251
5.733333,172,25,9200,0,8.4,252
5.766667,173,25,9201,0,8.433333,253
5.8,174,25,9202,0,8.466666,254
5.8333335,175,25,9203,0,8.5,255
5.866667,176,25,9204,0,8.533334,256
5.9,177,25,9205,0,8.566667,257
5.9333334,178,25,9206,0,8.6,258
5.9666667,179,25,9207,0,8.633333,259
6.0,180,25,9208,0,8.666667,260
6.0333333,181,25,9209,0,8.7,261
6.0666666,182,25,9210,0,8.733334,262
6.1,183,25,9211,0,8.766666,263
6.133333,184,25,9212,0,8.8,264
6.1666665,185,25,9213,0,8.833333,265
6.2,186,25,9214,0,8.866667,266
6.233333,187,25,9215,0,8.9,267
6.266667,188,25,9216,0,8.933333,268
6.3,189,25,9217,0,8.966666,269
6.3333335,190,25,9218,0,9.0,270
6.366667,191,25,9219,0,9.033334,271
6.4,192,25,9220,0,9.066667,272
6.4333334,193,25,9221,0,9.1,273
6.4666667,194,25,9222,0,9.133333,274
6.5,195,25,9223,0,9.166667,275
6.5333333,196,25,9224,0,9.2,276
6.5666666,197,25,9225,0,9.233334,277
6.6,198,25,9226,0,9.266666,278
6.633333,199,25,9227,0,9.3,279
6.6666665,200,25,9228,0,9.333333,280
6.7,201,25,9229,0,9.366667,281
6.733333,202,25,9230,0,9.4,282
6.766667,203,25,9231,0,9.433333,283
6.8,204,25,9232,0,9.466666,284
6.8333335,205,25,9233,0,9.5,285
6.866667,206,25,9234,0,9.533334,286
6.9,207,25,9235,0,9.566667,287
6.9333334,208,25,9236,0,9.6,288
6.9666667,209,25,9237,0,9.633333,289
7.0,210,25,9238,0,9.666667,290
7.0333333,211,25,9239,0,9.7,291
7.0666666,212,25,9240,0,9.733334,292
7.1,213,25,9241,0,9.766666,293
7.133333,214,25,9242,0,9.8,294
7.1666665,215,25,9243,0,9.833333,295
7.2,216,25,9244,0,9.866667,296
7.233333,217,25,9245,0,9.9,297
7.266667,218,25,9246,0,9.933333,298
7.3,219,25,9247,0,9.966666,299
7.3333335,220,25,9248,0,10.0,300
7.366667,221,25,9249,0,10.033334,301
7.4,222,25,9250,0,10.066667,302
7.4333334,223,25,9251,0,10.1,303
7.4666667,224,25,9252,0,10.133333,304
7.5,225,25,9253,0,10.166667,305
7.5333333,226,25,9254,0,10.2,306
7.5666666,227,25,9255,0,10.233334,307
7.6,228,25,9256,0,10.266666,308
7.633333,229,25,9257,0,10.3,309
7.6666665,230,25,9258,0,10.333333,310
7.7,231,25,9259,0,10.366667,311
7.733333,232,25,9260,0,10.4,312
7.766667,233,25,9261,0,10.433333,313
7.8,234,25,9262,0,10.466666,314
7.8333335,235,25,9263,0,10.5,315
7.866667,236,25,9264,0,10.533334,316
7.9,237,25,9265,0,10.566667,317
7.9333334,238,25,9266,0,10.6,318
7.9666667,239,25,9267,0,10.633333,319
8.0,240,25,9268,0,10.666667,320
8.033334,241,25,9269,0,10.7,321
8.066667,242,25,9270,0,10.733334,322
8.1,243,25,9271,0,10.766666,323
8.133333,244,25,9272,0,10.8,324
8.166667,245,25,9273,0,10.833333,325
8.2,246,25,9274,0,10.866667,326
8.233334,247,25,9275,0,10.9,327
8.266666,248,25,9276,0,10.933333,328
8.3,249,25,9277,0,10.966666,329
8.333333,250,25,9278,0,11.0,330
8.366667,251,25,9279,0,11.033334,331
8.4,252,25,9280,0,11.066667,332
8.433333,253,25,9281,0,11.1,333
8.466666,254,25,9282,0,11.133333,334
8.5,255,25,9283,0,11.166667,335
8.533334,256,25,9284,0,11.2,336
8.566667,257,25,9285,0,11.233334,337
8.6,258,25,9286,0,11.266666,338
8.633333,259,25,9287,0,11.3,339
8.666667,260,25,9288,0,11.333333,340
8.7,261,25,9289,0,11.366667,341
8.733334,262,25,9290,0,11.4,342
8.766666,263,25,9291,0,11.433333,343
8.8,264,25,9292,0,11.466666,344
8.833333,265,25,9293,0,11.5,345
8.866667,266,25,9294,0,11.533334,346
8.9,267,25,9295,0,11.566667,347
8.933333,268,25,9296,0,11.6,348
8.966666,269,25,9297,0,11.633333,349
9.0,270,25,9298,0,11.666667,350
9.033334,271,25,9299,0,11.7,351
9.066667,272,25,9300,0,11.733334,352
9.1,273,25,9301,0,11.766666,353
9.133333,274,25,9302,0,11.8,354
9.166667,275,25,9303,0,11.833333,355
9.2,276,25,9304,0,11.866667,356
9.233334,277,25,9305,0,11.9,357
9.266666,278,25,9306,0,11.933333,358
9.3,279,25,9307,0,11.966666,359
9.333333,280,25,9308,0,12.0,360
9.366667,281,25,9309,0,12.033334,361
9.4,282,25,9310,0,12.066667,362
9.433333,283,25,9311,0,12.1,363
9.466666,284,25,9312,0,12.133333,364
9.5,285,25,9313,0,12.166667,365
9.533334,286,25,9314,0,12.2,366
9.566667,287,25,9315,0,12.233334,367
9.6,288,25,9316,0,12.266666,368
9.633333,289,25,9317,0,12.3,369
9.666667,290,25,9318,0,12.333333,370
9.7,291,25,9319,0,12.366667,371
9.733334,292,25,9320,0,12.4,372
9.766666,293,25,9321,0,12.433333,373
9.8,294,25,9322,0,12.466666,374
9.833333,295,25,9323,0,12.5,375
9.866667,296,25,9324,0,12.533334,376
9.9,297,25,9325,0,12.566667,377
9.933333,298,25,9326,0,12.6,378
9.966666,299,25,9327,0,12.633333,379
10.0,300,25,9328,0,12.666667,380
10.033334,301,25,9329,0,12.7,381
10.066667,302,25,9330,0,12.733334,382
10.1,303,25,9331,0,12.766666,383
10.133333,304,25,9332,0,12.8,384
10.166667,305,25,9333,0,12.833333,385
10.2,306,25,9334,0,12.866667,386
10.233334,307,25,9335,0,12.9,387
10.266666,308,25,9336,0,12.933333,388
10.3,309,25,9337,0,12.966666,389
10.333333,310,25,9338,0,13.0,390
10.366667,311,25,9339,0,13.033334,391
10.4,312,25,9340,0,13.066667,392
10.433333,313,25,9341,0,13.1,393
10.466666,314,25,9342,0,13.133333,394
10.5,315,25,9343,0,13.166667,395
10.533334,316,25,9344,0,13.2,396
10.566667,317,25,9345,0,13.233334,397
10.6,318,25,9346,0,13.266666,398
10.633333,319,25,9347,0,13.3,399
10.666667,320,25,9348,0,13.333333,400
10.7,321,25,9349,0,13.366667,401
10.733334,322,25,9350,0,13.4,402
10.766666,323,25,9351,0,13.433333,403
10.8,324,25,9352,0,13.466666,404
10.833333,325,25,9353,0,13.5,405
10.866667,326,25,9354,0,13.533334,406
10.9,327,25,9355,0,13.566667,407
10.933333,328,25,9356,0,13.6,408
10.966666,329,25,9357,0,13.633333,409
11.0,330,25,9358,0,13.666667,410
11.033334,331,25,9359,0,13.7,411
11.066667,332,25,9360,0,13.733334,412
11.1,333,25,9361,0,13.766666,413
11.133333,334,25,9362,0,13.8,414
11.166667,335,25,9363,0,13.833333,415
11.2,336,25,9364,0,13.866667,416
11.233334,337,25,9365,0,13.9,417
11.266666,338,25,9366,0,13.933333,418
11.3,339,25,9367,0,13.966666,419
11.333333,340,25,9368,0,14.0,420
11.366667,341,25,9369,0,14.033334,421
11.4,342,25,9370,0,14.066667,422
11.433333,343,25,9371,0,14.1,423
11.466666,344,25,9372,0,14.133333,424
11.5,345,25,9373,0,14.166667,425
11.533334,346,25,9374,0,14.2,426
11.566667,347,25,9375,0,14.233334,427
11.6,348,25,9376,0,14.266666,428
11.633333,349,25,9377,0,14.3,429
11.666667,350,25,9378,0,14.333333,430
11.7,351,25,9379,0,14.366667,431
11.733334,352,25,9380,0,14.4,432
11.766666,353,25,9381,0,14.433333,433
11.8,354,25,9382,0,14.466666,434
11.833333,355,25,9383,0,14.5,435
11.866667,356,25,9384,0,14.533334,436
11.9,357,25,9385,0,14.566667,437
11.933333,358,25,9386,0,14.6,438
11.966666,359,25,9387,0,14.633333,439
12.0,360,25,9388,0,14.666667,440
12.033334,361,25,9389,0,14.7,441
12.066667,362,25,9390,0,14.733334,442
12.1,363,25,9391,0,14.766666,443
12.133333,364,25,9392,0,14.8,444
12.166667,365,25,9393,0,14.833333,445
12.2,366,25,9394,0,14.866667,446
12.233334,367,25,9395,0,14.9,447
12.266666,368,25,9396,0,14.933333,448
12.3,369,25,9397,0,14.966666,449
12.333333,370,25,9398,0,15.0,450
12.366667,371,25,9399,0,15.033334,451
12.4,372,25,9400,0,15.066667,452
12.433333,373,25,9401,0,15.1,453
0.0,0,26,9402,0,0.0,0
0.033333335,1,26,9403,0,1.9,57
0.06666667,2,26,9404,0,1.9333333,58
0.1,3,26,9405,0,2.0,60
0.13333334,4,26,9406,0,2.0333333,61
0.16666667,5,26,9407,0,2.0666666,62
0.2,6,26,9408,0,2.1333334,64
0.23333333,7,26,9409,0,2.1666667,65
0.26666668,8,26,9410,0,2.2,66
0.3,9,26,9411,0,2.2333333,67
0.33333334,10,26,9412,0,2.2666667,68
0.36666667,11,26,9413,0,2.3,69
0.4,12,26,9414,0,2.3333333,70
0.43333334,13,26,9415,0,2.3666666,71
0.46666667,14,26,9416,0,2.4,72
0.5,15,26,9417,0,2.4333334,73
0.53333336,16,26,9418,0,2.4666667,74
0.56666666,17,26,9419,0,2.5,75
0.6,18,26,9420,0,2.5333333,76
0.6333333,19,26,9421,0,2.5666666,77
0.6666667,20,26,9422,0,2.6,78
0.7,21,26,9423,0,2.6333334,79
0.73333335,22,26,9424,0,2.6666667,80
0.76666665,23,26,9425,0,2.7,81
0.8,24,26,9426,0,2.7333333,82
0.8333333,25,26,9427,0,2.7666667,83
0.8666667,26,26,9428,0,2.8,84
0.9,27,26,9429,0,2.8333333,85
0.93333334,28,26,9430,0,2.8666666,86
0.96666664,29,26,9431,0,2.9,87
1.0,30,26,9432,0,2.9333334,88
1.0333333,31,26,9433,0,2.9666667,89
1.0666667,32,26,9434,0,3.0,90
1.1,33,26,9435,0,3.0333333,91
1.1333333,34,26,9436,0,3.0666666,92
1.1666666,35,26,9437,0,3.1,93
1.2,36,26,9438,0,3.1333334,94
1.2333333,37,26,9439,0,3.1666667,95
1.2666667,38,26,9440,0,3.2,96
1.3,39,26,9441,0,3.2333333,97
1.3333334,40,26,9442,0,3.2666667,98
1.3666667,41,26,9443,0,3.3,99
1.4,42,26,9444,0,3.3333333,100
1.4333333,43,26,9445,0,3.3666666,101
1.4666667,44,26,9446,0,3.4,102
1.5,45,26,9447,0,3.4333334,103
1.5333333,46,26,9448,0,3.4666667,104
1.5666667,47,26,9449,0,3.5,105
1.6,48,26,9450,0,3.5333333,106
1.6333333,49,26,9451,0,3.5666666,107
1.6666666,50,26,9452,0,3.6,108
1.7,51,26,9453,0,3.6333334,109
1.7333333,52,26,9454,0,3.6666667,110
1.7666667,53,26,9455,0,3.7,111
1.8,54,26,9456,0,3.7333333,112
1.8333334,55,26,9457,0,3.7666667,113
1.8666667,56,26,9458,0,3.8,114
1.9,57,26,9459,0,3.8333333,115
1.9333333,58,26,9460,0,3.8666666,116
1.9666667,59,26,9461,0,3.9,117
2.0,60,26,9462,0,3.9333334,118
2.0333333,61,26,9463,0,3.9666667,119
2.0666666,62,26,9464,0,4.0,120
2.1,63,26,9465,0,4.0333333,121
2.1333334,64,26,9466,0,4.0666666,122
2.1666667,65,26,9467,0,4.1,123
2.2,66,26,9468,0,4.133333,124
2.2333333,67,26,9469,0,4.1666665,125
2.2666667,68,26,9470,0,4.2,126
2.3,69,26,9471,0,4.233333,127
2.3333333,70,26,9472,0,4.266667,128
2.3666666,71,26,9473,0,4.3,129
2.4,72,26,9474,0,4.3333335,130
2.4333334,73,26,9475,0,4.366667,131
2.4666667,74,26,9476,0,4.4,132
2.5,75,26,9477,0,4.4333334,133
2.5333333,76,26,9478,0,4.4666667,134
2.5666666,77,26,9479,0,4.5,135
2.6,78,26,9480,0,4.5333333,136
2.6333334,79,26,9481,0,4.5666666,137
2.6666667,80,26,9482,0,4.6,138
2.7,81,26,9483,0,4.633333,139
2.7333333,82,26,9484,0,4.6666665,140
2.7666667,83,26,9485,0,4.7,141
2.8,84,26,9486,0,4.733333,142
2.8333333,85,26,9487,0,4.766667,143
2.8666666,86,26,9488,0,4.8,144
2.9,87,26,9489,0,4.8333335,145
2.9333334,88,26,9490,0,4.866667,146
2.9666667,89,26,9491,0,4.9,147
3.0,90,26,9492,0,4.9333334,148
3.0333333,91,26,9493,0,4.9666667,149
3.0666666,92,26,9494,0,5.0,150
3.1,93,26,9495,0,5.0333333,151
3.1333334,94,26,9496,0,5.0666666,152
3.1666667,95,26,9497,0,5.1,153
3.2,96,26,9498,0,5.133333,154
3.2333333,97,26,9499,0,5.1666665,155
3.2666667,98,26,9500,0,5.2,156
3.3,99,26,9501,0,5.233333,157
3.3333333,100,26,9502,0,5.266667,158
3.3666666,101,26,9503,0,5.3,159
3.4,102,26,9504,0,5.3333335,160
3.4333334,103,26,9505,0,5.366667,161
3.4666667,104,26,9506,0,5.4,162
3.5,105,26,9507,0,5.4333334,163
3.5333333,106,26,9508,0,5.4666667,164
3.5666666,107,26,9509,0,5.5,165
3.6,108,26,9510,0,5.5333333,166
3.6333334,109,26,9511,0,5.5666666,167
3.6666667,110,26,9512,0,5.6,168
3.7,111,26,9513,0,5.633333,169
3.7333333,112,26,9514,0,5.6666665,170
3.7666667,113,26,9515,0,5.7,171
3.8,114,26,9516,0,5.733333,172
3.8333333,115,26,9517,0,5.766667,173
3.8666666,116,26,9518,0,5.8,174
3.9,117,26,9519,0,5.8333335,175
3.9333334,118,26,9520,0,5.866667,176
3.9666667,119,26,9521,0,5.9,177
4.0,120,26,9522,0,5.9333334,178
4.0333333,121,26,9523,0,5.9666667,179
4.0666666,122,26,9524,0,6.0,180
4.1,123,26,9525,0,6.0333333,181
4.133333,124,26,9526,0,6.0666666,182
4.1666665,125,26,9527,0,6.1,183
4.2,126,26,9528,0,6.133333,184
4.233333,127,26,9529,0,6.1666665,185
4.266667,128,26,9530,0,6.2,186
4.3,129,26,9531,0,6.233333,187
4.3333335,130,26,9532,0,6.266667,188
4.366667,131,26,9533,0,6.3,189
4.4,132,26,9534,0,6.3333335,190
4.4333334,133,26,9535,0,6.366667,191
4.4666667,134,26,9536,0,6.4,192
4.5,135,26,9537,0,6.4333334,193
4.5333333,136,26,9538,0,6.4666667,194
4.5666666,137,26,9539,0,6.5,195
4.6,138,26,9540,0,6.5333333,196
4.633333,139,26,9541,0,6.5666666,197
4.6666665,140,26,9542,0,6.6,198
4.7,141,26,9543,0,6.633333,199
4.733333,142,26,9544,0,6.6666665,200
4.766667,143,26,9545,0,6.7,201
4.8,144,26,9546,0,6.733333,202
4.8333335,145,26,9547,0,6.766667,203
4.866667,146,26,9548,0,6.8,204
4.9,147,26,9549,0,6.8333335,205
4.9333334,148,26,9550,0,6.866667,206
4.9666667,149,26,9551,0,6.9,207
5.0,150,26,9552,0,6.9333334,208
5.0333333,151,26,9553,0,6.9666667,209
5.0666666,152,26,9554,0,7.0,210
5.1,153,26,9555,0,7.0333333,211
5.133333,154,26,9556,0,7.0666666,212
5.1666665,155,26,9557,0,7.1,213
5.2,156,26,9558,0,7.133333,214
5.233333,157,26,9559,0,7.1666665,215
5.266667,158,26,9560,0,7.2,216
5.3,159,26,9561,0,7.233333,217
5.3333335,160,26,9562,0,7.266667,218
5.366667,161,26,9563,0,7.3,219
5.4,162,26,9564,0,7.3333335,220
5.4333334,163,26,9565,0,7.366667,221
5.4666667,164,26,9566,0,7.4,222
5.5,165,26,9567,0,7.4333334,223
5.5333333,166,26,9568,0,7.4666667,224
5.5666666,167,26,9569,0,7.5,225
5.6,168,26,9570,0,7.5333333,226
5.633333,169,26,9571,0,7.5666666,227
5.6666665,170,26,9572,0,7.6,228
5.7,171,26,9573,0,7.633333,229
5.733333,172,26,9574,0,7.6666665,230
5.766667,173,26,9575,0,7.7,231
5.8,174,26,9576,0,7.733333,232
5.8333335,175,26,9577,0,7.766667,233
5.866667,176,26,9578,0,7.8,234
5.9,177,26,9579,0,7.8333335,235
5.9333334,178,26,9580,0,7.866667,236
5.9666667,179,26,9581,0,7.9,237
6.0,180,26,9582,0,7.9333334,238
6.0333333,181,26,9583,0,7.9666667,239
6.0666666,182,26,9584,0,8.0,240
6.1,183,26,9585,0,8.033334,241
6.133333,184,26,9586,0,8.066667,242
6.1666665,185,26,9587,0,8.1,243
6.2,186,26,9588,0,8.133333,244
6.233333,187,26,9589,0,8.166667,245
6.266667,188,26,9590,0,8.2,246
6.3,189,26,9591,0,8.233334,247
6.3333335,190,26,9592,0,8.266666,248
6.366667,191,26,9593,0,8.3,249
6.4,192,26,9594,0,8.333333,250
6.4333334,193,26,9595,0,8.366667,251
6.4666667,194,26,9596,0,8.4,252
6.5,195,26,9597,0,8.433333,253
6.5333333,196,26,9598,0,8.466666,254
6.5666666,197,26,9599,0,8.5,255
6.6,198,26,9600,0,8.533334,256
6.633333,199,26,9601,0,8.566667,257
6.6666665,200,26,9602,0,8.6,258
6.7,201,26,9603,0,8.633333,259
6.733333,202,26,9604,0,8.666667,260
6.766667,203,26,9605,0,8.7,261
6.8,204,26,9606,0,8.733334,262
6.8333335,205,26,9607,0,8.766666,263
6.866667,206,26,9608,0,8.8,264
6.9,207,26,9609,0,8.833333,265
6.9333334,208,26,9610,0,8.866667,266
6.9666667,209,26,9611,0,8.9,267
7.0,210,26,9612,0,8.933333,268
7.0333333,211,26,9613,0,8.966666,269
7.0666666,212,26,9614,0,9.0,270
7.1,213,26,9615,0,9.033334,271
7.133333,214,26,9616,0,9.066667,272
7.1666665,215,26,9617,0,9.1,273
7.2,216,26,9618,0,9.133333,274
7.233333,217,26,9619,0,9.166667,275
7.266667,218,26,9620,0,9.2,276
7.3,219,26,9621,0,9.233334,277
7.3333335,220,26,9622,0,9.266666,278
7.366667,221,26,9623,0,9.3,279
7.4,222,26,9624,0,9.333333,280
7.4333334,223,26,9625,0,9.366667,281
7.4666667,224,26,9626,0,9.4,282
7.5,225,26,9627,0,9.433333,283
7.5333333,226,26,9628,0,9.466666,284
7.5666666,227,26,9629,0,9.5,285
7.6,228,26,9630,0,9.533334,286
7.633333,229,26,9631,0,9.566667,287
7.6666665,230,26,9632,0,9.6,288
7.7,231,26,9633,0,9.633333,289
7.733333,232,26,9634,0,9.666667,290
7.766667,233,26,9635,0,9.7,291
7.8,234,26,9636,0,9.733334,292
7.8333335,235,26,9637,0,9.766666,293
7.866667,236,26,9638,0,9.8,294
7.9,237,26,9639,0,9.833333,295
7.9333334,238,26,9640,0,9.866667,296
7.9666667,239,26,9641,0,9.9,297
8.0,240,26,9642,0,9.933333,298
8.033334,241,26,9643,0,9.966666,299
8.066667,242,26,9644,0,10.0,300
8.1,243,26,9645,0,10.033334,301
8.133333,244,26,9646,0,10.066667,302
8.166667,245,26,9647,0,10.1,303
8.2,246,26,9648,0,10.133333,304
8.233334,247,26,9649,0,10.166667,305
8.266666,248,26,9650,0,10.2,306
8.3,249,26,9651,0,10.233334,307
8.333333,250,26,9652,0,10.266666,308
8.366667,251,26,9653,0,10.3,309
8.4,252,26,9654,0,10.333333,310
8.433333,253,26,9655,0,10.366667,311
8.466666,254,26,9656,0,10.4,312
8.5,255,26,9657,0,10.433333,313
8.533334,256,26,9658,0,10.466666,314
8.566667,257,26,9659,0,10.5,315
8.6,258,26,9660,0,10.533334,316
8.633333,259,26,9661,0,10.566667,317
8.666667,260,26,9662,0,10.6,318
8.7,261,26,9663,0,10.633333,319
8.733334,262,26,9664,0,10.666667,320
8.766666,263,26,9665,0,10.7,321
8.8,264,26,9666,0,10.733334,322
8.833333,265,26,9667,0,10.766666,323
8.866667,266,26,9668,0,10.8,324
8.9,267,26,9669,0,10.833333,325
8.933333,268,26,9670,0,10.866667,326
8.966666,269,26,9671,0,10.9,327
9.0,270,26,9672,0,10.933333,328
9.033334,271,26,9673,0,10.966666,329
9.066667,272,26,9674,0,11.0,330
9.1,273,26,9675,0,11.033334,331
9.133333,274,26,9676,0,11.066667,332
9.166667,275,26,9677,0,11.1,333
9.2,276,26,9678,0,11.133333,334
9.233334,277,26,9679,0,11.166667,335
9.266666,278,26,9680,0,11.2,336
9.3,279,26,9681,0,11.233334,337
9.333333,280,26,9682,0,11.266666,338
9.366667,281,26,9683,0,11.3,339
9.4,282,26,9684,0,11.333333,340
9.433333,283,26,9685,0,11.366667,341
9.466666,284,26,9686,0,11.4,342
9.5,285,26,9687,0,11.433333,343
9.533334,286,26,9688,0,11.466666,344
9.566667,287,26,9689,0,11.5,345
9.6,288,26,9690,0,11.533334,346
9.633333,289,26,9691,0,11.566667,347
9.666667,290,26,9692,0,11.6,348
9.7,291,26,9693,0,11.633333,349
9.733334,292,26,9694,0,11.666667,350
9.766666,293,26,9695,0,11.7,351
9.8,294,26,9696,0,11.733334,352
9.833333,295,26,9697,0,11.766666,353
9.866667,296,26,9698,0,11.8,354
9.9,297,26,9699,0,11.833333,355
9.933333,298,26,9700,0,11.866667,356
9.966666,299,26,9701,0,11.9,357
10.0,300,26,9702,0,11.933333,358
10.033334,301,26,9703,0,11.966666,359
10.066667,302,26,9704,0,12.0,360
10.1,303,26,9705,0,12.033334,361
10.133333,304,26,9706,0,12.066667,362
10.166667,305,26,9707,0,12.1,363
10.2,306,26,9708,0,12.133333,364
10.233334,307,26,9709,0,12.166667,365
10.266666,308,26,9710,0,12.2,366
10.3,309,26,9711,0,12.233334,367
10.333333,310,26,9712,0,12.266666,368
10.366667,311,26,9713,0,12.3,369
10.4,312,26,9714,0,12.333333,370
10.433333,313,26,9715,0,12.366667,371
10.466666,314,26,9716,0,12.4,372
10.5,315,26,9717,0,12.433333,373
10.533334,316,26,9718,0,12.466666,374
10.566667,317,26,9719,0,12.5,375
10.6,318,26,9720,0,12.6,378
10.633333,319,26,9721,0,12.633333,379
10.666667,320,26,9722,0,12.666667,380
10.7,321,26,9723,0,12.7,381
10.733334,322,26,9724,0,12.733334,382
10.766666,323,26,9725,0,12.766666,383
10.8,324,26,9726,0,12.8,384
10.833333,325,26,9727,0,12.833333,385
10.866667,326,26,9728,0,12.866667,386
10.9,327,26,9729,0,12.9,387
10.933333,328,26,9730,0,12.933333,388
10.966666,329,26,9731,0,12.966666,389
11.0,330,26,9732,0,13.033334,391
0.0,0,27,9733,0,0.0,0
0.033333335,1,27,9734,0,4.8333335,145
0.06666667,2,27,9735,0,4.866667,146
0.1,3,27,9736,0,4.9666667,149
0.13333334,4,27,9737,0,5.0,150
0.16666667,5,27,9738,0,5.0333333,151
0.2,6,27,9739,0,5.0666666,152
0.23333333,7,27,9740,0,5.133333,154
0.26666668,8,27,9741,0,5.2,156
0.3,9,27,9742,0,5.266667,158
0.33333334,10,27,9743,0,5.3,159
0.36666667,11,27,9744,0,5.3333335,160
0.4,12,27,9745,0,5.366667,161
0.43333334,13,27,9746,0,5.4,162
0.46666667,14,27,9747,0,5.4333334,163
0.5,15,27,9748,0,5.4666667,164
0.53333336,16,27,9749,0,5.5,165
0.56666666,17,27,9750,0,5.5333333,166
0.6,18,27,9751,0,5.5666666,167
0.6333333,19,27,9752,0,5.6,168
0.6666667,20,27,9753,0,5.633333,169
0.7,21,27,9754,0,5.6666665,170
0.73333335,22,27,9755,0,5.7,171
0.76666665,23,27,9756,0,5.733333,172
0.8,24,27,9757,0,5.766667,173
0.8333333,25,27,9758,0,5.8,174
0.8666667,26,27,9759,0,5.8333335,175
0.9,27,27,9760,0,5.866667,176
0.93333334,28,27,9761,0,5.9,177
0.96666664,29,27,9762,0,5.9333334,178
1.0,30,27,9763,0,5.9666667,179
1.0333333,31,27,9764,0,6.0,180
1.0666667,32,27,9765,0,6.0333333,181
1.1,33,27,9766,0,6.0666666,182
1.1333333,34,27,9767,0,6.1,183
1.1666666,35,27,9768,0,6.133333,184
1.2,36,27,9769,0,6.1666665,185
1.2333333,37,27,9770,0,6.2,186
1.2666667,38,27,9771,0,6.233333,187
1.3,39,27,9772,0,6.266667,188
1.3333334,40,27,9773,0,6.3,189
1.3666667,41,27,9774,0,6.3333335,190
1.4,42,27,9775,0,6.366667,191
1.4333333,43,27,9776,0,6.4,192
1.4666667,44,27,9777,0,6.4333334,193
1.5,45,27,9778,0,6.4666667,194
1.5333333,46,27,9779,0,6.5,195
1.5666667,47,27,9780,0,6.5333333,196
1.6,48,27,9781,0,6.5666666,197
1.6333333,49,27,9782,0,6.6,198
1.6666666,50,27,9783,0,6.633333,199
1.7,51,27,9784,0,6.6666665,200
1.7333333,52,27,9785,0,6.7,201
1.7666667,53,27,9786,0,6.733333,202
1.8,54,27,9787,0,6.766667,203
1.8333334,55,27,9788,0,6.8,204
1.8666667,56,27,9789,0,6.8333335,205
1.9,57,27,9790,0,6.866667,206
1.9333333,58,27,9791,0,6.9,207
1.9666667,59,27,9792,0,6.9333334,208
2.0,60,27,9793,0,6.9666667,209
2.0333333,61,27,9794,0,7.0,210
2.0666666,62,27,9795,0,7.0333333,211
2.1,63,27,9796,0,7.0666666,212
2.1333334,64,27,9797,0,7.1,213
2.1666667,65,27,9798,0,7.133333,214
2.2,66,27,9799,0,7.1666665,215
2.2333333,67,27,9800,0,7.2,216
2.2666667,68,27,9801,0,7.233333,217
2.3,69,27,9802,0,7.266667,218
2.3333333,70,27,9803,0,7.3,219
2.3666666,71,27,9804,0,7.3333335,220
2.4,72,27,9805,0,7.366667,221
2.4333334,73,27,9806,0,7.4,222
2.4666667,74,27,9807,0,7.4333334,223
2.5,75,27,9808,0,7.4666667,224
2.5333333,76,27,9809,0,7.5,225
2.5666666,77,27,9810,0,7.5333333,226
2.6,78,27,9811,0,7.5666666,227
2.6333334,79,27,9812,0,7.6,228
2.6666667,80,27,9813,0,7.633333,229
2.7,81,27,9814,0,7.6666665,230
2.7333333,82,27,9815,0,7.7,231
2.7666667,83,27,9816,0,7.733333,232
2.8,84,27,9817,0,7.766667,233
2.8333333,85,27,9818,0,7.8,234
2.8666666,86,27,9819,0,7.8333335,235
2.9,87,27,9820,0,7.866667,236
2.9333334,88,27,9821,0,7.9,237
2.9666667,89,27,9822,0,7.9333334,238
3.0,90,27,9823,0,7.9666667,239
3.0333333,91,27,9824,0,8.0,240
3.0666666,92,27,9825,0,8.033334,241
3.1,93,27,9826,0,8.066667,242
3.1333334,94,27,9827,0,8.1,243
3.1666667,95,27,9828,0,8.133333,244
3.2,96,27,9829,0,8.166667,245
3.2333333,97,27,9830,0,8.2,246
3.2666667,98,27,9831,0,8.233334,247
3.3,99,27,9832,0,8.266666,248
3.3333333,100,27,9833,0,8.3,249
3.3666666,101,27,9834,0,8.333333,250
3.4,102,27,9835,0,8.366667,251
3.4333334,103,27,9836,0,8.4,252
3.4666667,104,27,9837,0,8.433333,253
3.5,105,27,9838,0,8.466666,254
3.5333333,106,27,9839,0,8.5,255
3.5666666,107,27,9840,0,8.533334,256
3.6,108,27,9841,0,8.566667,257
3.6333334,109,27,9842,0,8.6,258
3.6666667,110,27,9843,0,8.633333,259
3.7,111,27,9844,0,8.666667,260
3.7333333,112,27,9845,0,8.7,261
3.7666667,113,27,9846,0,8.733334,262
3.8,114,27,9847,0,8.766666,263
3.8333333,115,27,9848,0,8.8,264
3.8666666,116,27,9849,0,8.833333,265
3.9,117,27,9850,0,8.866667,266
3.9333334,118,27,9851,0,8.9,267
3.9666667,119,27,9852,0,8.933333,268
4.0,120,27,9853,0,8.966666,269
4.0333333,121,27,9854,0,9.0,270
4.0666666,122,27,9855,0,9.033334,271
4.1,123,27,9856,0,9.066667,272
4.133333,124,27,9857,0,9.1,273
4.1666665,125,27,9858,0,9.133333,274
4.2,126,27,9859,0,9.166667,275
4.233333,127,27,9860,0,9.2,276
4.266667,128,27,9861,0,9.233334,277
4.3,129,27,9862,0,9.266666,278
4.3333335,130,27,9863,0,9.3,279
4.366667,131,27,9864,0,9.333333,280
4.4,132,27,9865,0,9.366667,281
4.4333334,133,27,9866,0,9.4,282
4.4666667,134,27,9867,0,9.433333,283
4.5,135,27,9868,0,9.466666,284
4.5333333,136,27,9869,0,9.5,285
4.5666666,137,27,9870,0,9.533334,286
4.6,138,27,9871,0,9.566667,287
4.633333,139,27,9872,0,9.6,288
4.6666665,140,27,9873,0,9.633333,289
4.7,141,27,9874,0,9.666667,290
4.733333,142,27,9875,0,9.7,291
4.766667,143,27,9876,0,9.733334,292
4.8,144,27,9877,0,9.766666,293
4.8333335,145,27,9878,0,9.8,294
4.866667,146,27,9879,0,9.833333,295
4.9,147,27,9880,0,9.866667,296
4.9333334,148,27,9881,0,9.9,297
4.9666667,149,27,9882,0,9.933333,298
5.0,150,27,9883,0,9.966666,299
5.0333333,151,27,9884,0,10.0,300
5.0666666,152,27,9885,0,10.033334,301
5.1,153,27,9886,0,10.066667,302
5.133333,154,27,9887,0,10.1,303
5.1666665,155,27,9888,0,10.133333,304
5.2,156,27,9889,0,10.166667,305
5.233333,157,27,9890,0,10.2,306
5.266667,158,27,9891,0,10.233334,307
5.3,159,27,9892,0,10.266666,308
5.3333335,160,27,9893,0,10.3,309
5.366667,161,27,9894,0,10.333333,310
5.4,162,27,9895,0,10.366667,311
5.4333334,163,27,9896,0,10.4,312
5.4666667,164,27,9897,0,10.433333,313
5.5,165,27,9898,0,10.466666,314
5.5333333,166,27,9899,0,10.5,315
5.5666666,167,27,9900,0,10.533334,316
5.6,168,27,9901,0,10.566667,317
5.633333,169,27,9902,0,10.6,318
5.6666665,170,27,9903,0,10.633333,319
5.7,171,27,9904,0,10.666667,320
5.733333,172,27,9905,0,10.7,321
5.766667,173,27,9906,0,10.733334,322
5.8,174,27,9907,0,10.766666,323
5.8333335,175,27,9908,0,10.8,324
5.866667,176,27,9909,0,10.833333,325
5.9,177,27,9910,0,10.866667,326
5.9333334,178,27,9911,0,10.9,327
5.9666667,179,27,9912,0,10.933333,328
6.0,180,27,9913,0,10.966666,329
6.0333333,181,27,9914,0,11.0,330
6.0666666,182,27,9915,0,11.033334,331
6.1,183,27,9916,0,11.066667,332
6.133333,184,27,9917,0,11.1,333
6.1666665,185,27,9918,0,11.133333,334
6.2,186,27,9919,0,11.166667,335
6.233333,187,27,9920,0,11.2,336
6.266667,188,27,9921,0,11.233334,337
6.3,189,27,9922,0,11.266666,338
6.3333335,190,27,9923,0,11.3,339
6.366667,191,27,9924,0,11.333333,340
6.4,192,27,9925,0,11.366667,341
6.4333334,193,27,9926,0,11.4,342
6.4666667,194,27,9927,0,11.433333,343
6.5,195,27,9928,0,11.466666,344
6.5333333,196,27,9929,0,11.5,345
6.5666666,197,27,9930,0,11.533334,346
6.6,198,27,9931,0,11.566667,347
6.633333,199,27,9932,0,11.6,348
6.6666665,200,27,9933,0,11.633333,349
6.7,201,27,9934,0,11.666667,350
6.733333,202,27,9935,0,11.7,351
6.766667,203,27,9936,0,11.733334,352
6.8,204,27,9937,0,11.766666,353
6.8333335,205,27,9938,0,11.8,354
6.866667,206,27,9939,0,11.833333,355
6.9,207,27,9940,0,11.866667,356
6.9333334,208,27,9941,0,11.9,357
6.9666667,209,27,9942,0,11.933333,358
7.0,210,27,9943,0,11.966666,359
7.0333333,211,27,9944,0,12.0,360
7.0666666,212,27,9945,0,12.033334,361
7.1,213,27,9946,0,12.066667,362
7.133333,214,27,9947,0,12.1,363
7.1666665,215,27,9948,0,12.133333,364
7.2,216,27,9949,0,12.166667,365
7.233333,217,27,9950,0,12.2,366
7.266667,218,27,9951,0,12.233334,367
7.3,219,27,9952,0,12.266666,368
7.3333335,220,27,9953,0,12.3,369
7.366667,221,27,9954,0,12.333333,370
7.4,222,27,9955,0,12.366667,371
7.4333334,223,27,9956,0,12.4,372
7.4666667,224,27,9957,0,12.433333,373
7.5,225,27,9958,0,12.466666,374
7.5333333,226,27,9959,0,12.5,375
7.5666666,227,27,9960,0,12.533334,376
7.6,228,27,9961,0,12.566667,377
7.633333,229,27,9962,0,12.6,378
7.6666665,230,27,9963,0,12.633333,379
7.7,231,27,9964,0,12.666667,380
7.733333,232,27,9965,0,12.7,381
7.766667,233,27,9966,0,12.733334,382
7.8,234,27,9967,0,12.766666,383
7.8333335,235,27,9968,0,12.8,384
7.866667,236,27,9969,0,12.833333,385
7.9,237,27,9970,0,12.866667,386
7.9333334,238,27,9971,0,12.9,387
7.9666667,239,27,9972,0,12.933333,388
8.0,240,27,9973,0,12.966666,389
8.033334,241,27,9974,0,13.0,390
8.066667,242,27,9975,0,13.033334,391
8.1,243,27,9976,0,13.066667,392
8.133333,244,27,9977,0,13.1,393
8.166667,245,27,9978,0,13.133333,394
8.2,246,27,9979,0,13.166667,395
8.233334,247,27,9980,0,13.2,396
8.266666,248,27,9981,0,13.233334,397
8.3,249,27,9982,0,13.266666,398
8.333333,250,27,9983,0,13.3,399
8.366667,251,27,9984,0,13.333333,400
8.4,252,27,9985,0,13.366667,401
8.433333,253,27,9986,0,13.4,402
8.466666,254,27,9987,0,13.433333,403
8.5,255,27,9988,0,13.466666,404
8.533334,256,27,9989,0,13.5,405
8.566667,257,27,9990,0,13.533334,406
8.6,258,27,9991,0,13.566667,407
8.633333,259,27,9992,0,13.6,408
8.666667,260,27,9993,0,13.633333,409
8.7,261,27,9994,0,13.666667,410
8.733334,262,27,9995,0,13.7,411
8.766666,263,27,9996,0,13.733334,412
8.8,264,27,9997,0,13.766666,413
8.833333,265,27,9998,0,13.8,414
8.866667,266,27,9999,0,13.833333,415
8.9,267,27,10000,0,13.866667,416
8.933333,268,27,10001,0,13.9,417
8.966666,269,27,10002,0,13.933333,418
9.0,270,27,10003,0,13.966666,419
9.033334,271,27,10004,0,14.0,420
9.066667,272,27,10005,0,14.033334,421
9.1,273,27,10006,0,14.066667,422
9.133333,274,27,10007,0,14.1,423
9.166667,275,27,10008,0,14.133333,424
9.2,276,27,10009,0,14.166667,425
9.233334,277,27,10010,0,14.2,426
9.266666,278,27,10011,0,14.233334,427
9.3,279,27,10012,0,14.266666,428
9.333333,280,27,10013,0,14.3,429
9.366667,281,27,10014,0,14.333333,430
9.4,282,27,10015,0,14.366667,431
9.433333,283,27,10016,0,14.4,432
9.466666,284,27,10017,0,14.433333,433
9.5,285,27,10018,0,14.466666,434
9.533334,286,27,10019,0,14.5,435
9.566667,287,27,10020,0,14.533334,436
9.6,288,27,10021,0,14.566667,437
9.633333,289,27,10022,0,14.6,438
9.666667,290,27,10023,0,14.633333,439
9.7,291,27,10024,0,14.666667,440
9.733334,292,27,10025,0,14.7,441
9.766666,293,27,10026,0,14.733334,442
9.8,294,27,10027,0,14.766666,443
9.833333,295,27,10028,0,14.8,444
9.866667,296,27,10029,0,14.833333,445
9.9,297,27,10030,0,14.866667,446
9.933333,298,27,10031,0,14.9,447
9.966666,299,27,10032,0,14.933333,448
10.0,300,27,10033,0,14.966666,449
10.033334,301,27,10034,0,15.0,450
10.066667,302,27,10035,0,15.033334,451
10.1,303,27,10036,0,15.066667,452
10.133333,304,27,10037,0,15.1,453
10.166667,305,27,10038,0,15.133333,454
10.2,306,27,10039,0,15.166667,455
10.233334,307,27,10040,0,15.2,456
10.266666,308,27,10041,0,15.233334,457
10.3,309,27,10042,0,15.266666,458
10.333333,310,27,10043,0,15.3,459
10.366667,311,27,10044,0,15.333333,460
10.4,312,27,10045,0,15.366667,461
10.433333,313,27,10046,0,15.4,462
10.466666,314,27,10047,0,15.433333,463
10.5,315,27,10048,0,15.466666,464
10.533334,316,27,10049,0,15.5,465
10.566667,317,27,10050,0,15.633333,469
10.6,318,27,10051,0,15.7,471
0.0,0,28,10052,0,0.0,0
0.033333335,1,28,10053,0,1.9666667,59
0.06666667,2,28,10054,0,2.0,60
0.1,3,28,10055,0,2.0333333,61
0.13333334,4,28,10056,0,2.1666667,65
0.16666667,5,28,10057,0,2.2333333,67
0.2,6,28,10058,0,2.2666667,68
0.23333333,7,28,10059,0,2.3,69
0.26666668,8,28,10060,0,2.3333333,70
0.3,9,28,10061,0,2.3666666,71
0.33333334,10,28,10062,0,2.4,72
0.36666667,11,28,10063,0,2.4333334,73
0.4,12,28,10064,0,2.4666667,74
0.43333334,13,28,10065,0,2.5,75
0.46666667,14,28,10066,0,2.5333333,76
0.5,15,28,10067,0,2.5666666,77
0.53333336,16,28,10068,0,2.6,78
0.56666666,17,28,10069,0,2.6333334,79
0.6,18,28,10070,0,2.6666667,80
0.6333333,19,28,10071,0,2.7,81
0.6666667,20,28,10072,0,2.7333333,82
0.7,21,28,10073,0,2.7666667,83
0.73333335,22,28,10074,0,2.8,84
0.76666665,23,28,10075,0,2.8333333,85
0.8,24,28,10076,0,2.8666666,86
0.8333333,25,28,10077,0,2.9,87
0.8666667,26,28,10078,0,2.9333334,88
0.9,27,28,10079,0,2.9666667,89
0.93333334,28,28,10080,0,3.0,90
0.96666664,29,28,10081,0,3.0333333,91
1.0,30,28,10082,0,3.0666666,92
1.0333333,31,28,10083,0,3.1,93
1.0666667,32,28,10084,0,3.1333334,94
1.1,33,28,10085,0,3.1666667,95
1.1333333,34,28,10086,0,3.2,96
1.1666666,35,28,10087,0,3.2333333,97
1.2,36,28,10088,0,3.2666667,98
1.2333333,37,28,10089,0,3.3,99
1.2666667,38,28,10090,0,3.3333333,100
1.3,39,28,10091,0,3.3666666,101
1.3333334,40,28,10092,0,3.4,102
1.3666667,41,28,10093,0,3.4333334,103
1.4,42,28,10094,0,3.4666667,104
1.4333333,43,28,10095,0,3.5,105
1.4666667,44,28,10096,0,3.5333333,106
1.5,45,28,10097,0,3.5666666,107
1.5333333,46,28,10098,0,3.6,108
1.5666667,47,28,10099,0,3.6333334,109
1.6,48,28,10100,0,3.6666667,110
1.6333333,49,28,10101,0,3.7,111
1.6666666,50,28,10102,0,3.7333333,112
1.7,51,28,10103,0,3.7666667,113
1.7333333,52,28,10104,0,3.8,114
1.7666667,53,28,10105,0,3.8333333,115
1.8,54,28,10106,0,3.8666666,116
1.8333334,55,28,10107,0,3.9,117
1.8666667,56,28,10108,0,3.9333334,118
1.9,57,28,10109,0,3.9666667,119
1.9333333,58,28,10110,0,4.0,120
1.9666667,59,28,10111,0,4.0333333,121
2.0,60,28,10112,0,4.0666666,122
2.0333333,61,28,10113,0,4.1,123
2.0666666,62,28,10114,0,4.133333,124
2.1,63,28,10115,0,4.1666665,125
2.1333334,64,28,10116,0,4.2,126
2.1666667,65,28,10117,0,4.233333,127
2.2,66,28,10118,0,4.266667,128
2.2333333,67,28,10119,0,4.3,129
2.2666667,68,28,10120,0,4.3333335,130
2.3,69,28,10121,0,4.366667,131
2.3333333,70,28,10122,0,4.4,132
2.3666666,71,28,10123,0,4.4333334,133
2.4,72,28,10124,0,4.4666667,134
2.4333334,73,28,10125,0,4.5,135
2.4666667,74,28,10126,0,4.5333333,136
2.5,75,28,10127,0,4.5666666,137
2.5333333,76,28,10128,0,4.6,138
2.5666666,77,28,10129,0,4.633333,139
2.6,78,28,10130,0,4.6666665,140
2.6333334,79,28,10131,0,4.7,141
2.6666667,80,28,10132,0,4.733333,142
2.7,81,28,10133,0,4.766667,143
2.7333333,82,28,10134,0,4.8,144
2.7666667,83,28,10135,0,4.8333335,145
2.8,84,28,10136,0,4.866667,146
2.8333333,85,28,10137,0,4.9,147
2.8666666,86,28,10138,0,4.9333334,148
2.9,87,28,10139,0,4.9666667,149
2.9333334,88,28,10140,0,5.0,150
2.9666667,89,28,10141,0,5.0333333,151
3.0,90,28,10142,0,5.0666666,152
3.0333333,91,28,10143,0,5.1,153
3.0666666,92,28,10144,0,5.133333,154
3.1,93,28,10145,0,5.1666665,155
3.1333334,94,28,10146,0,5.2,156
3.1666667,95,28,10147,0,5.233333,157
3.2,96,28,10148,0,5.266667,158
3.2333333,97,28,10149,0,5.3,159
3.2666667,98,28,10150,0,5.3333335,160
3.3,99,28,10151,0,5.366667,161
3.3333333,100,28,10152,0,5.4,162
3.3666666,101,28,10153,0,5.4333334,163
3.4,102,28,10154,0,5.4666667,164
3.4333334,103,28,10155,0,5.5,165
3.4666667,104,28,10156,0,5.5333333,166
3.5,105,28,10157,0,5.5666666,167
3.5333333,106,28,10158,0,5.6,168
3.5666666,107,28,10159,0,5.633333,169
3.6,108,28,10160,0,5.6666665,170
3.6333334,109,28,10161,0,5.7,171
3.6666667,110,28,10162,0,5.733333,172
3.7,111,28,10163,0,5.766667,173
3.7333333,112,28,10164,0,5.8,174
3.7666667,113,28,10165,0,5.8333335,175
3.8,114,28,10166,0,5.866667,176
3.8333333,115,28,10167,0,5.9,177
3.8666666,116,28,10168,0,5.9333334,178
3.9,117,28,10169,0,5.9666667,179
3.9333334,118,28,10170,0,6.0,180
3.9666667,119,28,10171,0,6.0333333,181
4.0,120,28,10172,0,6.0666666,182
4.0333333,121,28,10173,0,6.1,183
4.0666666,122,28,10174,0,6.133333,184
4.1,123,28,10175,0,6.1666665,185
4.133333,124,28,10176,0,6.2,186
4.1666665,125,28,10177,0,6.233333,187
4.2,126,28,10178,0,6.266667,188
4.233333,127,28,10179,0,6.3,189
4.266667,128,28,10180,0,6.3333335,190
4.3,129,28,10181,0,6.366667,191
4.3333335,130,28,10182,0,6.4,192
4.366667,131,28,10183,0,6.4333334,193
4.4,132,28,10184,0,6.4666667,194
4.4333334,133,28,10185,0,6.5,195
4.4666667,134,28,10186,0,6.5333333,196
4.5,135,28,10187,0,6.5666666,197
4.5333333,136,28,10188,0,6.6,198
4.5666666,137,28,10189,0,6.633333,199
4.6,138,28,10190,0,6.6666665,200
4.633333,139,28,10191,0,6.7,201
4.6666665,140,28,10192,0,6.733333,202
4.7,141,28,10193,0,6.766667,203
4.733333,142,28,10194,0,6.8,204
4.766667,143,28,10195,0,6.8333335,205
4.8,144,28,10196,0,6.866667,206
4.8333335,145,28,10197,0,6.9,207
4.866667,146,28,10198,0,6.9333334,208
4.9,147,28,10199,0,6.9666667,209
4.9333334,148,28,10200,0,7.0,210
4.9666667,149,28,10201,0,7.0333333,211
5.0,150,28,10202,0,7.0666666,212
5.0333333,151,28,10203,0,7.1,213
5.0666666,152,28,10204,0,7.133333,214
5.1,153,28,10205,0,7.1666665,215
5.133333,154,28,10206,0,7.2,216
5.1666665,155,28,10207,0,7.233333,217
5.2,156,28,10208,0,7.266667,218
5.233333,157,28,10209,0,7.3,219
5.266667,158,28,10210,0,7.3333335,220
5.3,159,28,10211,0,7.366667,221
5.3333335,160,28,10212,0,7.4,222
5.366667,161,28,10213,0,7.4333334,223
5.4,162,28,10214,0,7.4666667,224
5.4333334,163,28,10215,0,7.5,225
5.4666667,164,28,10216,0,7.5333333,226
5.5,165,28,10217,0,7.5666666,227
5.5333333,166,28,10218,0,7.6,228
5.5666666,167,28,10219,0,7.633333,229
5.6,168,28,10220,0,7.6666665,230
5.633333,169,28,10221,0,7.7,231
5.6666665,170,28,10222,0,7.733333,232
5.7,171,28,10223,0,7.766667,233
5.733333,172,28,10224,0,7.8,234
5.766667,173,28,10225,0,7.8333335,235
5.8,174,28,10226,0,7.866667,236
5.8333335,175,28,10227,0,7.9,237
5.866667,176,28,10228,0,7.9333334,238
5.9,177,28,10229,0,7.9666667,239
5.9333334,178,28,10230,0,8.0,240
5.9666667,179,28,10231,0,8.033334,241
6.0,180,28,10232,0,8.066667,242
6.0333333,181,28,10233,0,8.1,243
6.0666666,182,28,10234,0,8.133333,244
6.1,183,28,10235,0,8.166667,245
6.133333,184,28,10236,0,8.2,246
6.1666665,185,28,10237,0,8.233334,247
6.2,186,28,10238,0,8.266666,248
6.233333,187,28,10239,0,8.3,249
6.266667,188,28,10240,0,8.333333,250
6.3,189,28,10241,0,8.366667,251
6.3333335,190,28,10242,0,8.4,252
6.366667,191,28,10243,0,8.433333,253
6.4,192,28,10244,0,8.466666,254
6.4333334,193,28,10245,0,8.5,255
6.4666667,194,28,10246,0,8.533334,256
6.5,195,28,10247,0,8.566667,257
6.5333333,196,28,10248,0,8.6,258
6.5666666,197,28,10249,0,8.633333,259
6.6,198,28,10250,0,8.666667,260
6.633333,199,28,10251,0,8.7,261
6.6666665,200,28,10252,0,8.733334,262
6.7,201,28,10253,0,8.766666,263
6.733333,202,28,10254,0,8.8,264
6.766667,203,28,10255,0,8.833333,265
6.8,204,28,10256,0,8.866667,266
6.8333335,205,28,10257,0,8.9,267
6.866667,206,28,10258,0,8.933333,268
6.9,207,28,10259,0,8.966666,269
6.9333334,208,28,10260,0,9.0,270
6.9666667,209,28,10261,0,9.033334,271
7.0,210,28,10262,0,9.066667,272
7.0333333,211,28,10263,0,9.1,273
7.0666666,212,28,10264,0,9.133333,274
7.1,213,28,10265,0,9.166667,275
7.133333,214,28,10266,0,9.2,276
7.1666665,215,28,10267,0,9.233334,277
7.2,216,28,10268,0,9.266666,278
7.233333,217,28,10269,0,9.3,279
7.266667,218,28,10270,0,9.333333,280
7.3,219,28,10271,0,9.366667,281
7.3333335,220,28,10272,0,9.4,282
7.366667,221,28,10273,0,9.433333,283
7.4,222,28,10274,0,9.466666,284
7.4333334,223,28,10275,0,9.5,285
7.4666667,224,28,10276,0,9.533334,286
7.5,225,28,10277,0,9.566667,287
7.5333333,226,28,10278,0,9.6,288
7.5666666,227,28,10279,0,9.633333,289
7.6,228,28,10280,0,9.666667,290
7.633333,229,28,10281,0,9.7,291
7.6666665,230,28,10282,0,9.733334,292
7.7,231,28,10283,0,9.766666,293
7.733333,232,28,10284,0,9.8,294
7.766667,233,28,10285,0,9.833333,295
7.8,234,28,10286,0,9.866667,296
7.8333335,235,28,10287,0,9.9,297
7.866667,236,28,10288,0,9.933333,298
7.9,237,28,10289,0,9.966666,299
7.9333334,238,28,10290,0,10.0,300
7.9666667,239,28,10291,0,10.033334,301
8.0,240,28,10292,0,10.066667,302
8.033334,241,28,10293,0,10.1,303
8.066667,242,28,10294,0,10.133333,304
8.1,243,28,10295,0,10.166667,305
8.133333,244,28,10296,0,10.2,306
8.166667,245,28,10297,0,10.233334,307
8.2,246,28,10298,0,10.266666,308
8.233334,247,28,10299,0,10.3,309
8.266666,248,28,10300,0,10.333333,310
8.3,249,28,10301,0,10.366667,311
8.333333,250,28,10302,0,10.4,312
8.366667,251,28,10303,0,10.433333,313
8.4,252,28,10304,0,10.466666,314
8.433333,253,28,10305,0,10.5,315
8.466666,254,28,10306,0,10.533334,316
8.5,255,28,10307,0,10.566667,317
8.533334,256,28,10308,0,10.6,318
8.566667,257,28,10309,0,10.633333,319
8.6,258,28,10310,0,10.666667,320
8.633333,259,28,10311,0,10.7,321
8.666667,260,28,10312,0,10.733334,322
8.7,261,28,10313,0,10.766666,323
8.733334,262,28,10314,0,10.8,324
8.766666,263,28,10315,0,10.833333,325
8.8,264,28,10316,0,10.866667,326
8.833333,265,28,10317,0,10.9,327
8.866667,266,28,10318,0,10.933333,328
8.9,267,28,10319,0,10.966666,329
8.933333,268,28,10320,0,11.0,330
8.966666,269,28,10321,0,11.033334,331
9.0,270,28,10322,0,11.066667,332
9.033334,271,28,10323,0,11.1,333
9.066667,272,28,10324,0,11.133333,334
9.1,273,28,10325,0,11.166667,335
9.133333,274,28,10326,0,11.2,336
9.166667,275,28,10327,0,11.233334,337
9.2,276,28,10328,0,11.266666,338
9.233334,277,28,10329,0,11.3,339
9.266666,278,28,10330,0,11.333333,340
9.3,279,28,10331,0,11.366667,341
9.333333,280,28,10332,0,11.4,342
9.366667,281,28,10333,0,11.433333,343
9.4,282,28,10334,0,11.466666,344
9.433333,283,28,10335,0,11.5,345
9.466666,284,28,10336,0,11.533334,346
9.5,285,28,10337,0,11.566667,347
9.533334,286,28,10338,0,11.6,348
9.566667,287,28,10339,0,11.633333,349
9.6,288,28,10340,0,11.666667,350
9.633333,289,28,10341,0,11.7,351
9.666667,290,28,10342,0,11.733334,352
9.7,291,28,10343,0,11.766666,353
9.733334,292,28,10344,0,11.8,354
9.766666,293,28,10345,0,11.833333,355
9.8,294,28,10346,0,11.866667,356
9.833333,295,28,10347,0,11.9,357
9.866667,296,28,10348,0,11.933333,358
9.9,297,28,10349,0,11.966666,359
9.933333,298,28,10350,0,12.0,360
9.966666,299,28,10351,0,12.033334,361
10.0,300,28,10352,0,12.066667,362
10.033334,301,28,10353,0,12.1,363
10.066667,302,28,10354,0,12.133333,364
10.1,303,28,10355,0,12.166667,365
10.133333,304,28,10356,0,12.2,366
10.166667,305,28,10357,0,12.233334,367
10.2,306,28,10358,0,12.266666,368
10.233334,307,28,10359,0,12.3,369
10.266666,308,28,10360,0,12.333333,370
10.3,309,28,10361,0,12.366667,371
10.333333,310,28,10362,0,12.4,372
10.366667,311,28,10363,0,12.433333,373
10.4,312,28,10364,0,12.466666,374
10.433333,313,28,10365,0,12.5,375
10.466666,314,28,10366,0,12.533334,376
10.5,315,28,10367,0,12.566667,377
10.533334,316,28,10368,0,12.6,378
10.566667,317,28,10369,0,12.633333,379
10.6,318,28,10370,0,12.666667,380
10.633333,319,28,10371,0,12.7,381
10.666667,320,28,10372,0,12.733334,382
10.7,321,28,10373,0,12.766666,383
10.733334,322,28,10374,0,12.8,384
10.766666,323,28,10375,0,12.833333,385
10.8,324,28,10376,0,12.866667,386
10.833333,325,28,10377,0,12.933333,388
10.866667,326,28,10378,0,12.966666,389
10.9,327,28,10379,0,13.0,390
10.933333,328,28,10380,0,13.033334,391
10.966666,329,28,10381,0,13.066667,392
11.0,330,28,10382,0,13.1,393
11.033334,331,28,10383,0,13.133333,394
11.066667,332,28,10384,0,13.166667,395
11.1,333,28,10385,0,13.2,396
11.133333,334,28,10386,0,13.233334,397
11.166667,335,28,10387,0,13.266666,398
11.2,336,28,10388,0,13.3,399
11.233334,337,28,10389,0,13.333333,400
11.266666,338,28,10390,0,13.366667,401
0.0,0,29,10391,0,0.0,0
0.033333335,1,29,10392,0,2.1,63
0.06666667,2,29,10393,0,2.1333334,64
0.1,3,29,10394,0,2.1666667,65
0.13333334,4,29,10395,0,2.2,66
0.16666667,5,29,10396,0,2.2333333,67
0.2,6,29,10397,0,2.2666667,68
0.23333333,7,29,10398,0,2.3,69
0.26666668,8,29,10399,0,2.3333333,70
0.3,9,29,10400,0,2.3666666,71
0.33333334,10,29,10401,0,2.4,72
0.36666667,11,29,10402,0,2.5,75
0.4,12,29,10403,0,2.5333333,76
0.43333334,13,29,10404,0,2.5666666,77
0.46666667,14,29,10405,0,2.6,78
0.5,15,29,10406,0,2.6333334,79
0.53333336,16,29,10407,0,2.6666667,80
0.56666666,17,29,10408,0,2.7,81
0.6,18,29,10409,0,2.7333333,82
0.6333333,19,29,10410,0,2.7666667,83
0.6666667,20,29,10411,0,2.8,84
0.7,21,29,10412,0,2.8333333,85
0.73333335,22,29,10413,0,2.8666666,86
0.76666665,23,29,10414,0,2.9,87
0.8,24,29,10415,0,2.9333334,88
0.8333333,25,29,10416,0,2.9666667,89
0.8666667,26,29,10417,0,3.0,90
0.9,27,29,10418,0,3.0333333,91
0.93333334,28,29,10419,0,3.0666666,92
0.96666664,29,29,10420,0,3.1,93
1.0,30,29,10421,0,3.1333334,94
1.0333333,31,29,10422,0,3.1666667,95
1.0666667,32,29,10423,0,3.2,96
1.1,33,29,10424,0,3.2333333,97
1.1333333,34,29,10425,0,3.2666667,98
1.1666666,35,29,10426,0,3.3,99
1.2,36,29,10427,0,3.3333333,100
1.2333333,37,29,10428,0,3.3666666,101
1.2666667,38,29,10429,0,3.4,102
1.3,39,29,10430,0,3.4333334,103
1.3333334,40,29,10431,0,3.4666667,104
1.3666667,41,29,10432,0,3.5,105
1.4,42,29,10433,0,3.5333333,106
1.4333333,43,29,10434,0,3.5666666,107
1.4666667,44,29,10435,0,3.6,108
1.5,45,29,10436,0,3.6333334,109
1.5333333,46,29,10437,0,3.6666667,110
1.5666667,47,29,10438,0,3.7,111
1.6,48,29,10439,0,3.7333333,112
1.6333333,49,29,10440,0,3.7666667,113
1.6666666,50,29,10441,0,3.8,114
1.7,51,29,10442,0,3.8333333,115
1.7333333,52,29,10443,0,3.8666666,116
1.7666667,53,29,10444,0,3.9,117
1.8,54,29,10445,0,3.9333334,118
1.8333334,55,29,10446,0,3.9666667,119
1.8666667,56,29,10447,0,4.0,120
1.9,57,29,10448,0,4.0333333,121
1.9333333,58,29,10449,0,4.0666666,122
1.9666667,59,29,10450,0,4.1,123
2.0,60,29,10451,0,4.133333,124
2.0333333,61,29,10452,0,4.1666665,125
2.0666666,62,29,10453,0,4.2,126
2.1,63,29,10454,0,4.233333,127
2.1333334,64,29,10455,0,4.266667,128
2.1666667,65,29,10456,0,4.3,129
2.2,66,29,10457,0,4.3333335,130
2.2333333,67,29,10458,0,4.366667,131
2.2666667,68,29,10459,0,4.4,132
2.3,69,29,10460,0,4.4333334,133
2.3333333,70,29,10461,0,4.4666667,134
2.3666666,71,29,10462,0,4.5,135
2.4,72,29,10463,0,4.5333333,136
2.4333334,73,29,10464,0,4.5666666,137
2.4666667,74,29,10465,0,4.6,138
2.5,75,29,10466,0,4.633333,139
2.5333333,76,29,10467,0,4.6666665,140
2.5666666,77,29,10468,0,4.7,141
2.6,78,29,10469,0,4.733333,142
2.6333334,79,29,10470,0,4.766667,143
2.6666667,80,29,10471,0,4.8,144
2.7,81,29,10472,0,4.8333335,145
2.7333333,82,29,10473,0,4.866667,146
2.7666667,83,29,10474,0,4.9,147
2.8,84,29,10475,0,4.9333334,148
2.8333333,85,29,10476,0,4.9666667,149
2.8666666,86,29,10477,0,5.0,150
2.9,87,29,10478,0,5.0333333,151
2.9333334,88,29,10479,0,5.0666666,152
2.9666667,89,29,10480,0,5.1,153
3.0,90,29,10481,0,5.133333,154
3.0333333,91,29,10482,0,5.1666665,155
3.0666666,92,29,10483,0,5.2,156
3.1,93,29,10484,0,5.233333,157
3.1333334,94,29,10485,0,5.266667,158
3.1666667,95,29,10486,0,5.3,159
3.2,96,29,10487,0,5.3333335,160
3.2333333,97,29,10488,0,5.366667,161
3.2666667,98,29,10489,0,5.4,162
3.3,99,29,10490,0,5.4333334,163
3.3333333,100,29,10491,0,5.4666667,164
3.3666666,101,29,10492,0,5.5,165
3.4,102,29,10493,0,5.5333333,166
3.4333334,103,29,10494,0,5.5666666,167
3.4666667,104,29,10495,0,5.6,168
3.5,105,29,10496,0,5.633333,169
3.5333333,106,29,10497,0,5.6666665,170
3.5666666,107,29,10498,0,5.7,171
3.6,108,29,10499,0,5.733333,172
3.6333334,109,29,10500,0,5.766667,173
3.6666667,110,29,10501,0,5.8,174
3.7,111,29,10502,0,5.8333335,175
3.7333333,112,29,10503,0,5.866667,176
3.7666667,113,29,10504,0,5.9,177
3.8,114,29,10505,0,5.9333334,178
3.8333333,115,29,10506,0,5.9666667,179
3.8666666,116,29,10507,0,6.0,180
3.9,117,29,10508,0,6.0333333,181
3.9333334,118,29,10509,0,6.0666666,182
3.9666667,119,29,10510,0,6.1,183
4.0,120,29,10511,0,6.133333,184
4.0333333,121,29,10512,0,6.1666665,185
4.0666666,122,29,10513,0,6.2,186
4.1,123,29,10514,0,6.233333,187
4.133333,124,29,10515,0,6.266667,188
4.1666665,125,29,10516,0,6.3,189
4.2,126,29,10517,0,6.3333335,190
4.233333,127,29,10518,0,6.366667,191
4.266667,128,29,10519,0,6.4,192
4.3,129,29,10520,0,6.4333334,193
4.3333335,130,29,10521,0,6.4666667,194
4.366667,131,29,10522,0,6.5,195
4.4,132,29,10523,0,6.5333333,196
4.4333334,133,29,10524,0,6.5666666,197
4.4666667,134,29,10525,0,6.6,198
4.5,135,29,10526,0,6.633333,199
4.5333333,136,29,10527,0,6.6666665,200
4.5666666,137,29,10528,0,6.7,201
4.6,138,29,10529,0,6.733333,202
4.633333,139,29,10530,0,6.766667,203
4.6666665,140,29,10531,0,6.8,204
4.7,141,29,10532,0,6.8333335,205
4.733333,142,29,10533,0,6.866667,206
4.766667,143,29,10534,0,6.9,207
4.8,144,29,10535,0,6.9333334,208
4.8333335,145,29,10536,0,6.9666667,209
4.866667,146,29,10537,0,7.0,210
4.9,147,29,10538,0,7.0333333,211
4.9333334,148,29,10539,0,7.0666666,212
4.9666667,149,29,10540,0,7.1,213
5.0,150,29,10541,0,7.133333,214
5.0333333,151,29,10542,0,7.1666665,215
5.0666666,152,29,10543,0,7.2,216
5.1,153,29,10544,0,7.233333,217
5.133333,154,29,10545,0,7.266667,218
5.1666665,155,29,10546,0,7.3,219
5.2,156,29,10547,0,7.3333335,220
5.233333,157,29,10548,0,7.366667,221
5.266667,158,29,10549,0,7.4,222
5.3,159,29,10550,0,7.4333334,223
5.3333335,160,29,10551,0,7.4666667,224
5.366667,161,29,10552,0,7.5,225
5.4,162,29,10553,0,7.5333333,226
5.4333334,163,29,10554,0,7.5666666,227
5.4666667,164,29,10555,0,7.6,228
5.5,165,29,10556,0,7.633333,229
5.5333333,166,29,10557,0,7.6666665,230
5.5666666,167,29,10558,0,7.7,231
5.6,168,29,10559,0,7.733333,232
5.633333,169,29,10560,0,7.766667,233
5.6666665,170,29,10561,0,7.8,234
5.7,171,29,10562,0,7.8333335,235
5.733333,172,29,10563,0,7.866667,236
5.766667,173,29,10564,0,7.9,237
5.8,174,29,10565,0,7.9333334,238
5.8333335,175,29,10566,0,7.9666667,239
5.866667,176,29,10567,0,8.0,240
5.9,177,29,10568,0,8.033334,241
5.9333334,178,29,10569,0,8.066667,242
5.9666667,179,29,10570,0,8.1,243
6.0,180,29,10571,0,8.133333,244
6.0333333,181,29,10572,0,8.166667,245
6.0666666,182,29,10573,0,8.2,246
6.1,183,29,10574,0,8.233334,247
6.133333,184,29,10575,0,8.266666,248
6.1666665,185,29,10576,0,8.3,249
6.2,186,29,10577,0,8.333333,250
6.233333,187,29,10578,0,8.366667,251
6.266667,188,29,10579,0,8.4,252
6.3,189,29,10580,0,8.433333,253
6.3333335,190,29,10581,0,8.466666,254
6.366667,191,29,10582,0,8.5,255
6.4,192,29,10583,0,8.533334,256
6.4333334,193,29,10584,0,8.566667,257
6.4666667,194,29,10585,0,8.6,258
6.5,195,29,10586,0,8.633333,259
6.5333333,196,29,10587,0,8.666667,260
6.5666666,197,29,10588,0,8.7,261
6.6,198,29,10589,0,8.733334,262
6.633333,199,29,10590,0,8.766666,263
6.6666665,200,29,10591,0,8.8,264
6.7,201,29,10592,0,8.833333,265
6.733333,202,29,10593,0,8.866667,266
6.766667,203,29,10594,0,8.9,267
6.8,204,29,10595,0,8.933333,268
6.8333335,205,29,10596,0,8.966666,269
6.866667,206,29,10597,0,9.0,270
6.9,207,29,10598,0,9.033334,271
6.9333334,208,29,10599,0,9.066667,272
6.9666667,209,29,10600,0,9.1,273
7.0,210,29,10601,0,9.133333,274
7.0333333,211,29,10602,0,9.166667,275
7.0666666,212,29,10603,0,9.2,276
7.1,213,29,10604,0,9.233334,277
7.133333,214,29,10605,0,9.266666,278
7.1666665,215,29,10606,0,9.3,279
7.2,216,29,10607,0,9.333333,280
7.233333,217,29,10608,0,9.366667,281
7.266667,218,29,10609,0,9.4,282
7.3,219,29,10610,0,9.433333,283
7.3333335,220,29,10611,0,9.466666,284
7.366667,221,29,10612,0,9.5,285
7.4,222,29,10613,0,9.533334,286
7.4333334,223,29,10614,0,9.566667,287
7.4666667,224,29,10615,0,9.6,288
7.5,225,29,10616,0,9.633333,289
7.5333333,226,29,10617,0,9.666667,290
7.5666666,227,29,10618,0,9.7,291
7.6,228,29,10619,0,9.733334,292
7.633333,229,29,10620,0,9.766666,293
7.6666665,230,29,10621,0,9.8,294
7.7,231,29,10622,0,9.833333,295
7.733333,232,29,10623,0,9.866667,296
7.766667,233,29,10624,0,9.9,297
7.8,234,29,10625,0,9.933333,298
7.8333335,235,29,10626,0,9.966666,299
7.866667,236,29,10627,0,10.0,300
7.9,237,29,10628,0,10.033334,301
7.9333334,238,29,10629,0,10.066667,302
7.9666667,239,29,10630,0,10.1,303
8.0,240,29,10631,0,10.133333,304
8.033334,241,29,10632,0,10.166667,305
8.066667,242,29,10633,0,10.2,306
8.1,243,29,10634,0,10.233334,307
8.133333,244,29,10635,0,10.266666,308
8.166667,245,29,10636,0,10.3,309
8.2,246,29,10637,0,10.333333,310
8.233334,247,29,10638,0,10.366667,311
8.266666,248,29,10639,0,10.4,312
8.3,249,29,10640,0,10.433333,313
8.333333,250,29,10641,0,10.466666,314
8.366667,251,29,10642,0,10.5,315
8.4,252,29,10643,0,10.533334,316
8.433333,253,29,10644,0,10.566667,317
8.466666,254,29,10645,0,10.6,318
8.5,255,29,10646,0,10.633333,319
8.533334,256,29,10647,0,10.666667,320
8.566667,257,29,10648,0,10.7,321
8.6,258,29,10649,0,10.733334,322
8.633333,259,29,10650,0,10.766666,323
8.666667,260,29,10651,0,10.8,324
8.7,261,29,10652,0,10.833333,325
8.733334,262,29,10653,0,10.866667,326
8.766666,263,29,10654,0,10.9,327
8.8,264,29,10655,0,10.933333,328
8.833333,265,29,10656,0,10.966666,329
8.866667,266,29,10657,0,11.0,330
8.9,267,29,10658,0,11.033334,331
8.933333,268,29,10659,0,11.066667,332
8.966666,269,29,10660,0,11.1,333
9.0,270,29,10661,0,11.133333,334
9.033334,271,29,10662,0,11.166667,335
9.066667,272,29,10663,0,11.2,336
9.1,273,29,10664,0,11.233334,337
9.133333,274,29,10665,0,11.266666,338
9.166667,275,29,10666,0,11.3,339
9.2,276,29,10667,0,11.333333,340
9.233334,277,29,10668,0,11.366667,341
9.266666,278,29,10669,0,11.4,342
9.3,279,29,10670,0,11.433333,343
9.333333,280,29,10671,0,11.466666,344
9.366667,281,29,10672,0,11.5,345
9.4,282,29,10673,0,11.533334,346
9.433333,283,29,10674,0,11.566667,347
9.466666,284,29,10675,0,11.6,348
9.5,285,29,10676,0,11.633333,349
9.533334,286,29,10677,0,11.666667,350
9.566667,287,29,10678,0,11.7,351
9.6,288,29,10679,0,11.733334,352
9.633333,289,29,10680,0,11.766666,353
9.666667,290,29,10681,0,11.8,354
9.7,291,29,10682,0,11.833333,355
9.733334,292,29,10683,0,11.866667,356
9.766666,293,29,10684,0,11.9,357
9.8,294,29,10685,0,11.933333,358
9.833333,295,29,10686,0,11.966666,359
9.866667,296,29,10687,0,12.0,360
9.9,297,29,10688,0,12.033334,361
9.933333,298,29,10689,0,12.066667,362
9.966666,299,29,10690,0,12.1,363
10.0,300,29,10691,0,12.133333,364
10.033334,301,29,10692,0,12.166667,365
10.066667,302,29,10693,0,12.2,366
10.1,303,29,10694,0,12.233334,367
10.133333,304,29,10695,0,12.266666,368
10.166667,305,29,10696,0,12.3,369
10.2,306,29,10697,0,12.333333,370
10.233334,307,29,10698,0,12.366667,371
10.266666,308,29,10699,0,12.4,372
10.3,309,29,10700,0,12.433333,373
10.333333,310,29,10701,0,12.466666,374
10.366667,311,29,10702,0,12.5,375
10.4,312,29,10703,0,12.533334,376
10.433333,313,29,10704,0,12.566667,377
10.466666,314,29,10705,0,12.6,378
10.5,315,29,10706,0,12.633333,379
10.533334,316,29,10707,0,12.666667,380
10.566667,317,29,10708,0,12.7,381
